id,dedup_key,title,source,published_at,published_at_inferred,url,summary,ticker,origin_source,guid,first_seen_at
2809,b588b3d9b65c0d4fa9d650f36207fb4e5db94967fba45ac4ba9a00f1972f4a2a,3 Cheap Tech Stocks to Buy Right Now,yahoo_rss,2026-02-06T19:05:00Z,0,https://www.fool.com/investing/2026/02/06/3-cheap-tech-stocks-to-buy-right-now/?.tsrc=rss,There are still cheap tech stocks to be found in this market.,NVDA,yahoo_rss,b8cb8f4c-2010-3c56-a8f3-611f91e82d29,2026-02-06T19:12:42Z
2499,1482cd6ae285d0c9b3bf2e33fe063cb12e628e8be8aa85abec4d6378a2cf8407,Microsoft Stock (NASDAQ:MSFT) Notches Up as Influencer Push Falters - TipRanks,TipRanks,2026-02-06T19:03:31Z,0,https://news.google.com/rss/articles/CBMimgFBVV95cUxPQ0dfM1JwZVl2aXFoUXdTaTBPV1ZsUVVIeTljamI1WDUyMzc2RXZ2Si1naGJOTHFuS3piUVJIZU5Hc0FoX1M1NzAzeUs0cGN2aHdyNE9NNnlfYUpCVkdjTzg5LTdzc3hvT2VfcWxneFU2WFBWejFia2oyTG5scTY1Y2dLbTVWSXBxSEFBeEp0aGsyS3ljV1VGWU53?oc=5,"<a href=""https://news.google.com/rss/articles/CBMimgFBVV95cUxPQ0dfM1JwZVl2aXFoUXdTaTBPV1ZsUVVIeTljamI1WDUyMzc2RXZ2Si1naGJOTHFuS3piUVJIZU5Hc0FoX1M1NzAzeUs0cGN2aHdyNE9NNnlfYUpCVkdjTzg5LTdzc3hvT2VfcWxneFU2WFBWejFia2oyTG5scTY1Y2dLbTVWSXBxSEFBeEp0aGsyS3ljV1VGWU53?oc=5"" target=""_blank"">Microsoft Stock (NASDAQ:MSFT) Notches Up as Influencer Push Falters</a>&nbsp;&nbsp;<font color=""#6f6f6f"">TipRanks</font>",MSFT,google_news_rss,CBMimgFBVV95cUxPQ0dfM1JwZVl2aXFoUXdTaTBPV1ZsUVVIeTljamI1WDUyMzc2RXZ2Si1naGJOTHFuS3piUVJIZU5Hc0FoX1M1NzAzeUs0cGN2aHdyNE9NNnlfYUpCVkdjTzg5LTdzc3hvT2VfcWxneFU2WFBWejFia2oyTG5scTY1Y2dLbTVWSXBxSEFBeEp0aGsyS3ljV1VGWU53,2026-02-06T19:12:42Z
2473,312be8522378fe6394b6f47aaa7167782873ea4ab4676ac0d980d294016fccc6,"Nvidia’s Huang: AI spending is sustainable, will continue for years",yahoo_rss,2026-02-06T19:02:15Z,0,https://finance.yahoo.com/news/nvidia-huang-ai-spending-sustainable-190215256.html?.tsrc=rss,"Investing.com -- Nvidia Corp. Chief Executive Officer Jensen Huang defended the current level of AI infrastructure spending, calling it appropriate and sustainable amid investor concerns about tech companies' capital expenditures.",MSFT,yahoo_rss,ca39ebb7-b2e4-35f5-a6d0-8486cbea3b5c,2026-02-06T19:12:42Z
2698,7fddae94d302a6e95c7c577c2bc037443bf54d8eac20b75f99c1eef02f22a29a,Coty Inc (COTY) Q2 2026 Earnings Call Highlights: Strategic Shifts and Challenges in Focus,yahoo_rss,2026-02-06T19:00:51Z,0,https://finance.yahoo.com/news/coty-inc-coty-q2-2026-190051634.html?.tsrc=rss,Coty Inc (COTY) emphasizes digital marketing and iconic brand revitalization amid market share recovery efforts.,AMZN,yahoo_rss,c5c2c0cd-1b76-38c1-83e3-9e9c4d83f33e,2026-02-06T19:12:42Z
2699,8c9197f70e168aabd0b94dacd651e51adea0ab0e488be0295d1e73d3090b1d60,"Stock market today: Dow soars 1,000 points, leading S&P 500, Nasdaq higher as Wall Street rebounds from rout",yahoo_rss,2026-02-06T18:58:14Z,0,https://finance.yahoo.com/news/live/stock-market-today-dow-soars-1000-points-leading-sp-500-nasdaq-higher-as-wall-street-rebounds-from-rout-185814610.html?.tsrc=rss,Wall Street is weighing whether the AI fears behind the recent tech-driven sell-off were exaggerated.,AMZN,yahoo_rss,f852e476-423f-4fd3-83df-b57e73cc9cf4,2026-02-06T19:12:42Z
2749,b7283e6a564768e7b14e598e02f328b5d02e98a39888cc2204811a64a03692a9,AMZN Stock Today: Shares Slide on $200B AI Capex Plan – February 6 - Meyka,Meyka,2026-02-06T18:54:14Z,0,https://news.google.com/rss/articles/CBMilgFBVV95cUxPRzV5RDVmOEpRRm9FVldfYXhReFN5NGRmdFNqZ0NtM3o2dWk0Y3U0ZmI5NlZHM0JiTDI5MlhSUTByNzdkMlZneFd4eHpteEFfT1p5N0U2WGdRNVRobFRCeEJfRXVzY2JEdUtBekEtVWtIRElsdEt5aTZzMmp1c19pMTVLNk5WTlVvQmlfeGlkTEU2a2JaSVE?oc=5,"<a href=""https://news.google.com/rss/articles/CBMilgFBVV95cUxPRzV5RDVmOEpRRm9FVldfYXhReFN5NGRmdFNqZ0NtM3o2dWk0Y3U0ZmI5NlZHM0JiTDI5MlhSUTByNzdkMlZneFd4eHpteEFfT1p5N0U2WGdRNVRobFRCeEJfRXVzY2JEdUtBekEtVWtIRElsdEt5aTZzMmp1c19pMTVLNk5WTlVvQmlfeGlkTEU2a2JaSVE?oc=5"" target=""_blank"">AMZN Stock Today: Shares Slide on $200B AI Capex Plan – February 6</a>&nbsp;&nbsp;<font color=""#6f6f6f"">Meyka</font>",AMZN,google_news_rss,CBMilgFBVV95cUxPRzV5RDVmOEpRRm9FVldfYXhReFN5NGRmdFNqZ0NtM3o2dWk0Y3U0ZmI5NlZHM0JiTDI5MlhSUTByNzdkMlZneFd4eHpteEFfT1p5N0U2WGdRNVRobFRCeEJfRXVzY2JEdUtBekEtVWtIRElsdEt5aTZzMmp1c19pMTVLNk5WTlVvQmlfeGlkTEU2a2JaSVE,2026-02-06T19:12:42Z
2700,5545a44f24eb8b4eca3d6fd1fe97c7789e27069ae652d1b9f0520e83bd4394cc,Technology Boosts US Equity Indexes After Midday,yahoo_rss,2026-02-06T18:50:41Z,0,https://finance.yahoo.com/news/technology-boosts-us-equity-indexes-185041376.html?.tsrc=rss,"US equity indexes rebounded Friday, with the Nasdaq Composite surging over 450 points, as semiconduc",AMZN,yahoo_rss,4b7cb33d-21a7-31b2-b615-f4877eda7855,2026-02-06T19:12:42Z
2474,aa299032bb2c15b64017001d0758b7767eb14d0bc2b3ce7c6d1e0a91572e558d,"Stock Market Today: Dow Soars 1,000 Points As Nvidia Spikes; Data Center Play Hits Buy Zone (Live Coverage)",yahoo_rss,2026-02-06T18:47:33Z,0,https://finance.yahoo.com/m/d5f6d70b-adbf-3412-b185-ebea8f943d91/stock-market-today%3A-dow-soars.html?.tsrc=rss,Stock Market Today: The major stock indexes gain positive momentum Friday afternoon. Small caps shine.,MSFT,yahoo_rss,d5f6d70b-adbf-3412-b185-ebea8f943d91,2026-02-06T19:12:42Z
2744,ebc377655d55d10fffc052b43cba2dc20b332dc7dcf0ddc3db2d91ee853fbf85,"Stock Market Today: Dow Soars 1,000 Points As Nvidia Spikes; Data Center Play Hits Buy Zone (Live Coverage) - Investor's Business Daily",Investor's Business Daily,2026-02-06T18:47:00Z,0,https://news.google.com/rss/articles/CBMiswFBVV95cUxQYlVaUmJsSi1DTTc3dHBvcDdBWE1SUUZMYnd0TE5rbDBwUzltY05WcWFEYWpJYlBGWGpzeEpKa1RmLXBLeHVpSGplb01LSXBNbWFnUjh1U2ttNXBLWnkwVEV3T2JmYkhfV01lbHkxS0F2Vzh0b0NlaXQycHpuWl9WN3JTaVdQaUstdkpuMzNOVHRSaVZpZVhpdmdVNUlHZVN2TDdPN1o3bkM0U2RHb180ZVIyYw?oc=5,"<a href=""https://news.google.com/rss/articles/CBMiswFBVV95cUxQYlVaUmJsSi1DTTc3dHBvcDdBWE1SUUZMYnd0TE5rbDBwUzltY05WcWFEYWpJYlBGWGpzeEpKa1RmLXBLeHVpSGplb01LSXBNbWFnUjh1U2ttNXBLWnkwVEV3T2JmYkhfV01lbHkxS0F2Vzh0b0NlaXQycHpuWl9WN3JTaVdQaUstdkpuMzNOVHRSaVZpZVhpdmdVNUlHZVN2TDdPN1o3bkM0U2RHb180ZVIyYw?oc=5"" target=""_blank"">Stock Market Today: Dow Soars 1,000 Points As Nvidia Spikes; Data Center Play Hits Buy Zone (Live Coverage)</a>&nbsp;&nbsp;<font color=""#6f6f6f"">Investor's Business Daily</font>",AMZN,google_news_rss,CBMiswFBVV95cUxQYlVaUmJsSi1DTTc3dHBvcDdBWE1SUUZMYnd0TE5rbDBwUzltY05WcWFEYWpJYlBGWGpzeEpKa1RmLXBLeHVpSGplb01LSXBNbWFnUjh1U2ttNXBLWnkwVEV3T2JmYkhfV01lbHkxS0F2Vzh0b0NlaXQycHpuWl9WN3JTaVdQaUstdkpuMzNOVHRSaVZpZVhpdmdVNUlHZVN2TDdPN1o3bkM0U2RHb180ZVIyYw,2026-02-06T19:12:42Z
2586,fe0e06370159f064f386a17e0a41d25f36d84c3f297ae8080f228b91918e2227,Why Aehr Test Systems Soared Higher by 13% Today,yahoo_rss,2026-02-06T18:35:52Z,0,https://www.fool.com/investing/2026/02/06/why-aehr-test-systems-soared-higher-by-13-today/?.tsrc=rss,Massive spending commitments by Amazon.com and Alphabet are lifting the AI infrastructure sector today.,GOOGL,yahoo_rss,3e325db6-aa69-3560-8987-b8337ab7de44,2026-02-06T19:12:42Z
2703,d07432e4196979e1858c1815f4828f520d58468e514daf6e80966a0836a9dc12,Nvidia Stock Was Squarely in Rally Mode on Friday. Here's Why.,yahoo_rss,2026-02-06T18:32:50Z,0,https://www.fool.com/investing/2026/02/06/nvidia-stock-was-squarely-in-rally-mode-on-friday/?.tsrc=rss,Big tech earnings highlighted incredible news for the chipmaker.,AMZN,yahoo_rss,d5d34f3b-5fbc-3b77-a4d8-11dafe63c6dc,2026-02-06T19:12:42Z
2587,d0a928710956cffdf7cd9a8ff4478210d41ff99ea3be40b22983445531249422,Trump Steps Back From Hollywood's Biggest Bidding War For Warner Bros-Netflix Media Merger: 'The Justice Department Will Handle',yahoo_rss,2026-02-06T18:31:04Z,0,https://finance.yahoo.com/news/trump-steps-back-hollywoods-biggest-183104931.html?.tsrc=rss,"President Donald Trump signaled a major shift in his administration’s approach to the media landscape on Wednesday, announcing he will not personally intervene in the blockbuster $82.7 billion merger between Netflix Inc. (NASDAQ:NFLX) and Warner Bros. Discovery Inc. (NASDAQ:WBD). Reversal Of Influence In an interview with NBC News anchor Tom Llamas, the President reversed his December stance, where he had suggested he would be “involved in that decision” due to concerns over market concentration",GOOGL,yahoo_rss,83126af6-5857-38d4-92e5-2ba1493a3fd3,2026-02-06T19:12:42Z
2624,d72fb6e80d166eceb6f2956b00f8938a11249f20913feaac86fae60469a8f03d,Amazon and Alphabet: Top AI Stocks Powering the Next Wave - Zacks Investment Research,Zacks Investment Research,2026-02-06T18:30:15Z,0,https://news.google.com/rss/articles/CBMingFBVV95cUxQV0RsbzdQdGJQT2xIUm9WbkpIcTduN2FjcHh5MDVCc1o0VWZPczJQN3Q1QW1aWGtEZl9PT1gxc01XNmZOYm5lX1M1YzFISUdTd1Z4T01HVVB0QzU5OHZRRHFsbVBKd2JzUFh2dFZONWlZUGZFVEZGSTZqSVBPSEhjT2s4Z0VwMlIyMFptSFJLOW8wcnNSVmN4OEtqM21NZw?oc=5,"<a href=""https://news.google.com/rss/articles/CBMingFBVV95cUxQV0RsbzdQdGJQT2xIUm9WbkpIcTduN2FjcHh5MDVCc1o0VWZPczJQN3Q1QW1aWGtEZl9PT1gxc01XNmZOYm5lX1M1YzFISUdTd1Z4T01HVVB0QzU5OHZRRHFsbVBKd2JzUFh2dFZONWlZUGZFVEZGSTZqSVBPSEhjT2s4Z0VwMlIyMFptSFJLOW8wcnNSVmN4OEtqM21NZw?oc=5"" target=""_blank"">Amazon and Alphabet: Top AI Stocks Powering the Next Wave</a>&nbsp;&nbsp;<font color=""#6f6f6f"">Zacks Investment Research</font>",GOOGL,google_news_rss,CBMingFBVV95cUxQV0RsbzdQdGJQT2xIUm9WbkpIcTduN2FjcHh5MDVCc1o0VWZPczJQN3Q1QW1aWGtEZl9PT1gxc01XNmZOYm5lX1M1YzFISUdTd1Z4T01HVVB0QzU5OHZRRHFsbVBKd2JzUFh2dFZONWlZUGZFVEZGSTZqSVBPSEhjT2s4Z0VwMlIyMFptSFJLOW8wcnNSVmN4OEtqM21NZw,2026-02-06T19:12:42Z
2475,a1fe9c7bd2a9200167d338de4114c67a9e8bf7fff329bfded669cba089f6c123,Nearly $240bn wiped off Amazon as Wall Street turns on AI,yahoo_rss,2026-02-06T18:27:03Z,0,https://uk.finance.yahoo.com/news/nearly-240bn-wiped-off-amazon-182703730.html?.tsrc=rss,Nearly $240bn has been wiped off the value of Amazon in a sign that investors have become anxious at the eye watering sums being spent by Wall Street on AI.,MSFT,yahoo_rss,1f3efb4f-3078-3f71-8c0a-6bf8c9ca1f05,2026-02-06T19:12:42Z
2696,f840c47d77b6867ee0d089a84546c805004b82f478d5b1d6f5fff89730910560,"AMZN’s free cash flow will go negative, GOOGL will not – analyst - Seeking Alpha",Seeking Alpha,2026-02-06T18:23:04Z,0,https://news.google.com/rss/articles/CBMioAFBVV95cUxQcy1ib1Z4Tjg2QXFsXzVXTFgtcUV3SXlmV3BDWl9yelZBb3oyTlptVnY4TnpNcW5Zbk8xTTBVVUFnZHdKWWhXTUNyckZOMDRPWmVycDFZOHczWmtENEo5XzlyUnRaWHlFTWtoUUpRMzRueFVFRGRyd0VKQnNZTkVLc1VJdUVjQnJBRUJnQk1mdDFNS1ZUWld3X1Z5V0ZycnFa?oc=5,"<a href=""https://news.google.com/rss/articles/CBMioAFBVV95cUxQcy1ib1Z4Tjg2QXFsXzVXTFgtcUV3SXlmV3BDWl9yelZBb3oyTlptVnY4TnpNcW5Zbk8xTTBVVUFnZHdKWWhXTUNyckZOMDRPWmVycDFZOHczWmtENEo5XzlyUnRaWHlFTWtoUUpRMzRueFVFRGRyd0VKQnNZTkVLc1VJdUVjQnJBRUJnQk1mdDFNS1ZUWld3X1Z5V0ZycnFa?oc=5"" target=""_blank"">AMZN’s free cash flow will go negative, GOOGL will not – analyst</a>&nbsp;&nbsp;<font color=""#6f6f6f"">Seeking Alpha</font>",GOOGL,google_news_rss,CBMioAFBVV95cUxQcy1ib1Z4Tjg2QXFsXzVXTFgtcUV3SXlmV3BDWl9yelZBb3oyTlptVnY4TnpNcW5Zbk8xTTBVVUFnZHdKWWhXTUNyckZOMDRPWmVycDFZOHczWmtENEo5XzlyUnRaWHlFTWtoUUpRMzRueFVFRGRyd0VKQnNZTkVLc1VJdUVjQnJBRUJnQk1mdDFNS1ZUWld3X1Z5V0ZycnFa,2026-02-06T19:12:42Z
2815,7a2ac2814402d9764cd4bf0b90dd75d6f544365c0408a0b8e42dbe9fdc67eef5,"Nvidia CEO Huang says AI buildout to take 7-8 years, demand ""sky high""",yahoo_rss,2026-02-06T18:19:13Z,0,https://finance.yahoo.com/news/nvidia-ceo-huang-says-ai-181913463.html?.tsrc=rss,"Investing.com -- Nvidia (NASDAQ:NVDA) CEO Jensen Huang said the massive capital expenditure on artificial intelligence is both ""appropriate"" and ""necessary"" as the industry undergoes a ""once in a generation infrastructure buildout"" that will continue for several years.",NVDA,yahoo_rss,2e70a147-7551-3b17-bdb1-a46504de0b70,2026-02-06T19:12:42Z
2589,bf7693b26e9881ab02daca982e952951a4971ab76227b550303bc2a3439bce3e,Bank of America resets Google stock forecast post-earnings,yahoo_rss,2026-02-06T18:17:00Z,0,https://www.thestreet.com/investing/stocks/bank-of-america-resets-google-stock-forecast-post-earnings?.tsrc=rss,"Bank of America didn’t exactly blink after Google-parent Alphabet’s (GOOGL) reported its Q4 2025 earnings, but it did reset the math. In a post-earnings note, BofA reiterated its Buy rating on Google stock, while keeping a $370 price target and lifting forecasts across the board. For ...",GOOGL,yahoo_rss,d043f956-e1a1-3095-9da2-2ced0359ac25,2026-02-06T19:12:42Z
2745,0e75531a384c126d6bc01336733c387b1e6267de3615313e8f36d2df71ed55ae,"Amazon’s Earnings Miss Was Small, But the Market’s Message Wasn’t - MarketBeat",MarketBeat,2026-02-06T18:16:26Z,0,https://news.google.com/rss/articles/CBMioAFBVV95cUxQemZBaU5Vb0NVajBFRjhZRGlWd0h1MlVkUTRSNTNySXF1MXVhYUs2SGtnNlNMYVFOTmV5dlhjZ21WNndMSW16NklUd2pZa0Q2Y25kVUlfLVhEcjlGUDJjMnRLOGQzMVFCT28xQWF1MVhlTVBSRzZQUnNTSTFBeWNfUkpmTGNONTlseEo0eHBBQ0xUSmtGM2syRmRYV0FBbmtN?oc=5,"<a href=""https://news.google.com/rss/articles/CBMioAFBVV95cUxQemZBaU5Vb0NVajBFRjhZRGlWd0h1MlVkUTRSNTNySXF1MXVhYUs2SGtnNlNMYVFOTmV5dlhjZ21WNndMSW16NklUd2pZa0Q2Y25kVUlfLVhEcjlGUDJjMnRLOGQzMVFCT28xQWF1MVhlTVBSRzZQUnNTSTFBeWNfUkpmTGNONTlseEo0eHBBQ0xUSmtGM2syRmRYV0FBbmtN?oc=5"" target=""_blank"">Amazon’s Earnings Miss Was Small, But the Market’s Message Wasn’t</a>&nbsp;&nbsp;<font color=""#6f6f6f"">MarketBeat</font>",AMZN,google_news_rss,CBMioAFBVV95cUxQemZBaU5Vb0NVajBFRjhZRGlWd0h1MlVkUTRSNTNySXF1MXVhYUs2SGtnNlNMYVFOTmV5dlhjZ21WNndMSW16NklUd2pZa0Q2Y25kVUlfLVhEcjlGUDJjMnRLOGQzMVFCT28xQWF1MVhlTVBSRzZQUnNTSTFBeWNfUkpmTGNONTlseEo0eHBBQ0xUSmtGM2syRmRYV0FBbmtN,2026-02-06T19:12:42Z
2476,08dfa74fb0b5e0030658ff809cc4db94135dd2c8d6c1f9fe5b8ed47c2907b1f7,Here's Why I Wouldn't Touch Applied Digital With a 10-Foot Pole,yahoo_rss,2026-02-06T18:15:00Z,0,https://www.fool.com/investing/2026/02/06/why-i-wouldnt-touch-applied-digital-corp-a-10-foot/?.tsrc=rss,There are three main issues I see.,MSFT,yahoo_rss,b3d003b9-7120-3c06-a653-88808c08be11,2026-02-06T19:12:42Z
2353,227730fdfeb4fd5a9f6704ce52f3ef78f311f6de45a5244ac4ffda24813d17bb,Corning Stock Is on Track for First Record Closing High Since 2000,yahoo_rss,2026-02-06T18:13:00Z,0,https://finance.yahoo.com/m/83746cf4-83ed-3eb7-a000-56ff95bcfe38/corning-stock-is-on-track-for.html?.tsrc=rss,"Corning  shares are on pace for a record closing high.  The stock was up 6.3% on Friday to $119.93, putting it in position to beat the record of $113.10, reached on Sept. 1, 2000, according to Dow Jones Market Data.  The company, which makes glass products for tech companies includng  Apple  announced a multiyear deal with  Meta Platforms  on Jan. 27.",AAPL,yahoo_rss,83746cf4-83ed-3eb7-a000-56ff95bcfe38,2026-02-06T19:12:42Z
2590,6fb44a9e6b83ca7a988f5a165f9bd856e73e7533c0d02dca676f59bb45a3d160,How Roblox plans to attract 30-somethings onto its gaming platform,yahoo_rss,2026-02-06T18:12:38Z,0,https://finance.yahoo.com/news/how-roblox-plans-to-attract-30-somethings-onto-its-gaming-platform-181238850.html?.tsrc=rss,"With 18-and-up users growing 50% year on year, Roblox CEO David Baszucki says self-sufficiency is the key to beating the giants.",GOOGL,yahoo_rss,1ecd226e-8072-4d54-bb67-e1381dc57fc7,2026-02-06T19:12:42Z
2591,d1d0bb4a4da28a2f7ff1abca16821b520c801e1ffad0921f50469c5bf6466f0d,Marathon Cuts $11.3 Million From Tencent Music Stake Even With Shares Up 37% in a Year,yahoo_rss,2026-02-06T18:08:17Z,0,https://www.fool.com/coverage/filings/2026/02/06/marathon-cuts-usd11-3-million-from-tencent-music-stake-even-with-shares-up-37-in-a-year/?.tsrc=rss,"Tencent Music Entertainment operates major streaming and live entertainment platforms in China, reaching millions of digital music users.",GOOGL,yahoo_rss,14a2f858-14ae-3e03-ae4e-005e77003c07,2026-02-06T19:12:42Z
2477,ca2505fe4018c23716b075331173ecb18c15b04d789b0baee5dd649e73c849d4,Nvidia Shares Surge on Big Tech’s $650 Billion AI-Spending Plan,yahoo_rss,2026-02-06T18:07:06Z,0,https://finance.yahoo.com/news/nvidia-shares-surge-big-tech-180706782.html?.tsrc=rss,"Shares of the chipmaker rose as much as 7.7%, the biggest intraday jump since April 9, adding more than $300 billion in market value.  Amazon.com Inc. sparked the rebound after the technology giant said during an earnings call that it plans to spend $200 billion on data centers, chips and other equipment this year.  All told, Amazon, along with Alphabet Inc., Meta Platforms Inc. and Microsoft Corp., are expected to shell out roughly $650 billion for AI tools in 2026, about 60% more than the prior year.",MSFT,yahoo_rss,c07339c5-19eb-3938-a4d3-77ffa6672aed,2026-02-06T19:12:42Z
2817,1151acf0297d875594c7b0697a656167af91d043293eb78cc11115bbbad30f36,"If I Could Only Buy and Hold a Single Stock, This Would Be It.",yahoo_rss,2026-02-06T18:05:00Z,0,https://www.fool.com/investing/2026/02/06/if-could-buy-hold-single-stock-broadcom-avgo/?.tsrc=rss,Broadcom is my top stock to own over the next few years.,NVDA,yahoo_rss,e542efcd-127b-3483-bdb0-125f0ad9b5fa,2026-02-06T19:12:42Z
2478,984dfd8b490cc2a7099522c303b9d240339a560c3f1a55ca54f688104049d665,Microsoft Stock Looks For Relief After Brutal Software Sector Sell-Off,yahoo_rss,2026-02-06T18:04:14Z,0,https://finance.yahoo.com/m/83eb8f2c-0ef4-3fab-8399-eaa04ee0aab3/microsoft-stock-looks-for.html?.tsrc=rss,Microsoft stock has been laid low by concerns about the potential negative impact of artificial intelligence on the software sector.,MSFT,yahoo_rss,83eb8f2c-0ef4-3fab-8399-eaa04ee0aab3,2026-02-06T19:12:42Z
2496,8bd37e2363c76e976c4b6a04587716350f21075a3df6c47df581886cf9900813,Microsoft Stock Looks For Relief After Brutal Software Sector Sell-Off - Investor's Business Daily,Investor's Business Daily,2026-02-06T18:04:00Z,0,https://news.google.com/rss/articles/CBMikgFBVV95cUxNWkhBU2lLS2ZtdEZKQkNKalNYc2JnN05fNVJFTTNrNmk4X01kUEdjaW9NTVJwUzU5SFRDb1VtX1dMSmVSTm1Oa0JlNE5tbkJPTk1DMlRoT3lNM1JPcmpyY3ZNWEVBcGxNdm9DR3E0enFMWGNFVW42ZS0yc2FuUWYxTzVnR0c2T3g0UDZwd2tzNVF6Zw?oc=5,"<a href=""https://news.google.com/rss/articles/CBMikgFBVV95cUxNWkhBU2lLS2ZtdEZKQkNKalNYc2JnN05fNVJFTTNrNmk4X01kUEdjaW9NTVJwUzU5SFRDb1VtX1dMSmVSTm1Oa0JlNE5tbkJPTk1DMlRoT3lNM1JPcmpyY3ZNWEVBcGxNdm9DR3E0enFMWGNFVW42ZS0yc2FuUWYxTzVnR0c2T3g0UDZwd2tzNVF6Zw?oc=5"" target=""_blank"">Microsoft Stock Looks For Relief After Brutal Software Sector Sell-Off</a>&nbsp;&nbsp;<font color=""#6f6f6f"">Investor's Business Daily</font>",MSFT,google_news_rss,CBMikgFBVV95cUxNWkhBU2lLS2ZtdEZKQkNKalNYc2JnN05fNVJFTTNrNmk4X01kUEdjaW9NTVJwUzU5SFRDb1VtX1dMSmVSTm1Oa0JlNE5tbkJPTk1DMlRoT3lNM1JPcmpyY3ZNWEVBcGxNdm9DR3E0enFMWGNFVW42ZS0yc2FuUWYxTzVnR0c2T3g0UDZwd2tzNVF6Zw,2026-02-06T19:12:42Z
2708,ef8cce8afc0c913d9b04bc833de610c50b8912dc52deda5ea9659995749bbc9a,Why Intel Was Rallying Today,yahoo_rss,2026-02-06T18:01:05Z,0,https://www.fool.com/investing/2026/02/06/why-intel-was-rallying-today/?.tsrc=rss,Blowout capital expenditures from Amazon and reports of CPU price hikes sent Intel back toward its yearly highs.,AMZN,yahoo_rss,1c4cf50f-8a51-38f1-b402-9a814f935bd8,2026-02-06T19:12:42Z
3072,6beb6fb41b5934dff8d8f51d63455e5aa441aae9451a32a7f0223cd21d4094c0,“Seemingly Valid and Plausible Theory” Tesla Stock (NASDAQ:TSLA) Surges Despite Lawsuit From Unlikely Source - TipRanks,TipRanks,2026-02-06T18:00:41Z,0,https://news.google.com/rss/articles/CBMizgFBVV95cUxQRUtldkFJZU1UVGl3TGlUN2V4dmV2UFRyUXB3ZmlTRXA2ZjBROUVXTXpNakNQNW54cUVITFJ1cVdqb3Q1VVNaZ3VJMEtyZ0ZpRVg1aVhvRDNTZlJMT1RWM1hyaDZJbGhudjZqQ0ZnR0swS09udE9nNGJyRVJOMHI2S3lBdmVCSkRjMVV2R2JhZ2w3VWF1NXVWOC1SLUJPOVN1UTczWkVuQUx0UHY3eEstX09YUzZpc3hJU0FSSVoweGx6Ny1EcE1RYXlHdFU5UQ?oc=5,"<a href=""https://news.google.com/rss/articles/CBMizgFBVV95cUxQRUtldkFJZU1UVGl3TGlUN2V4dmV2UFRyUXB3ZmlTRXA2ZjBROUVXTXpNakNQNW54cUVITFJ1cVdqb3Q1VVNaZ3VJMEtyZ0ZpRVg1aVhvRDNTZlJMT1RWM1hyaDZJbGhudjZqQ0ZnR0swS09udE9nNGJyRVJOMHI2S3lBdmVCSkRjMVV2R2JhZ2w3VWF1NXVWOC1SLUJPOVN1UTczWkVuQUx0UHY3eEstX09YUzZpc3hJU0FSSVoweGx6Ny1EcE1RYXlHdFU5UQ?oc=5"" target=""_blank"">“Seemingly Valid and Plausible Theory” Tesla Stock (NASDAQ:TSLA) Surges Despite Lawsuit From Unlikely Source</a>&nbsp;&nbsp;<font color=""#6f6f6f"">TipRanks</font>",TSLA,google_news_rss,CBMizgFBVV95cUxQRUtldkFJZU1UVGl3TGlUN2V4dmV2UFRyUXB3ZmlTRXA2ZjBROUVXTXpNakNQNW54cUVITFJ1cVdqb3Q1VVNaZ3VJMEtyZ0ZpRVg1aVhvRDNTZlJMT1RWM1hyaDZJbGhudjZqQ0ZnR0swS09udE9nNGJyRVJOMHI2S3lBdmVCSkRjMVV2R2JhZ2w3VWF1NXVWOC1SLUJPOVN1UTczWkVuQUx0UHY3eEstX09YUzZpc3hJU0FSSVoweGx6Ny1EcE1RYXlHdFU5UQ,2026-02-06T19:12:42Z
2937,a5d22eb9d7098b5878d0ab584aa2e2a6cef92a5807e0389ec0164af15027722d,Reddit Stock Falls After Strong Earnings. Wall Street Is Debating What’s Next.,yahoo_rss,2026-02-06T17:58:00Z,0,https://finance.yahoo.com/m/35f46ce6-21cd-3a7f-bd66-4940c48fb5ba/reddit-stock-falls-after.html?.tsrc=rss,"Reddit  shares are dropping as Wall Street debates what is next for the social media company following a positive set of financial results.  Reddit’s fourth-quarter earnings, released after the market closed on Thursday, handily beat analysts’ estimates.",META,yahoo_rss,35f46ce6-21cd-3a7f-bd66-4940c48fb5ba,2026-02-06T19:12:42Z
2818,6f936359f7d717e5d1aa1becf7bd4a1ae3ffe558a917778feca8e5a45cf84382,Here's How Much You'd Be Up If You'd Invested in Nvidia During the DeepSeek Sell-Off Last Year,yahoo_rss,2026-02-06T17:50:00Z,0,https://www.fool.com/investing/2026/02/06/heres-how-much-youd-be-up-if-youd-invested-in-nvid/?.tsrc=rss,Shares of Nvidia crashed last January on news that a Chinese start-up had an AI model that was just as good as ones in the U.S.,NVDA,yahoo_rss,17547103-1c61-3b31-a993-7ef1c11e1979,2026-02-06T19:12:42Z
2709,b4c47e611d3c66c1f8c52a9d4ea447056c82689ef3e26669f315b5d41d1c7f8e,"The Dow Climbs Back Toward 50,000. Nvidia and Caterpillar Are Leading a Furious Rally.",yahoo_rss,2026-02-06T17:46:58Z,0,https://finance.yahoo.com/m/8d5ab5a2-33c6-3bd5-b8fa-1014e963de22/the-dow-climbs-back-toward.html?.tsrc=rss,"The Dow surged to its highest levels on record on Friday amid a frenzy of dip-buying led by an unlikely duo. The blue-chip index was up 1,000 points, or 2.1%. The S&amp;P 500 was up 1.6%. The Nasdaq Composite rallied 1.",AMZN,yahoo_rss,8d5ab5a2-33c6-3bd5-b8fa-1014e963de22,2026-02-06T19:12:42Z
3171,a0422c8177fe75140c155b2535f2871b5535bb16825ce94f3c9593cae941e2df,"Goldman, JPMorgan Bankers See Bonus Pools Rise at Least 10%",yahoo_rss,2026-02-06T17:46:16Z,0,https://finance.yahoo.com/video/goldman-jpmorgan-bankers-see-bonus-174616990.html?.tsrc=rss,"JPMorgan Chase & Co., Goldman Sachs Group Inc. and Bank of America Corp. boosted their bonus pools for bankers and traders by at least 10%, as the businesses benefited from a banner year in dealmaking and market activity. Executives began communicating the compensation decisions to middle managers in recent weeks, as is common this time of year, the people said. The average figures described by insiders don't reflect the sweetest rewards in store for rainmakers, or the disappointment in store for those tagged as underperformers. Katherine Doherty joins to discuss.",JPM,yahoo_rss,eb465240-ae68-3334-97d5-ca4c7aa673c4,2026-02-06T19:12:42Z
2752,f9a5526204dffad7c10bd455948db079ea21f8936c7a3208cf29ecdde03d1ab1,"Amazon Q4 Earnings Miss Estimates, Shares Slide on $200B Capex Plan - The Globe and Mail",The Globe and Mail,2026-02-06T17:45:39Z,0,https://news.google.com/rss/articles/CBMi4gFBVV95cUxPREt0Y3puRjNQQ2RXLXU3RHM1Wnl1Z0RCbGRVdUQzYlQzMGxWZ1JUaGtaWjZjdlNLeERYeU1jaFljRmdPWV9ldjhBNHQxRkU4eFBwZXVjSlJtWjFJLU9KQU9PTWNCZ01IcDJoM0hDNDVoWVZXdWZ6VlU1SmlLWHVlTlBfTE5CWmVMYjlCbDQwdTYwQnRTc2x2WG1KUGxnbmhBd3UtVDFfTE9CREhHeHlhZ1QwNVJxQTQ3UFp3RWZaVU9WTFF0Z0VBejNac2RjY2xncmM3c2piVndqRFBaMlNpWGxB?oc=5,"<a href=""https://news.google.com/rss/articles/CBMi4gFBVV95cUxPREt0Y3puRjNQQ2RXLXU3RHM1Wnl1Z0RCbGRVdUQzYlQzMGxWZ1JUaGtaWjZjdlNLeERYeU1jaFljRmdPWV9ldjhBNHQxRkU4eFBwZXVjSlJtWjFJLU9KQU9PTWNCZ01IcDJoM0hDNDVoWVZXdWZ6VlU1SmlLWHVlTlBfTE5CWmVMYjlCbDQwdTYwQnRTc2x2WG1KUGxnbmhBd3UtVDFfTE9CREhHeHlhZ1QwNVJxQTQ3UFp3RWZaVU9WTFF0Z0VBejNac2RjY2xncmM3c2piVndqRFBaMlNpWGxB?oc=5"" target=""_blank"">Amazon Q4 Earnings Miss Estimates, Shares Slide on $200B Capex Plan</a>&nbsp;&nbsp;<font color=""#6f6f6f"">The Globe and Mail</font>",AMZN,google_news_rss,CBMi4gFBVV95cUxPREt0Y3puRjNQQ2RXLXU3RHM1Wnl1Z0RCbGRVdUQzYlQzMGxWZ1JUaGtaWjZjdlNLeERYeU1jaFljRmdPWV9ldjhBNHQxRkU4eFBwZXVjSlJtWjFJLU9KQU9PTWNCZ01IcDJoM0hDNDVoWVZXdWZ6VlU1SmlLWHVlTlBfTE5CWmVMYjlCbDQwdTYwQnRTc2x2WG1KUGxnbmhBd3UtVDFfTE9CREhHeHlhZ1QwNVJxQTQ3UFp3RWZaVU9WTFF0Z0VBejNac2RjY2xncmM3c2piVndqRFBaMlNpWGxB,2026-02-06T19:12:42Z
2710,3862474d8616799ebfed6e5b5e4c5cae3b6434f710c9e0e56c6e9973a7bc3e38,Wall Street’s Hidden Warning: Why Smart Money Is Fleeing to These 5 Safe Havens,yahoo_rss,2026-02-06T17:45:00Z,0,https://247wallst.com/investing/2026/02/06/wall-streets-hidden-warning-why-smart-money-is-fleeing-to-these-5-safe-havens/?.tsrc=rss,"Wall Street’s obsession with Amazon’s massive AI infrastructure spending plans obscures a more immediate concern from recent earnings reports. The Wall Street Journal identified consumer weakness as a defining theme this earnings season, and the cracks demand defensive positioning. While tech giants chase AI dominance, the consumer who must fund that future is pulling back. ... Wall Street’s Hidden Warning: Why Smart Money Is Fleeing to These 5 Safe Havens",AMZN,yahoo_rss,92b07419-2b5e-3b29-a744-188d81ced943,2026-02-06T19:12:42Z
2711,f174dd5c51fa53ccc52eb91489d59b3d9876a8b8ee9c0ad6a4ea53be37ce37fb,"Consumer Sentiment Hits Highest Level Since August Despite Persistent Inflation, Job Market Concerns",yahoo_rss,2026-02-06T17:42:48Z,0,https://finance.yahoo.com/news/consumer-sentiment-hits-highest-level-174248310.html?.tsrc=rss,"US consumer sentiment reached its highest reading since August, but remained low compared with year-",AMZN,yahoo_rss,7b863751-e2dd-30df-a13f-38c10ee3fa73,2026-02-06T19:12:42Z
2712,5f712214d6525148cb1618398cb0b21494e3d913774f7506b8e92bfa89115c0e,"These Stocks Are Today’s Movers: Amazon, Strategy, Robinhood, Novo Nordisk, Molina, Stellantis, Hub Group, and More",yahoo_rss,2026-02-06T17:38:00Z,0,https://finance.yahoo.com/m/c18863ff-041f-35f2-8054-0ec3d92baa4a/these-stocks-are-today%E2%80%99s.html?.tsrc=rss,Amazon shares tumble after the tech and online retailing giant forecasts $200 billion in capital expenditures for 2026.,AMZN,yahoo_rss,c18863ff-041f-35f2-8054-0ec3d92baa4a,2026-02-06T19:12:42Z
3291,70878c46e3fa69bd9413ae8aafc37f9c9e25f3a1b7a3a0d5e84f6d341adbe62c,"OBOOK Holdings (OWLS) and BNB Plus Interviews to Air on the RedChip Small Stocks, Big Money(TM) Show on Bloomberg TV",yahoo_rss,2026-02-06T17:35:00Z,0,https://finance.yahoo.com/news/obook-holdings-owls-bnb-plus-173500156.html?.tsrc=rss,"ORLANDO, FLORIDA / ACCESS Newswire / February 6, 2026 / RedChip Companies will air interviews with OBOOK Holdings Inc. (NASDAQ:OWLS) (""OwlTing"") and BNB Plus Corp. (Nasdaq:BNBX) on the RedChip Small Stocks, Big Money™ show, a sponsored program on ...",V,yahoo_rss,541b27e1-7a39-3c21-a2f9-96a98d908ba7,2026-02-06T19:12:42Z
2713,e999729c5ab24323b5bf655352ffb65144da470c74b2e512cad396f89fceba28,"US Equity Indexes Rise as Semiconductors, Cyclicals Help Offset Slump in Communication Services",yahoo_rss,2026-02-06T17:33:49Z,0,https://finance.yahoo.com/news/us-equity-indexes-rise-semiconductors-173349062.html?.tsrc=rss,"US equity indexes rose in midday trading on Friday, rebounding from a sell-off in the previous sessi",AMZN,yahoo_rss,82714e94-fd8d-3dac-8fd4-ca083cbb7976,2026-02-06T19:12:42Z
3432,856803332021f006d4289f8f4831f24c6ea22c3d1ff7d7292b2e2b7341d2f386,Exxon Mobil Stock Is Rising Today: What's Going? - Benzinga,Benzinga,2026-02-06T17:32:34Z,0,https://news.google.com/rss/articles/CBMiqgFBVV95cUxNQ2tZNG9ZUmRyV2REN2I2dGdSYmcxLVNlam82NjN6VHdjb2M2Y1JBeEtaQ0xNRzVTYlYtSFVsVFdUcXBCMkN5d0xHenJybnVxaVJSNm1SbE16MjAxTFZIZElrRTd1eXZIdTFoanhBa19JbzZEd3ZTc0NyRnl2S1A1X0Nha21lSU0weGtGekVzRUdZejloalREZy1qblRsNDVQVjNVc3ZRREJJZw?oc=5,"<a href=""https://news.google.com/rss/articles/CBMiqgFBVV95cUxNQ2tZNG9ZUmRyV2REN2I2dGdSYmcxLVNlam82NjN6VHdjb2M2Y1JBeEtaQ0xNRzVTYlYtSFVsVFdUcXBCMkN5d0xHenJybnVxaVJSNm1SbE16MjAxTFZIZElrRTd1eXZIdTFoanhBa19JbzZEd3ZTc0NyRnl2S1A1X0Nha21lSU0weGtGekVzRUdZejloalREZy1qblRsNDVQVjNVc3ZRREJJZw?oc=5"" target=""_blank"">Exxon Mobil Stock Is Rising Today: What's Going?</a>&nbsp;&nbsp;<font color=""#6f6f6f"">Benzinga</font>",XOM,google_news_rss,CBMiqgFBVV95cUxNQ2tZNG9ZUmRyV2REN2I2dGdSYmcxLVNlam82NjN6VHdjb2M2Y1JBeEtaQ0xNRzVTYlYtSFVsVFdUcXBCMkN5d0xHenJybnVxaVJSNm1SbE16MjAxTFZIZElrRTd1eXZIdTFoanhBa19JbzZEd3ZTc0NyRnl2S1A1X0Nha21lSU0weGtGekVzRUdZejloalREZy1qblRsNDVQVjNVc3ZRREJJZw,2026-02-06T19:12:42Z
2607,d6d2f1b390f1ad10201a8ae4aab4974f5e6c1de5d2bce2242eda6116904ae5f0,Is Google Stock's Dream Run Over? - Forbes,Forbes,2026-02-06T17:31:25Z,0,https://news.google.com/rss/articles/CBMilAFBVV95cUxNZm9vZkVlVEx5ZC1pQ1JMQVJZVy0tZWVqTi02TnFnVjM0T3pJcEc3YzVHcHlmR3JrQk05LWZHUnZCdU8wdlBwVThPV242ZDY4VmRBT215UVNScmdCV0kzYzNhbjloWWxGcTF1QVY1dGNLbGVPQkVoN0lKOEFRMnJ2WFJyOWRUU1RSb0lEaDZxUWQwYm1s?oc=5,"<a href=""https://news.google.com/rss/articles/CBMilAFBVV95cUxNZm9vZkVlVEx5ZC1pQ1JMQVJZVy0tZWVqTi02TnFnVjM0T3pJcEc3YzVHcHlmR3JrQk05LWZHUnZCdU8wdlBwVThPV242ZDY4VmRBT215UVNScmdCV0kzYzNhbjloWWxGcTF1QVY1dGNLbGVPQkVoN0lKOEFRMnJ2WFJyOWRUU1RSb0lEaDZxUWQwYm1s?oc=5"" target=""_blank"">Is Google Stock's Dream Run Over?</a>&nbsp;&nbsp;<font color=""#6f6f6f"">Forbes</font>",GOOGL,google_news_rss,CBMilAFBVV95cUxNZm9vZkVlVEx5ZC1pQ1JMQVJZVy0tZWVqTi02TnFnVjM0T3pJcEc3YzVHcHlmR3JrQk05LWZHUnZCdU8wdlBwVThPV242ZDY4VmRBT215UVNScmdCV0kzYzNhbjloWWxGcTF1QVY1dGNLbGVPQkVoN0lKOEFRMnJ2WFJyOWRUU1RSb0lEaDZxUWQwYm1s,2026-02-06T19:12:42Z
3433,473731afb01244d730ceaa93fb591f7a2c39a37a3831c18dc33655b7b908ecab,Exxon Mobil stock price jumps as XOM shrugs off softer oil — what traders watch next - TechStock²,TechStock²,2026-02-06T17:31:00Z,0,https://news.google.com/rss/articles/CBMipgFBVV95cUxQVFFRdUpmTW1ES204YWNUQm9LS2JpZHVpQTVpYVUwYTE1YjdaR2k0b3ZiVmVSZFNVRERyRHZpTlJvLTJMb0Q0TTJUczZwOWUzX1VjeWZuc0JVZEZqdnFwSzk2UTFMNjN1QVJTSHNkcE92eG02cnVXVURSU3ZwYVJwMnhFU01NMWR5QzFuWGV5aFM1VEZkSVJseVQ5cnRpNFRLQnlzQ05B?oc=5,"<a href=""https://news.google.com/rss/articles/CBMipgFBVV95cUxQVFFRdUpmTW1ES204YWNUQm9LS2JpZHVpQTVpYVUwYTE1YjdaR2k0b3ZiVmVSZFNVRERyRHZpTlJvLTJMb0Q0TTJUczZwOWUzX1VjeWZuc0JVZEZqdnFwSzk2UTFMNjN1QVJTSHNkcE92eG02cnVXVURSU3ZwYVJwMnhFU01NMWR5QzFuWGV5aFM1VEZkSVJseVQ5cnRpNFRLQnlzQ05B?oc=5"" target=""_blank"">Exxon Mobil stock price jumps as XOM shrugs off softer oil — what traders watch next</a>&nbsp;&nbsp;<font color=""#6f6f6f"">TechStock²</font>",XOM,google_news_rss,CBMipgFBVV95cUxQVFFRdUpmTW1ES204YWNUQm9LS2JpZHVpQTVpYVUwYTE1YjdaR2k0b3ZiVmVSZFNVRERyRHZpTlJvLTJMb0Q0TTJUczZwOWUzX1VjeWZuc0JVZEZqdnFwSzk2UTFMNjN1QVJTSHNkcE92eG02cnVXVURSU3ZwYVJwMnhFU01NMWR5QzFuWGV5aFM1VEZkSVJseVQ5cnRpNFRLQnlzQ05B,2026-02-06T19:12:42Z
2593,498720a2968929cb27794dc4e9065891e01784a4c67896d3abf96252b746daf5,Waymo Taps Genie 3 to Accelerate Robotaxi Expansion,yahoo_rss,2026-02-06T17:28:26Z,0,https://finance.yahoo.com/news/waymo-taps-genie-3-accelerate-172826752.html?.tsrc=rss,Alphabet leans on AI simulations to cut costs and speed autonomous rollout,GOOGL,yahoo_rss,467ed90b-90c6-3a9e-92e5-a7eac926c95a,2026-02-06T19:12:42Z
3052,af713bbd4ba908749f2e907c3ffacc18fd5587497641f6efd242919bc83557dc,"Tesla Eyes NY, Arizona, Idaho to Lift Solar Cell Output",yahoo_rss,2026-02-06T17:27:53Z,0,https://finance.yahoo.com/news/tesla-weighs-york-arizona-idaho-110002387.html?.tsrc=rss,"The company is evaluating multiple sites across the US to begin manufacturing solar cells, according to people familiar with the matter, turning what sounded like a moonshot just weeks ago into an active industrial push.  One component of the plan: expanding production at its Buffalo, New York, factory, said the people, who weren’t authorized to speak publicly.  Capacity there could reach 10 gigawatts, they said, which would be equivalent to 10 nuclear plants.",TSLA,yahoo_rss,7db877e0-30bb-32c4-bae5-c0e3ca191326,2026-02-06T19:12:42Z
3320,b0635297260b45707b4703362ec2cd61842386295a6cfc804219ef9e3c803be6,Visa stock slips as China UnionPay payments push and $100 million Visa & Main platform grab focus - TechStock²,TechStock²,2026-02-06T17:26:00Z,0,https://news.google.com/rss/articles/CBMitgFBVV95cUxQbTRiRzJBN3JLVlZDeFNxcEY5Wk9sWFVNdTNRcVBqeFFkU0ltTGxOOFQ5Y3N6Q2h1d0ZkVTY2ZkpKTzJRMm8yVnZGWEN1Tmd1TlZnZ212NGwwdFJ6VS05TFZwZ1hrWFNaM05zeUtNSW10UjhIMUUzOTNBbzJXcUFOdnN2VWl3UmQyM19EOWtvWXRURGItcHdkM29lNUZpQXM5VnlnQ3BnMnRxckljYXIzaXgzX2RhZw?oc=5,"<a href=""https://news.google.com/rss/articles/CBMitgFBVV95cUxQbTRiRzJBN3JLVlZDeFNxcEY5Wk9sWFVNdTNRcVBqeFFkU0ltTGxOOFQ5Y3N6Q2h1d0ZkVTY2ZkpKTzJRMm8yVnZGWEN1Tmd1TlZnZ212NGwwdFJ6VS05TFZwZ1hrWFNaM05zeUtNSW10UjhIMUUzOTNBbzJXcUFOdnN2VWl3UmQyM19EOWtvWXRURGItcHdkM29lNUZpQXM5VnlnQ3BnMnRxckljYXIzaXgzX2RhZw?oc=5"" target=""_blank"">Visa stock slips as China UnionPay payments push and $100 million Visa & Main platform grab focus</a>&nbsp;&nbsp;<font color=""#6f6f6f"">TechStock²</font>",V,google_news_rss,CBMitgFBVV95cUxQbTRiRzJBN3JLVlZDeFNxcEY5Wk9sWFVNdTNRcVBqeFFkU0ltTGxOOFQ5Y3N6Q2h1d0ZkVTY2ZkpKTzJRMm8yVnZGWEN1Tmd1TlZnZ212NGwwdFJ6VS05TFZwZ1hrWFNaM05zeUtNSW10UjhIMUUzOTNBbzJXcUFOdnN2VWl3UmQyM19EOWtvWXRURGItcHdkM29lNUZpQXM5VnlnQ3BnMnRxckljYXIzaXgzX2RhZw,2026-02-06T19:12:42Z
2354,69e0c626020d207a48c8adc2bcfeb3743cd9712951e86e75ec331e88a371cfdb,1 Stock That Could Join Nvidia and Alphabet in the $4 Trillion Club by 2032,yahoo_rss,2026-02-06T17:20:00Z,0,https://www.fool.com/investing/2026/02/06/1-stock-that-could-join-nvidia-and-alphabet-in-the/?.tsrc=rss,It could more than double your money along the way.,AAPL,yahoo_rss,9b1e920c-2a94-32b5-aaa7-d2bfba73665d,2026-02-06T19:12:42Z
2715,c0e45b5fa9d6d0e21db79e11e31a695684f878a1e14a5f487c18aec056f545bd,Micron Stock Slips as Analyst Predicts Zero Nvidia Orders for HBM4 Chips,yahoo_rss,2026-02-06T17:19:02Z,0,https://finance.yahoo.com/news/micron-stock-slips-analyst-predicts-171902390.html?.tsrc=rss,"A cautious forecast from Semianalysis erases Micron's early gains, raising concerns about its AI memory growth story.",AMZN,yahoo_rss,22c47e5f-159a-33d6-baef-eeb58b226104,2026-02-06T19:12:42Z
2716,6d7e3e8917614135cb3f5b5f449297aa636889c75f10d0ac09d0ea2f5fe564c8,Micron Stock Climbs Despite Losing Nvidia HBM4 Orders,yahoo_rss,2026-02-06T17:18:16Z,0,https://finance.yahoo.com/news/micron-stock-climbs-despite-losing-171816771.html?.tsrc=rss,"Investors Eye Micron, Nvidia Amid AI Memory Supply Shifts",AMZN,yahoo_rss,aa03e680-0753-307e-8589-6d863e9c2a3f,2026-02-06T19:12:42Z
2833,eb4c7ec4542eb9f022eecc3b97d6be9af491123314b7b45cfd71e0dcf9c9a1bb,Nvidia may skip new GPU release in stunning break - thestreet.com,thestreet.com,2026-02-06T17:13:00Z,0,https://news.google.com/rss/articles/CBMilwFBVV95cUxPMzZaeHRudGs1NmRYRE1VMnI1eERQejJ3U20tYzBqZXVTbVFGNGQzcnNTdjlZZGlxUHl2SjZlVXo5aVBnTEwxRWdVSGxqUFdUMWZkRnNiWjZDelAtZlRIdTF0ZHZMN1NEU1U1Mmx0YU03UlZqaDByZ3VIbk1CVDZxVDJ2R2NDTmxYWFNpcDRwRXczWnVUcEY4?oc=5,"<a href=""https://news.google.com/rss/articles/CBMilwFBVV95cUxPMzZaeHRudGs1NmRYRE1VMnI1eERQejJ3U20tYzBqZXVTbVFGNGQzcnNTdjlZZGlxUHl2SjZlVXo5aVBnTEwxRWdVSGxqUFdUMWZkRnNiWjZDelAtZlRIdTF0ZHZMN1NEU1U1Mmx0YU03UlZqaDByZ3VIbk1CVDZxVDJ2R2NDTmxYWFNpcDRwRXczWnVUcEY4?oc=5"" target=""_blank"">Nvidia may skip new GPU release in stunning break</a>&nbsp;&nbsp;<font color=""#6f6f6f"">thestreet.com</font>",NVDA,google_news_rss,CBMilwFBVV95cUxPMzZaeHRudGs1NmRYRE1VMnI1eERQejJ3U20tYzBqZXVTbVFGNGQzcnNTdjlZZGlxUHl2SjZlVXo5aVBnTEwxRWdVSGxqUFdUMWZkRnNiWjZDelAtZlRIdTF0ZHZMN1NEU1U1Mmx0YU03UlZqaDByZ3VIbk1CVDZxVDJ2R2NDTmxYWFNpcDRwRXczWnVUcEY4,2026-02-06T19:12:42Z
2481,893c67f14a7946c91b1439d0d3697dc1ca7abba65f81b7654929bd4872db2d15,Nvidia and Microsoft Lead Wall Street Rally After Massive Sell-Off,yahoo_rss,2026-02-06T17:12:57Z,0,https://finance.yahoo.com/news/nvidia-microsoft-lead-wall-street-171257432.html?.tsrc=rss,S&amp;P 500 Climbs 1% While Nasdaq Recovers From Weekly Losses,MSFT,yahoo_rss,c6578aac-0005-36a3-9d88-07ca4e5154a3,2026-02-06T19:12:42Z
2482,f7f139db3c4498ca6eb834829c38e74f3aac4effad680a938159047d39cfd0ed,Big Tech's quarter in four charts: AI splurge and cloud growth,yahoo_rss,2026-02-06T17:10:57Z,0,https://finance.yahoo.com/news/big-techs-quarter-four-charts-171057381.html?.tsrc=rss,"By Harshita Mary Varghese and Anhata Rooprai Feb 6 (Reuters) - U.S. tech giants have predicted their spending would surge this year as they double down on artificial intelligence, sharpening investor",MSFT,yahoo_rss,4b15b374-f668-3f97-aace-fb921cd30012,2026-02-06T19:12:42Z
2972,86cb69025b0ac0cbc8f5efc449ad231f4fc212a4c0f273f8a3561c7aea2a8e61,1 Stock I'd Happily Hold Through Any Stock Market Crash - The Motley Fool,The Motley Fool,2026-02-06T17:01:00Z,0,https://news.google.com/rss/articles/CBMimAFBVV95cUxQb1o5SzVhY2xGZG9BTzVEdHR3aWN5ekdBLWJ5eEFSTVc4by0yYk1KMnBFc3dnZVpFLXBjOTBVblRnT21WaGpYTi0yejVZZ2FVcmtvM0hLdUVBdElMSE11S2JuSnlZV2dDcWF5R2JTSi1BXzZ4QWRjNEwyNmptcmxWbWNNUEdDbXhJMGhrVjdwWEdlNmlOemVTUg?oc=5,"<a href=""https://news.google.com/rss/articles/CBMimAFBVV95cUxQb1o5SzVhY2xGZG9BTzVEdHR3aWN5ekdBLWJ5eEFSTVc4by0yYk1KMnBFc3dnZVpFLXBjOTBVblRnT21WaGpYTi0yejVZZ2FVcmtvM0hLdUVBdElMSE11S2JuSnlZV2dDcWF5R2JTSi1BXzZ4QWRjNEwyNmptcmxWbWNNUEdDbXhJMGhrVjdwWEdlNmlOemVTUg?oc=5"" target=""_blank"">1 Stock I'd Happily Hold Through Any Stock Market Crash</a>&nbsp;&nbsp;<font color=""#6f6f6f"">The Motley Fool</font>",META,google_news_rss,CBMimAFBVV95cUxQb1o5SzVhY2xGZG9BTzVEdHR3aWN5ekdBLWJ5eEFSTVc4by0yYk1KMnBFc3dnZVpFLXBjOTBVblRnT21WaGpYTi0yejVZZ2FVcmtvM0hLdUVBdElMSE11S2JuSnlZV2dDcWF5R2JTSi1BXzZ4QWRjNEwyNmptcmxWbWNNUEdDbXhJMGhrVjdwWEdlNmlOemVTUg,2026-02-06T19:12:42Z
3191,0946cc5caa5136b03ec6e7b2667242ea2662ed4a8cd9078eaa2345a1d0b7c590,"Why JPMorgan stock is up today: HSBC upgrade, $3 billion bond sale, and next week’s data - TechStock²",TechStock²,2026-02-06T16:53:00Z,0,https://news.google.com/rss/articles/CBMipwFBVV95cUxNUHFCX1ozbnZwcXJjUHAwdEZtR0V1YTlxT2xYUHNSM25OY3JOSE5qOTlsWXJQM0lBQzRiTDhlT0Y1ZGFWM284VWEteE1VS0ZObnF1d0VPaEltaHE1OGU0S0xtQU9KZThwdV9OY3BJcWY4QXdPNUdFb1ktbzRLUlBzc19xZktBWGNWZUVuaTJVd0swUlVmVTFvUGxaVDVodVc1RHVOeUFCYw?oc=5,"<a href=""https://news.google.com/rss/articles/CBMipwFBVV95cUxNUHFCX1ozbnZwcXJjUHAwdEZtR0V1YTlxT2xYUHNSM25OY3JOSE5qOTlsWXJQM0lBQzRiTDhlT0Y1ZGFWM284VWEteE1VS0ZObnF1d0VPaEltaHE1OGU0S0xtQU9KZThwdV9OY3BJcWY4QXdPNUdFb1ktbzRLUlBzc19xZktBWGNWZUVuaTJVd0swUlVmVTFvUGxaVDVodVc1RHVOeUFCYw?oc=5"" target=""_blank"">Why JPMorgan stock is up today: HSBC upgrade, $3 billion bond sale, and next week’s data</a>&nbsp;&nbsp;<font color=""#6f6f6f"">TechStock²</font>",JPM,google_news_rss,CBMipwFBVV95cUxNUHFCX1ozbnZwcXJjUHAwdEZtR0V1YTlxT2xYUHNSM25OY3JOSE5qOTlsWXJQM0lBQzRiTDhlT0Y1ZGFWM284VWEteE1VS0ZObnF1d0VPaEltaHE1OGU0S0xtQU9KZThwdV9OY3BJcWY4QXdPNUdFb1ktbzRLUlBzc19xZktBWGNWZUVuaTJVd0swUlVmVTFvUGxaVDVodVc1RHVOeUFCYw,2026-02-06T19:12:42Z
2355,a3342435c7b9544013fd31a5842c2a80f76b5da78954042db035d14a2404f71d,Mag 7 faces brutal reality check as $200B AI bill drops bombshell,yahoo_rss,2026-02-06T16:50:30Z,0,https://www.thestreet.com/investing/stocks/mag-7-faces-brutal-reality-check-as-200b-ai-bill-drops-bombshell?.tsrc=rss,"Gather round while we look at the reality of markets. They correct, and sometimes, corrections are brutal. Feb. 5 proved to be a really brutal day, especially for the Magnificent 7 stocks. The Mag 7 group, which includes Apple, Alphabet, Amazon, Meta Platforms, Microsoft, Nvidia, and Tesla, has ...",AAPL,yahoo_rss,4b3c7f1a-0553-3d18-a025-e821f9ef14d3,2026-02-06T19:12:42Z
3054,d7ff0f7ff5dd609a1928b6fd580ef50d4f716715e1b3e124a152b6d440c037b9,Tesla Expands AI Footprint with New Training Hub in China,yahoo_rss,2026-02-06T16:46:48Z,0,https://finance.yahoo.com/news/tesla-expands-ai-footprint-training-164648756.html?.tsrc=rss,Move signals a deeper local push into autonomous driving and tech innovation.,TSLA,yahoo_rss,ee86187e-e06e-3369-bac7-b9fc48879c6f,2026-02-06T19:12:42Z
2356,884653995779d76c8c3b293d8d2934cdf4562f78cdacafd474cd22ffb0ea9abd,Apple Scales Back AI Health Coach Plans,yahoo_rss,2026-02-06T16:44:16Z,0,https://finance.yahoo.com/news/apple-scales-back-ai-health-164416022.html?.tsrc=rss,Company shifts focus to gradual rollout of wellness features through its Health app.,AAPL,yahoo_rss,20d71a10-e53c-360d-a89d-3efef2f441d5,2026-02-06T19:12:42Z
2484,a0cbbb1cc760a0867d1d3ab1623bc7cc2ec08828ab1447517ce84c3828fe0dff,Amazon faces capex risk as analysts weigh up $200B spending plan,yahoo_rss,2026-02-06T16:44:00Z,0,https://www.proactiveinvestors.com/companies/news/1086973/amazon-faces-capex-risk-as-analysts-weigh-up-200b-spending-plan-1086973.html?.tsrc=rss,"Amazon.com Inc (NASDAQ:AMZN) shares fell more than 7% to about $205 on Friday following the company’s fourth quarter earnings report, as investors digested the $200 billion capital expenditure plan and disappointing first quarter margin guidance. While AWS and retail results impressed,...",MSFT,yahoo_rss,d6f6e4c3-9cdc-3893-b06d-507d7a94f421,2026-02-06T19:12:42Z
2485,e8a3cf4139c657ae0bd8aa04274cc2b1afbdea4aa3edc8d71ebf660d82403ac5,Amazon Shares Sink as Massive 2026 Capex Raises Concerns,yahoo_rss,2026-02-06T16:41:32Z,0,https://finance.yahoo.com/news/amazon-shares-sink-massive-2026-164132366.html?.tsrc=rss,Amazon shares weakened after the tech giant laid out aggressive AI spending,MSFT,yahoo_rss,528a7eeb-5ccf-3ab6-aad0-8861d0cd2684,2026-02-06T19:12:42Z
3055,49c9dd2e27069f5265ccdb3c26748c78f6862384a7ff5d0efffa876fda181639,BLBD vs. TSLA: Which Stock Is the Better Value Option?,yahoo_rss,2026-02-06T16:40:02Z,0,https://finance.yahoo.com/news/blbd-vs-tsla-stock-better-164002786.html?.tsrc=rss,BLBD vs. TSLA: Which Stock Is the Better Value Option?,TSLA,yahoo_rss,4813d4a1-d7eb-38be-8df9-058b1f2f5425,2026-02-06T19:12:42Z
2486,c4654e45eb4c35d2ea62d9576db6f8ab52a8ea28d65df67f7b1e9120c534727b,Big Tech set to spend $650 billion in 2026 as AI investments soar,yahoo_rss,2026-02-06T16:39:07Z,0,https://finance.yahoo.com/news/big-tech-set-to-spend-650-billion-in-2026-as-ai-investments-soar-163907630.html?.tsrc=rss,"Alphabet, Microsoft, Amazon, and Meta are on track to spend between $635 billion and $665 billion in their respective 2026 fiscal years.",MSFT,yahoo_rss,54e604c4-ce1b-459c-8886-e2d863f40f97,2026-02-06T19:12:42Z
2841,dc7ecec7283c21040f6dd4d3c83679ae2c298a808d29f44f97abae74e9e1dafa,Nvidia Stock Rises. What Amazon’s Huge Spending Means for the Chip Maker. - Barron's,Barron's,2026-02-06T16:39:00Z,0,https://news.google.com/rss/articles/CBMihwNBVV95cUxQZXFrTmtNYUptcDl0OWRjaDZ4SkZIeldmaTJLWldxTTBsREoyQzhuZ0o3VnBYSWdYa1BvcS1SZnZVVmc2allWSjZkTXM0Unh0LVR2LVg1ZUY1OTRqaDE2R2hZM1dZX2p2aW1SdDFBUnpDb05lZWtRN2RQYWVEU3IyTUFQTWRid1NmbTdsTVFIdnRielNRRlFDZG9PQlFuODAtRmpkYzQzNGJleXNjZGRRNG5LSEpxaC1YWmhad0c1SDJRbGJMVEFic2VFeWZvTEIzbWtudVZRWWNPV1NoS1hiM1VtTHNLMDh2cER1ZHRQd28taVhQLUgtd1IzQWFRallmcnBqUGhzZk5JSTVodEdfa252aXlUNWFpa3gzVVFsNVhyU21ZbG9KSWRZYkhqX1F3VnljZFhxMHVIamlDT1pXV29GdEkxT2ZnOXpKVnRmdEw1THNqZXA2M1Zmemd2UW9CcTJPN3I5VGdHSlFoNnpkV2tSbE00TlQzbk91Y0Ezd3FzSVdfR0g4?oc=5,"<a href=""https://news.google.com/rss/articles/CBMihwNBVV95cUxQZXFrTmtNYUptcDl0OWRjaDZ4SkZIeldmaTJLWldxTTBsREoyQzhuZ0o3VnBYSWdYa1BvcS1SZnZVVmc2allWSjZkTXM0Unh0LVR2LVg1ZUY1OTRqaDE2R2hZM1dZX2p2aW1SdDFBUnpDb05lZWtRN2RQYWVEU3IyTUFQTWRid1NmbTdsTVFIdnRielNRRlFDZG9PQlFuODAtRmpkYzQzNGJleXNjZGRRNG5LSEpxaC1YWmhad0c1SDJRbGJMVEFic2VFeWZvTEIzbWtudVZRWWNPV1NoS1hiM1VtTHNLMDh2cER1ZHRQd28taVhQLUgtd1IzQWFRallmcnBqUGhzZk5JSTVodEdfa252aXlUNWFpa3gzVVFsNVhyU21ZbG9KSWRZYkhqX1F3VnljZFhxMHVIamlDT1pXV29GdEkxT2ZnOXpKVnRmdEw1THNqZXA2M1Zmemd2UW9CcTJPN3I5VGdHSlFoNnpkV2tSbE00TlQzbk91Y0Ezd3FzSVdfR0g4?oc=5"" target=""_blank"">Nvidia Stock Rises. What Amazon’s Huge Spending Means for the Chip Maker.</a>&nbsp;&nbsp;<font color=""#6f6f6f"">Barron's</font>",NVDA,google_news_rss,CBMihwNBVV95cUxQZXFrTmtNYUptcDl0OWRjaDZ4SkZIeldmaTJLWldxTTBsREoyQzhuZ0o3VnBYSWdYa1BvcS1SZnZVVmc2allWSjZkTXM0Unh0LVR2LVg1ZUY1OTRqaDE2R2hZM1dZX2p2aW1SdDFBUnpDb05lZWtRN2RQYWVEU3IyTUFQTWRid1NmbTdsTVFIdnRielNRRlFDZG9PQlFuODAtRmpkYzQzNGJleXNjZGRRNG5LSEpxaC1YWmhad0c1SDJRbGJMVEFic2VFeWZvTEIzbWtudVZRWWNPV1NoS1hiM1VtTHNLMDh2cER1ZHRQd28taVhQLUgtd1IzQWFRallmcnBqUGhzZk5JSTVodEdfa252aXlUNWFpa3gzVVFsNVhyU21ZbG9KSWRZYkhqX1F3VnljZFhxMHVIamlDT1pXV29GdEkxT2ZnOXpKVnRmdEw1THNqZXA2M1Zmemd2UW9CcTJPN3I5VGdHSlFoNnpkV2tSbE00TlQzbk91Y0Ezd3FzSVdfR0g4,2026-02-06T19:12:42Z
2734,06a42a8c8e0d15626940fe43a43755dd8754579cba2694728889008f1dfae97c,Nvidia Stock Rises. What Amazon’s Huge Spending Means for the Chip Maker. - Barron's,Barron's,2026-02-06T16:39:00Z,0,https://news.google.com/rss/articles/CBMihwNBVV95cUxOT3d3MTkzZVBJN1cwR014X254T2ZjeUQ3bDFfSklVTTJwWTloSHgwcXg5M3daeVVkbjc4ajRpNmx5NHp0cnNHc2h4bDRPSFpTSkY2NTMyYXdnWnAzTDJic0xhcjhIMm1zbUJ5M2lSSjIzUi1PUDFpakdaVk13TTRmdU02QUVDYjBQQ2dobEtyVkJENVM5NW1waWtZRzFOd21fdldIZzFwNjNqczlPSXJLYmFxbTdOUnlzUDA2TWRYQ0xvUGk3Rjk3RUU2TjdhSjFiQ2hqYXA4QnFlRndpTVJSRWEwQXNWcVZLUzZFVkdXU0ZMTjBJRy0yUXVDd1hfSDBqeVFUODljYlFiVVRmTXpKNFZRcWNWUE1sV2NfZVJjWmVEa29XelVnS1d3UVltd2kxRnB4YzNCeWtNR25QcEswYzNNMWJrZFZTY2ZDRkJvbTd0VUdfYi1YR201WmtDRkxPY3VVOWdxZVUzQ1BKLXYzbmlubGNuTUNoSGFHMEhQdlR5VmpVeUhF?oc=5,"<a href=""https://news.google.com/rss/articles/CBMihwNBVV95cUxOT3d3MTkzZVBJN1cwR014X254T2ZjeUQ3bDFfSklVTTJwWTloSHgwcXg5M3daeVVkbjc4ajRpNmx5NHp0cnNHc2h4bDRPSFpTSkY2NTMyYXdnWnAzTDJic0xhcjhIMm1zbUJ5M2lSSjIzUi1PUDFpakdaVk13TTRmdU02QUVDYjBQQ2dobEtyVkJENVM5NW1waWtZRzFOd21fdldIZzFwNjNqczlPSXJLYmFxbTdOUnlzUDA2TWRYQ0xvUGk3Rjk3RUU2TjdhSjFiQ2hqYXA4QnFlRndpTVJSRWEwQXNWcVZLUzZFVkdXU0ZMTjBJRy0yUXVDd1hfSDBqeVFUODljYlFiVVRmTXpKNFZRcWNWUE1sV2NfZVJjWmVEa29XelVnS1d3UVltd2kxRnB4YzNCeWtNR25QcEswYzNNMWJrZFZTY2ZDRkJvbTd0VUdfYi1YR201WmtDRkxPY3VVOWdxZVUzQ1BKLXYzbmlubGNuTUNoSGFHMEhQdlR5VmpVeUhF?oc=5"" target=""_blank"">Nvidia Stock Rises. What Amazon’s Huge Spending Means for the Chip Maker.</a>&nbsp;&nbsp;<font color=""#6f6f6f"">Barron's</font>",AMZN,google_news_rss,CBMihwNBVV95cUxOT3d3MTkzZVBJN1cwR014X254T2ZjeUQ3bDFfSklVTTJwWTloSHgwcXg5M3daeVVkbjc4ajRpNmx5NHp0cnNHc2h4bDRPSFpTSkY2NTMyYXdnWnAzTDJic0xhcjhIMm1zbUJ5M2lSSjIzUi1PUDFpakdaVk13TTRmdU02QUVDYjBQQ2dobEtyVkJENVM5NW1waWtZRzFOd21fdldIZzFwNjNqczlPSXJLYmFxbTdOUnlzUDA2TWRYQ0xvUGk3Rjk3RUU2TjdhSjFiQ2hqYXA4QnFlRndpTVJSRWEwQXNWcVZLUzZFVkdXU0ZMTjBJRy0yUXVDd1hfSDBqeVFUODljYlFiVVRmTXpKNFZRcWNWUE1sV2NfZVJjWmVEa29XelVnS1d3UVltd2kxRnB4YzNCeWtNR25QcEswYzNNMWJrZFZTY2ZDRkJvbTd0VUdfYi1YR201WmtDRkxPY3VVOWdxZVUzQ1BKLXYzbmlubGNuTUNoSGFHMEhQdlR5VmpVeUhF,2026-02-06T19:12:42Z
2601,b81cc0804a68dd60dd9a449830fb0c5953bdbba100e3d814cf034fbc57e645aa,"Nvidia Stock Rises. Thanks, Amazon!",yahoo_rss,2026-02-06T16:39:00Z,0,https://finance.yahoo.com/m/f4bf364c-1e1e-32d7-bf89-01584b34948f/nvidia-stock-rises.-thanks%2C.html?.tsrc=rss,"Nvidia  is suffering amid the stock market’s tech selloff.  Nvidia stock was up 7% at $183.95 on Friday after closing down 1.3% on Thursday.  Amazon said in its earnings report after the market closed on Thursday that it plans capital expenditure of $200 billion in 2026, a nearly 60% increase from last year and far above Wall Street expectations.",GOOGL,yahoo_rss,f4bf364c-1e1e-32d7-bf89-01584b34948f,2026-02-06T19:12:42Z
2487,e8112a7f6db26112d677d7c9ffb82412a501415ac9c6da292b9c19379ebae430,Iren Secures $3.6B GPU Financing to Power Microsoft AI Deal,yahoo_rss,2026-02-06T16:37:05Z,0,https://finance.yahoo.com/news/iren-secures-3-6b-gpu-163705493.html?.tsrc=rss,AI focused infrastructure firm targets $3.4B annual revenue run rate by 2026 amid strong demand and expansion.,MSFT,yahoo_rss,e11eff64-5907-3898-9a11-55addf289c85,2026-02-06T19:12:42Z
2602,e07ab44091afe245a1377168acd9282b1b3eb31f9ccc5258a8b1fecafaed01ae,Tesla Stock Rises to End a Tough Week on a High Note,yahoo_rss,2026-02-06T16:29:00Z,0,https://finance.yahoo.com/m/c7477c18-b154-3038-8eec-e86469fca4ec/tesla-stock-rises-to-end-a.html?.tsrc=rss,"Tesla  stock is trying to close out a tough week for tech with a gain.  In midday trading, shares of the electric vehicle maker were up 3.2% at $410.01.  Shares have fallen on three of the past four days and 12 of the past 17 trading sessions.",GOOGL,yahoo_rss,c7477c18-b154-3038-8eec-e86469fca4ec,2026-02-06T19:12:42Z
3172,4a35512187e276e599aac5dca4517d2cacf0567c4a42954b54d84c3b0398e7a1,Crown Holdings downgraded as rally and slower growth temper upside,yahoo_rss,2026-02-06T16:28:28Z,0,https://finance.yahoo.com/news/crown-holdings-downgraded-rally-slower-162828279.html?.tsrc=rss,"Investing.com -- Crown Holdings was downgraded by Wolfe Research and JPMorgan, both citing the share price run and expectations for slower earnings growth that leave limited near-term upside. Shares have gained 28% in last one year.",JPM,yahoo_rss,8a650cbd-981a-3e4c-bb5e-bb71a7c5e2e8,2026-02-06T19:12:42Z
2603,4390e6848e8c60d46a734d058c54fe8fe590b840ab555ab57e19ed6641c9e6be,"Stock Market Divided With S&P 500, Nasdaq Below Key Levels; Google, Amazon AI Spending Stuns: Weekly Review",yahoo_rss,2026-02-06T16:27:45Z,0,https://finance.yahoo.com/m/e11da50b-cad4-3459-9edc-b4e8339e8b79/stock-market-divided-with-s%26p.html?.tsrc=rss,"The stock market is divided, with the Nasdaq and S&amp;P 500 breaking support but many sectors thriving. Google and Amazon AI spending stunned. Bitcoin plunged.",GOOGL,yahoo_rss,e11da50b-cad4-3459-9edc-b4e8339e8b79,2026-02-06T19:12:42Z
2357,fb0464fc297c8183053e63a5f73c0bd3d88bf858fdba77178d3252a090f8973e,The Stock Market Is Rising. Wall Street Still Has a Mag 7 Problem.,yahoo_rss,2026-02-06T16:24:37Z,0,https://finance.yahoo.com/m/d7be3ec5-ddba-37d0-8f87-d02b4605d539/the-stock-market-is-rising..html?.tsrc=rss,"Earnings season has been a dud for Magnificent Seven stocks, but the rotation away from Big Tech has barely dented the group’s hold over the S&amp;P 500.  Microsoft, Tesla, Amazon.com, Nvidia, Alphabet, Apple, and Meta Platforms entered the year making up 36.9% of the index's total market cap.",AAPL,yahoo_rss,d7be3ec5-ddba-37d0-8f87-d02b4605d539,2026-02-06T19:12:42Z
3008,4ef3eb437114cd59f37e5c73dd98a1df4536f0c6651140ff985f3ea237bef031,Meta vs Microsoft Stock | Which AI Stock Is the Better Bargain Right Now? - techi.com,techi.com,2026-02-06T16:21:00Z,0,https://news.google.com/rss/articles/CBMidkFVX3lxTE5kRHpxWW9HUUVLSkctVURIMmNPZDVIcDI1RXp1MGViYXgyUFFUSnRqZzRRc2J3OXZYS1dmRGY1Mm1NdnBCOWR2MVFWZWVGM3BDdnBORFlvQ1lHX2M1MmxRTVREX1JFblF4Z2pDRWZ5RGF5X2lYVFE?oc=5,"<a href=""https://news.google.com/rss/articles/CBMidkFVX3lxTE5kRHpxWW9HUUVLSkctVURIMmNPZDVIcDI1RXp1MGViYXgyUFFUSnRqZzRRc2J3OXZYS1dmRGY1Mm1NdnBCOWR2MVFWZWVGM3BDdnBORFlvQ1lHX2M1MmxRTVREX1JFblF4Z2pDRWZ5RGF5X2lYVFE?oc=5"" target=""_blank"">Meta vs Microsoft Stock | Which AI Stock Is the Better Bargain Right Now?</a>&nbsp;&nbsp;<font color=""#6f6f6f"">techi.com</font>",META,google_news_rss,CBMidkFVX3lxTE5kRHpxWW9HUUVLSkctVURIMmNPZDVIcDI1RXp1MGViYXgyUFFUSnRqZzRRc2J3OXZYS1dmRGY1Mm1NdnBCOWR2MVFWZWVGM3BDdnBORFlvQ1lHX2M1MmxRTVREX1JFblF4Z2pDRWZ5RGF5X2lYVFE,2026-02-06T19:12:42Z
3173,e78bb19c4f98b06ef60cd8747e67f651fa77db46d3d472f1a89e00d1f6a9972d,Wall Street Banks Lift Bonuses 10% as Trading Revenue Jumps 16%,yahoo_rss,2026-02-06T16:19:05Z,0,https://finance.yahoo.com/news/wall-street-banks-lift-bonuses-161905542.html?.tsrc=rss,"JPMorgan, Goldman Sachs and Bank of America raise banker and trader bonuses after investment banking hit $25.7 billion and trading reached $87.7 billion.",JPM,yahoo_rss,426bb46f-f105-3249-87d3-ff7575aa92a6,2026-02-06T19:12:42Z
2489,7a9c46bbc1766281bd5cb130cd0538b750ff3b23c8c38035a3b0f3df9e535fa4,Heard on the Street: Amazon Has Burned Cash Before. The AI Splurge Is Different,yahoo_rss,2026-02-06T16:15:02Z,0,https://finance.yahoo.com/m/c119b61b-49cf-350c-a022-373089de9b6e/heard-on-the-street%3A-amazon.html?.tsrc=rss,"Amazon has never spent anything close to $200 billion a year before.  Amazon’s capital spending forecast for this year—given during its fourth-quarter report on Thursday—is well above even the substantially raised projections at Google and Meta Platforms.  Analysts now expect Amazon to burn nearly $7 billion in cash this year, according to consensus estimates from Visible Alpha.",MSFT,yahoo_rss,c119b61b-49cf-350c-a022-373089de9b6e,2026-02-06T19:12:42Z
2490,25726964f4443cc070eb6fb0c9e2425dcfd00bc099c44a63a04264320c84f4f8,Alphabet and Microsoft: Billion Dollar AI Bettors,yahoo_rss,2026-02-06T16:15:00Z,0,https://finance.yahoo.com/news/alphabet-microsoft-billion-dollar-ai-161500034.html?.tsrc=rss,"Both companies are laying out huge capital to build out during the broader AI frenzy, with the trend seemingly not slowing anytime soon following recent quarterly results.",MSFT,yahoo_rss,11225969-264a-3dbc-b7e4-6963946012cc,2026-02-06T19:12:42Z
2738,08f583ed8afeb053303b6977f542d622087ac861748b07ae85d03e50c24d173a,"Amazon stock crashes after $200 billion AI spending shocks investors – Why AMZN, MSFT, NVDA, META, GOOG an - The Economic Times",The Economic Times,2026-02-06T16:12:29Z,0,https://news.google.com/rss/articles/CBMiwgJBVV95cUxNZ0s3QnZRdEM2cWlPLWdCMGRydE11dXdmbF8xelVGZjdzWW0zOE9tYkxVam5HLW5NSDZaZnktS1F5WFdFZi1lM3d0YlN6aURtZ3ZSbVRmTmk3ZmpxblVvUHhURVVXbEFUeGp1OVhKNkZraHcxNjI1Y0VlV1pyYk9XZXJZR1cxbzBJTEM2VDY5T1pZVEJyM2FscmM0T3lUSXdyVE81WFotSUtIOEhMMThHVmJGdlN4RVFweHAwajFuN3JYSWFyZy1Gdm9LYWRrWGRzcmkwOGhneXY2QV9aRmhMY200MmNvSERNQ1lTTVNrVElmbkpEMXplZGlOcWF2cFg2OWlybFZ4cnNQNW40S1pNQTdfc01YaFRaX3ozb3NvLTBFaUJ1dG1DbUZXTmhkQ1lhYzlFZGhSNWR1cWcxMFJyTmZn0gHHAkFVX3lxTE5FeDNDa2VUWG9mZmdpYndINkZVbTBLSm9fOHhFdFNfQy11WklOX0FzZnNkeXhTZ05SRkM0ejdPSXZHVXItUmhMLVg1eUJxb0RKMHlGZElIZGNsY051Yk1GaVJtMG1vTldDZWNNX1ozUUpabXE4Z1JVZUlDY1BIc0otb005WDJtTElJTEVoRjVQWkJSdGo1dVR4LVE0andNYTZKWFB2bXU3NE8wckF5ekgwdzA4d3JWd010M3dyaV81RzdqQVdiY1BiWGpHSkVqYVdsaTBWb0kxQ2JjQ0pvOVhuOGJ1OFIwV3VVLWpUWDNiRGhMZk9mcGpaZWdud2RoMkplOUJoMWM4RlVORGVGb0ZVajJMdmYtU2ZfNi0wb1RtTXFScmdvdDgtRFhZZVB2QjExNzRtbEF4UUY2MzNBZFJQbHV6QU03bw?oc=5,"<a href=""https://news.google.com/rss/articles/CBMiwgJBVV95cUxNZ0s3QnZRdEM2cWlPLWdCMGRydE11dXdmbF8xelVGZjdzWW0zOE9tYkxVam5HLW5NSDZaZnktS1F5WFdFZi1lM3d0YlN6aURtZ3ZSbVRmTmk3ZmpxblVvUHhURVVXbEFUeGp1OVhKNkZraHcxNjI1Y0VlV1pyYk9XZXJZR1cxbzBJTEM2VDY5T1pZVEJyM2FscmM0T3lUSXdyVE81WFotSUtIOEhMMThHVmJGdlN4RVFweHAwajFuN3JYSWFyZy1Gdm9LYWRrWGRzcmkwOGhneXY2QV9aRmhMY200MmNvSERNQ1lTTVNrVElmbkpEMXplZGlOcWF2cFg2OWlybFZ4cnNQNW40S1pNQTdfc01YaFRaX3ozb3NvLTBFaUJ1dG1DbUZXTmhkQ1lhYzlFZGhSNWR1cWcxMFJyTmZn0gHHAkFVX3lxTE5FeDNDa2VUWG9mZmdpYndINkZVbTBLSm9fOHhFdFNfQy11WklOX0FzZnNkeXhTZ05SRkM0ejdPSXZHVXItUmhMLVg1eUJxb0RKMHlGZElIZGNsY051Yk1GaVJtMG1vTldDZWNNX1ozUUpabXE4Z1JVZUlDY1BIc0otb005WDJtTElJTEVoRjVQWkJSdGo1dVR4LVE0andNYTZKWFB2bXU3NE8wckF5ekgwdzA4d3JWd010M3dyaV81RzdqQVdiY1BiWGpHSkVqYVdsaTBWb0kxQ2JjQ0pvOVhuOGJ1OFIwV3VVLWpUWDNiRGhMZk9mcGpaZWdud2RoMkplOUJoMWM4RlVORGVGb0ZVajJMdmYtU2ZfNi0wb1RtTXFScmdvdDgtRFhZZVB2QjExNzRtbEF4UUY2MzNBZFJQbHV6QU03bw?oc=5"" target=""_blank"">Amazon stock crashes after $200 billion AI spending shocks investors – Why AMZN, MSFT, NVDA, META, GOOG an</a>&nbsp;&nbsp;<font color=""#6f6f6f"">The Economic Times</font>",AMZN,google_news_rss,CBMiwgJBVV95cUxNZ0s3QnZRdEM2cWlPLWdCMGRydE11dXdmbF8xelVGZjdzWW0zOE9tYkxVam5HLW5NSDZaZnktS1F5WFdFZi1lM3d0YlN6aURtZ3ZSbVRmTmk3ZmpxblVvUHhURVVXbEFUeGp1OVhKNkZraHcxNjI1Y0VlV1pyYk9XZXJZR1cxbzBJTEM2VDY5T1pZVEJyM2FscmM0T3lUSXdyVE81WFotSUtIOEhMMThHVmJGdlN4RVFweHAwajFuN3JYSWFyZy1Gdm9LYWRrWGRzcmkwOGhneXY2QV9aRmhMY200MmNvSERNQ1lTTVNrVElmbkpEMXplZGlOcWF2cFg2OWlybFZ4cnNQNW40S1pNQTdfc01YaFRaX3ozb3NvLTBFaUJ1dG1DbUZXTmhkQ1lhYzlFZGhSNWR1cWcxMFJyTmZn0gHHAkFVX3lxTE5FeDNDa2VUWG9mZmdpYndINkZVbTBLSm9fOHhFdFNfQy11WklOX0FzZnNkeXhTZ05SRkM0ejdPSXZHVXItUmhMLVg1eUJxb0RKMHlGZElIZGNsY051Yk1GaVJtMG1vTldDZWNNX1ozUUpabXE4Z1JVZUlDY1BIc0otb005WDJtTElJTEVoRjVQWkJSdGo1dVR4LVE0andNYTZKWFB2bXU3NE8wckF5ekgwdzA4d3JWd010M3dyaV81RzdqQVdiY1BiWGpHSkVqYVdsaTBWb0kxQ2JjQ0pvOVhuOGJ1OFIwV3VVLWpUWDNiRGhMZk9mcGpaZWdud2RoMkplOUJoMWM4RlVORGVGb0ZVajJMdmYtU2ZfNi0wb1RtTXFScmdvdDgtRFhZZVB2QjExNzRtbEF4UUY2MzNBZFJQbHV6QU03bw,2026-02-06T19:12:42Z
2491,772304d6edc5958a556764ddd45b120e321112598a35c8f8e64d614e9cc0ff0c,"Amazon Q4 Earnings Miss Estimates, Shares Slide on $200B Capex Plan",yahoo_rss,2026-02-06T16:07:00Z,0,https://finance.yahoo.com/news/amazon-q4-earnings-miss-estimates-160700459.html?.tsrc=rss,"AMZN tops Q4 revenue estimates as AWS growth reaccelerates to 24%, but shares slide after guidance and a $200 billion 2026 capex plan spook investors.",MSFT,yahoo_rss,870f5687-b2e5-3aff-aa54-31fe5ca5314d,2026-02-06T19:12:42Z
3292,9c02ba27d18f92ae20d16d3311d1d4abaa7504b22dc28d974cb63b6a28bf8c67,Visa takes a fresh crack at China's elusive payments market,yahoo_rss,2026-02-06T16:00:19Z,0,https://www.americanbanker.com/payments/news/visa-teams-with-unionpay-to-expand-chinese-payments?.tsrc=rss,"By pairing its real-time transfer app with China's UnionPay card, Visa is pursuing business in the huge country, where shifting regulations create hurdles for outside companies.",V,yahoo_rss,21a9c501-a6a2-3f42-a37a-e2e369dc1709,2026-02-06T19:12:42Z
3058,690e59db6529559d5b00e08fd524c1bbcf93d3634e96198e137e3eaf46867193,Carney steers Canada away from U.S. with new auto strategy,yahoo_rss,2026-02-06T15:59:43Z,0,https://financialpost.com/transportation/autos/canada-breaks-from-us-ev-transition?.tsrc=rss,Prime minister casts doubt on whether the integrated North American auto manufacturing sector will survive,TSLA,yahoo_rss,9d7b5d1d-acf8-3ad3-87ff-577cdbab7105,2026-02-06T19:12:42Z
3059,2fd214018c9717924cc0eb1fa87a0ae219d85876b6938b4efe09133241aeb8be,Is Tesla Stock Your Ticket to Becoming a Millionaire?,yahoo_rss,2026-02-06T15:50:00Z,0,https://www.fool.com/investing/2026/02/06/tesla-stock-ticket-becoming-a-millionaire/?.tsrc=rss,"Long-time shareholders should have zero complaints, as the stock is up almost 27,000% since the IPO.",TSLA,yahoo_rss,0fe885bb-cef5-3a5f-acd2-c52edc881d76,2026-02-06T19:12:42Z
3174,315056b4efe8f7b0e14bd6d87ae111044f620fbc166f960871146cf03a147ba3,"JPMorgan, Rand Merchant Bank lead MENA 2025 M&A financial advisers list",yahoo_rss,2026-02-06T15:45:15Z,0,https://www.privatebankerinternational.com/news/mena-2025-ma-financial-advisers-list/?.tsrc=rss,"JPMorgan led in deal value, advising on transactions totalling $59.5bn over the year.",JPM,yahoo_rss,74c95bfa-4e9c-327e-abc6-de870b60289f,2026-02-06T19:12:42Z
2733,19d4d4067a37a936a51bab769af02f00b526f219a5c95f71f063153a2cd93263,"Amazon Stock Enters 'Prove It Mode': Analysts Are Cautious, But Say 'AI Position Is Underappreciated' - Benzinga",Benzinga,2026-02-06T15:45:10Z,0,https://news.google.com/rss/articles/CBMigAJBVV95cUxPNUZjcEptTVhnM0kzTFVKam5zWm1LOVlhSWJ1dFRNSjJLX0x3eFMtZVp4WWNTdFA3bUtOYkx0c20xaFprOF8zNDFVbWE5T3p6VWFjMkk0SkdiUXZKSFRUNkFGRGJWcVIwZTZMWGhsdWx4NzdiVmVDTlBhZEdSSjMyUTVfUmExb3pmMTA0OFROazZXTHdBdkVlVzBaQS1YcGVxbVJJa3g3TVVXREZLUVJvOHNTVFVJMjNQOUFYaEJQM2E0V1BBaXJHZkZVY3RyazFZTkpvUFpUdGlnejBadm9kSmRKNzE0bU1FeFR2NWl5b0UxMjY1UFB2UFNtTmlld1lw?oc=5,"<a href=""https://news.google.com/rss/articles/CBMigAJBVV95cUxPNUZjcEptTVhnM0kzTFVKam5zWm1LOVlhSWJ1dFRNSjJLX0x3eFMtZVp4WWNTdFA3bUtOYkx0c20xaFprOF8zNDFVbWE5T3p6VWFjMkk0SkdiUXZKSFRUNkFGRGJWcVIwZTZMWGhsdWx4NzdiVmVDTlBhZEdSSjMyUTVfUmExb3pmMTA0OFROazZXTHdBdkVlVzBaQS1YcGVxbVJJa3g3TVVXREZLUVJvOHNTVFVJMjNQOUFYaEJQM2E0V1BBaXJHZkZVY3RyazFZTkpvUFpUdGlnejBadm9kSmRKNzE0bU1FeFR2NWl5b0UxMjY1UFB2UFNtTmlld1lw?oc=5"" target=""_blank"">Amazon Stock Enters 'Prove It Mode': Analysts Are Cautious, But Say 'AI Position Is Underappreciated'</a>&nbsp;&nbsp;<font color=""#6f6f6f"">Benzinga</font>",AMZN,google_news_rss,CBMigAJBVV95cUxPNUZjcEptTVhnM0kzTFVKam5zWm1LOVlhSWJ1dFRNSjJLX0x3eFMtZVp4WWNTdFA3bUtOYkx0c20xaFprOF8zNDFVbWE5T3p6VWFjMkk0SkdiUXZKSFRUNkFGRGJWcVIwZTZMWGhsdWx4NzdiVmVDTlBhZEdSSjMyUTVfUmExb3pmMTA0OFROazZXTHdBdkVlVzBaQS1YcGVxbVJJa3g3TVVXREZLUVJvOHNTVFVJMjNQOUFYaEJQM2E0V1BBaXJHZkZVY3RyazFZTkpvUFpUdGlnejBadm9kSmRKNzE0bU1FeFR2NWl5b0UxMjY1UFB2UFNtTmlld1lw,2026-02-06T19:12:42Z
3175,05de8b642519a7ec0b744639aa9b359129f1d0474dbd39cfa7b12147f1a8cdab,JPMorgan's Kelly Sees Something Artificial in AI Profits,yahoo_rss,2026-02-06T15:45:04Z,0,https://finance.yahoo.com/video/jpmorgans-kelly-sees-something-artificial-154504137.html?.tsrc=rss,"David Kelly, JPMorgan Asset Management chief global strategist, says investors are ""prudently rebalancing"" while reacting to the recent selloff in tech stocks on ""Bloomberg Open Interest.""",JPM,yahoo_rss,2dbd817e-bc54-3a09-bebd-9e6bd08b5c1b,2026-02-06T19:12:42Z
3411,65aed54ffad45430cdc28576566f3156199c90c2147e8cb939acc8caee89e41c,ExxonMobil's Permian Push: Here's What Investors Should Know,yahoo_rss,2026-02-06T15:45:00Z,0,https://finance.yahoo.com/news/exxonmobils-permian-push-heres-investors-154500967.html?.tsrc=rss,"XOM continues ramping up Permian production, leveraging new technology, and plans further output increases in the coming years.",XOM,yahoo_rss,1dbd1110-b6c0-3f5b-aca6-bcee62177a06,2026-02-06T19:12:42Z
2358,fc923924f01e7e1e46209f34fa3cdaef3d7e960f1e6466f58b2fa557f457d5d4,Would you end a relationship over a difference in salary? How readers voted,yahoo_rss,2026-02-06T15:39:36Z,0,https://uk.finance.yahoo.com/news/would-you-end-a-relationship-over-a-difference-in-salary-how-readers-voted-153936079.html?.tsrc=rss,"A fifth of Britons would consider ending a friendship or romantic relationship over a difference in salary, a survey found.",AAPL,yahoo_rss,8d92f70b-4aa5-4fe7-a62f-83a0e7161b2a,2026-02-06T19:12:42Z
3060,c64da273cec75b7d50674f9ad469a191f8950f6f64d67f9b2442027f1d25f92c,Jeep Maker Stellantis Books $26 Billion Charges in EV Reset,yahoo_rss,2026-02-06T15:36:00Z,0,https://finance.yahoo.com/m/8ef1cd69-6f5e-3582-8ec0-b448e5d860ad/jeep-maker-stellantis-books.html?.tsrc=rss,The charges are the most costly yet reported by an automaker related to bad bets on EVs. The company’s Europe-listed shares fell more than 20%.,TSLA,yahoo_rss,8ef1cd69-6f5e-3582-8ec0-b448e5d860ad,2026-02-06T19:12:42Z
2845,ba432128009f13657e0ac795cf605a43c9c7ea72b7f55fb7143b8e55b7821afe,Is It Worth Investing in Nvidia (NVDA) Based on Wall Street's Bullish Views? - Finviz,Finviz,2026-02-06T15:35:52Z,0,https://news.google.com/rss/articles/CBMipgFBVV95cUxQTGlKZ2pqbVRCTUNBZ0dacktQREF4UkJ1WTBzWDVmdGRDamRqSXd4QkM3QUNtWGJHR2xRQXNwNlpXdVBwVlYzVU42ZUxWSllyQUdLVnhwNE1SRWo3T2JSb1RlQTlsQzlrZkVLaGllZFZwNTQ0d1dYanppRFpIZUtfTU1IMlppT3ZIQ3VQbHN5bEdDY3NGeGdXdHFpUlZuNVdYTC1TamJn?oc=5,"<a href=""https://news.google.com/rss/articles/CBMipgFBVV95cUxQTGlKZ2pqbVRCTUNBZ0dacktQREF4UkJ1WTBzWDVmdGRDamRqSXd4QkM3QUNtWGJHR2xRQXNwNlpXdVBwVlYzVU42ZUxWSllyQUdLVnhwNE1SRWo3T2JSb1RlQTlsQzlrZkVLaGllZFZwNTQ0d1dYanppRFpIZUtfTU1IMlppT3ZIQ3VQbHN5bEdDY3NGeGdXdHFpUlZuNVdYTC1TamJn?oc=5"" target=""_blank"">Is It Worth Investing in Nvidia (NVDA) Based on Wall Street's Bullish Views?</a>&nbsp;&nbsp;<font color=""#6f6f6f"">Finviz</font>",NVDA,google_news_rss,CBMipgFBVV95cUxQTGlKZ2pqbVRCTUNBZ0dacktQREF4UkJ1WTBzWDVmdGRDamRqSXd4QkM3QUNtWGJHR2xRQXNwNlpXdVBwVlYzVU42ZUxWSllyQUdLVnhwNE1SRWo3T2JSb1RlQTlsQzlrZkVLaGllZFZwNTQ0d1dYanppRFpIZUtfTU1IMlppT3ZIQ3VQbHN5bEdDY3NGeGdXdHFpUlZuNVdYTC1TamJn,2026-02-06T19:12:42Z
2657,31dae4598383640791fa14701aabbb7d3d993685703f6d9fa25b1bf14abb1289,Alphabet and Microsoft: Billion Dollar AI Bettors - Zacks Investment Research,Zacks Investment Research,2026-02-06T15:32:09Z,0,https://news.google.com/rss/articles/CBMikwFBVV95cUxQcGVZdGpNdW5HdUFXNlVZY1pXSk12MUVvLUJXZGhhTmNNS0RUUENNUk5IblMxVVNEUVZONUlva2d5V1hIU2V5SGRCclRRZDNnQmwwQ0RQbVNwOUVlU1BpeDFZQm5YNjNISTN5cnRBQzFkU0Q0UWJpaVpHNFY1SDhFcmFYMDRLRFgzbVI0YXRhRHh6MWs?oc=5,"<a href=""https://news.google.com/rss/articles/CBMikwFBVV95cUxQcGVZdGpNdW5HdUFXNlVZY1pXSk12MUVvLUJXZGhhTmNNS0RUUENNUk5IblMxVVNEUVZONUlva2d5V1hIU2V5SGRCclRRZDNnQmwwQ0RQbVNwOUVlU1BpeDFZQm5YNjNISTN5cnRBQzFkU0Q0UWJpaVpHNFY1SDhFcmFYMDRLRFgzbVI0YXRhRHh6MWs?oc=5"" target=""_blank"">Alphabet and Microsoft: Billion Dollar AI Bettors</a>&nbsp;&nbsp;<font color=""#6f6f6f"">Zacks Investment Research</font>",GOOGL,google_news_rss,CBMikwFBVV95cUxQcGVZdGpNdW5HdUFXNlVZY1pXSk12MUVvLUJXZGhhTmNNS0RUUENNUk5IblMxVVNEUVZONUlva2d5V1hIU2V5SGRCclRRZDNnQmwwQ0RQbVNwOUVlU1BpeDFZQm5YNjNISTN5cnRBQzFkU0Q0UWJpaVpHNFY1SDhFcmFYMDRLRFgzbVI0YXRhRHh6MWs,2026-02-06T19:12:42Z
2847,c973c4829adaf986e923520e798c84379cb38b83a90be3472423a89fb261d7f1,"Nvidia (NVDA) stock analysis: Buy, Sell, or Hold in 2026? - Finbold",Finbold,2026-02-06T15:31:34Z,0,https://news.google.com/rss/articles/CBMifEFVX3lxTE1yay1DQ3RuNkVuUFpVdU5TcTZ2U2JCWUJPTk0xTFQyeHdSTC14c3cyU0I3MmpBS0hyRWVXNVlwVS1fUEtlZXA5QXltRGhleFJUbFFnZnJ4OHBwT1l4S19wbEpQRGI3YllxTWNoNTkwUERSdnR6a3hYNWhfaE4?oc=5,"<a href=""https://news.google.com/rss/articles/CBMifEFVX3lxTE1yay1DQ3RuNkVuUFpVdU5TcTZ2U2JCWUJPTk0xTFQyeHdSTC14c3cyU0I3MmpBS0hyRWVXNVlwVS1fUEtlZXA5QXltRGhleFJUbFFnZnJ4OHBwT1l4S19wbEpQRGI3YllxTWNoNTkwUERSdnR6a3hYNWhfaE4?oc=5"" target=""_blank"">Nvidia (NVDA) stock analysis: Buy, Sell, or Hold in 2026?</a>&nbsp;&nbsp;<font color=""#6f6f6f"">Finbold</font>",NVDA,google_news_rss,CBMifEFVX3lxTE1yay1DQ3RuNkVuUFpVdU5TcTZ2U2JCWUJPTk0xTFQyeHdSTC14c3cyU0I3MmpBS0hyRWVXNVlwVS1fUEtlZXA5QXltRGhleFJUbFFnZnJ4OHBwT1l4S19wbEpQRGI3YllxTWNoNTkwUERSdnR6a3hYNWhfaE4,2026-02-06T19:12:42Z
2946,b9eac8c3133c01edcc1238008eefbd8f4324fbdf7b6861292246f13ee0d0f524,Palantir CEO Takes Shots At Circular AI Investments,yahoo_rss,2026-02-06T15:31:05Z,0,https://finance.yahoo.com/news/palantir-ceo-takes-shots-circular-153105202.html?.tsrc=rss,"As AI-connected company valuations continue to inflate, Palantir Technologies, Inc. (NASDAQ:PLTR) CEO Alex Karp positioned his company as the sober adult in the room. During Palantir's earnings call on Monday, Karp took direct aim at the industry trend of circular AI investments—a practice where tech giants invest in startups so those startups can spend that capital back on the investor's own cloud services or hardware. Critique of Round-Tripping Karp's rhetoric centered on the integrity of reve",META,yahoo_rss,ea61da35-f1ca-3d92-af55-460589509f8c,2026-02-06T19:12:42Z
2719,8d9e1ed92b66a0d6eed3a859eef43dc788b344409c1e7e139c255301e39e9d70,Amazon Stock Falls Sharply on Earnings. AI Spending Soars. - Barron's,Barron's,2026-02-06T15:30:00Z,0,https://news.google.com/rss/articles/CBMi_gJBVV95cUxQVzgwUmpWNkdTLXZiYW80NlRtbEk4eWUtMV82XzdHVml4QWEySkkwMFZyQ1RyWWlDd2Fva2hrZUZOelA2SzNRM3NJd0ZHWFV6NWdwaDFwWERPR0dRRFVUX3BHVG5kc1VNX0JGQWduWHpiSFFKMUFaQ2dHZkxTWEM4NjhOZHh1UVkyZkRBTmJqWmNHUGJtTG51d1QwQXBFNWNCR09lRTBMM2FyZnhIWVdOdlJFVkwzX0ljZFdBVlNSRTFiQ0Y3UmxpTldLODk4Q2JGYkZuSHhUWWctYkFpWTlwX1RCakRRc1g3RUUtMEFjY0pVTGZKMFpHNlllVS1YRHVGdEhXOTVIeFRWZkpqUnBSYjVVOEJTV2JpVl9WejlnbEM5M2dxTFprQUliT2lOc2dtcHhhSFJOeHBUaXgzNE1CNjFMcy1jWlVmOGdValMtVXhMaWFmNHJRR2lIeUNzaTVEQVZid01abUxWNEZ4bmFiOHFiWkxKZ0xxbHp1WVJB?oc=5,"<a href=""https://news.google.com/rss/articles/CBMi_gJBVV95cUxQVzgwUmpWNkdTLXZiYW80NlRtbEk4eWUtMV82XzdHVml4QWEySkkwMFZyQ1RyWWlDd2Fva2hrZUZOelA2SzNRM3NJd0ZHWFV6NWdwaDFwWERPR0dRRFVUX3BHVG5kc1VNX0JGQWduWHpiSFFKMUFaQ2dHZkxTWEM4NjhOZHh1UVkyZkRBTmJqWmNHUGJtTG51d1QwQXBFNWNCR09lRTBMM2FyZnhIWVdOdlJFVkwzX0ljZFdBVlNSRTFiQ0Y3UmxpTldLODk4Q2JGYkZuSHhUWWctYkFpWTlwX1RCakRRc1g3RUUtMEFjY0pVTGZKMFpHNlllVS1YRHVGdEhXOTVIeFRWZkpqUnBSYjVVOEJTV2JpVl9WejlnbEM5M2dxTFprQUliT2lOc2dtcHhhSFJOeHBUaXgzNE1CNjFMcy1jWlVmOGdValMtVXhMaWFmNHJRR2lIeUNzaTVEQVZid01abUxWNEZ4bmFiOHFiWkxKZ0xxbHp1WVJB?oc=5"" target=""_blank"">Amazon Stock Falls Sharply on Earnings. AI Spending Soars.</a>&nbsp;&nbsp;<font color=""#6f6f6f"">Barron's</font>",AMZN,google_news_rss,CBMi_gJBVV95cUxQVzgwUmpWNkdTLXZiYW80NlRtbEk4eWUtMV82XzdHVml4QWEySkkwMFZyQ1RyWWlDd2Fva2hrZUZOelA2SzNRM3NJd0ZHWFV6NWdwaDFwWERPR0dRRFVUX3BHVG5kc1VNX0JGQWduWHpiSFFKMUFaQ2dHZkxTWEM4NjhOZHh1UVkyZkRBTmJqWmNHUGJtTG51d1QwQXBFNWNCR09lRTBMM2FyZnhIWVdOdlJFVkwzX0ljZFdBVlNSRTFiQ0Y3UmxpTldLODk4Q2JGYkZuSHhUWWctYkFpWTlwX1RCakRRc1g3RUUtMEFjY0pVTGZKMFpHNlllVS1YRHVGdEhXOTVIeFRWZkpqUnBSYjVVOEJTV2JpVl9WejlnbEM5M2dxTFprQUliT2lOc2dtcHhhSFJOeHBUaXgzNE1CNjFMcy1jWlVmOGdValMtVXhMaWFmNHJRR2lIeUNzaTVEQVZid01abUxWNEZ4bmFiOHFiWkxKZ0xxbHp1WVJB,2026-02-06T19:12:42Z
2963,5c0ffc8a3f4e5632d5d0ffa7f353471bcb05d1f63ffa810d0434445b6fce038e,Meta stock slides again as AI spending doubts hang over Big Tech - TechStock²,TechStock²,2026-02-06T15:27:00Z,0,https://news.google.com/rss/articles/CBMijgFBVV95cUxOMThlT2cyc21Ibl9ZSEpnSTIzS1Y3TkNzbktWZHZQTFNJWlo0Q2RISi1fVnc2dHNWNC1TVVBBNWpaWGZ1UDR5dUV3aG92WHIwR3h3dzBfUHlnclFFVlZsN3FWTjU4OHhfdzYweWFRUlFXdmFWaG5rSnVfRE1OaHgwNzFKZFItdmk1RWM0ZjFn?oc=5,"<a href=""https://news.google.com/rss/articles/CBMijgFBVV95cUxOMThlT2cyc21Ibl9ZSEpnSTIzS1Y3TkNzbktWZHZQTFNJWlo0Q2RISi1fVnc2dHNWNC1TVVBBNWpaWGZ1UDR5dUV3aG92WHIwR3h3dzBfUHlnclFFVlZsN3FWTjU4OHhfdzYweWFRUlFXdmFWaG5rSnVfRE1OaHgwNzFKZFItdmk1RWM0ZjFn?oc=5"" target=""_blank"">Meta stock slides again as AI spending doubts hang over Big Tech</a>&nbsp;&nbsp;<font color=""#6f6f6f"">TechStock²</font>",META,google_news_rss,CBMijgFBVV95cUxOMThlT2cyc21Ibl9ZSEpnSTIzS1Y3TkNzbktWZHZQTFNJWlo0Q2RISi1fVnc2dHNWNC1TVVBBNWpaWGZ1UDR5dUV3aG92WHIwR3h3dzBfUHlnclFFVlZsN3FWTjU4OHhfdzYweWFRUlFXdmFWaG5rSnVfRE1OaHgwNzFKZFItdmk1RWM0ZjFn,2026-02-06T19:12:42Z
2747,b1ccda004cc3cdc98d5063e4656e680cbdd53e156dc74728d4e3eb1c23829fd8,"Biggest stock movers Friday: Crypto stocks, LUMN, AMZN, STLA, and more (DOCS:NYSE) - Seeking Alpha",Seeking Alpha,2026-02-06T15:22:00Z,0,https://news.google.com/rss/articles/CBMijAFBVV95cUxNMUFVbGs0bjlZY1hLZjNZbWNjdWhlSENNS3VoUU1tLWI0R0RSYktsc2pyRjFza2JYbXNCam5KeUdwbWxIMUhwRzNGb3B5VGE5ME9keTAyYkxQMnVVZGhrYWJBUDVVTUVRajNkWTlLWTgzc3hkc2l2bHJ5dDdXTGNMdVJQb0NINHhCSzJGUA?oc=5,"<a href=""https://news.google.com/rss/articles/CBMijAFBVV95cUxNMUFVbGs0bjlZY1hLZjNZbWNjdWhlSENNS3VoUU1tLWI0R0RSYktsc2pyRjFza2JYbXNCam5KeUdwbWxIMUhwRzNGb3B5VGE5ME9keTAyYkxQMnVVZGhrYWJBUDVVTUVRajNkWTlLWTgzc3hkc2l2bHJ5dDdXTGNMdVJQb0NINHhCSzJGUA?oc=5"" target=""_blank"">Biggest stock movers Friday: Crypto stocks, LUMN, AMZN, STLA, and more (DOCS:NYSE)</a>&nbsp;&nbsp;<font color=""#6f6f6f"">Seeking Alpha</font>",AMZN,google_news_rss,CBMijAFBVV95cUxNMUFVbGs0bjlZY1hLZjNZbWNjdWhlSENNS3VoUU1tLWI0R0RSYktsc2pyRjFza2JYbXNCam5KeUdwbWxIMUhwRzNGb3B5VGE5ME9keTAyYkxQMnVVZGhrYWJBUDVVTUVRajNkWTlLWTgzc3hkc2l2bHJ5dDdXTGNMdVJQb0NINHhCSzJGUA,2026-02-06T19:12:42Z
2606,37e386ab0aec210cf0d6ffad04e30a551b1f63ec1d8e6be7f37c1599718dceed,Bank of America resets Google stock forecast post-earnings - thestreet.com,thestreet.com,2026-02-06T15:17:00Z,0,https://news.google.com/rss/articles/CBMiowFBVV95cUxNWC0xZW5ETVVWdUhsUGFzZHl2Vm5zWXBLdnhVSnVsd0xtT1V0b0VUeGxiUnJIbmlHRTFJdzA1bzVISFREOFpSTWtRTTF6Q0ZtYWhsT2dlODZuQzhPUUdJMDBpdm4yUnFrUVdYZG5HWDJkT1JhQ1pOWXBMSEY0OWxHbktXMnduLWN4RkpZQ3pIMXZDM0hFN2Y2eDZuQjdndmwzaF9v?oc=5,"<a href=""https://news.google.com/rss/articles/CBMiowFBVV95cUxNWC0xZW5ETVVWdUhsUGFzZHl2Vm5zWXBLdnhVSnVsd0xtT1V0b0VUeGxiUnJIbmlHRTFJdzA1bzVISFREOFpSTWtRTTF6Q0ZtYWhsT2dlODZuQzhPUUdJMDBpdm4yUnFrUVdYZG5HWDJkT1JhQ1pOWXBMSEY0OWxHbktXMnduLWN4RkpZQ3pIMXZDM0hFN2Y2eDZuQjdndmwzaF9v?oc=5"" target=""_blank"">Bank of America resets Google stock forecast post-earnings</a>&nbsp;&nbsp;<font color=""#6f6f6f"">thestreet.com</font>",GOOGL,google_news_rss,CBMiowFBVV95cUxNWC0xZW5ETVVWdUhsUGFzZHl2Vm5zWXBLdnhVSnVsd0xtT1V0b0VUeGxiUnJIbmlHRTFJdzA1bzVISFREOFpSTWtRTTF6Q0ZtYWhsT2dlODZuQzhPUUdJMDBpdm4yUnFrUVdYZG5HWDJkT1JhQ1pOWXBMSEY0OWxHbktXMnduLWN4RkpZQ3pIMXZDM0hFN2Y2eDZuQjdndmwzaF9v,2026-02-06T19:12:42Z
3412,deba4df2f3ddaa2d2254a2673c4d8d59e6f5a4e03a6a6ce30ded3c59586e2fe6,Shell Plc downgraded after soft trading update,yahoo_rss,2026-02-06T15:15:03Z,0,https://www.proactiveinvestors.com/companies/news/1086960/shell-plc-downgraded-after-soft-trading-update-1086960.html?.tsrc=rss,"RBC Capital Markets has downgraded Shell PLC to 'Sector Perform' from 'Outperform', citing mounting concerns over the energy major's resource depth and what the bank calls a rare ""double miss"" on earnings. The investment bank cut its price target to 3,200p from 3,600p, implying roughly 12%...",XOM,yahoo_rss,09b13fb9-ef0c-3abe-bfb2-2c858eb6ac30,2026-02-06T19:12:42Z
2736,408b2b262d39ca07617e984ddbcb50d73fd5fe225ff93ef7a9727306911425a4,Amazon Stock: CapEx Shock (NASDAQ:AMZN) - Seeking Alpha,Seeking Alpha,2026-02-06T15:12:31Z,0,https://news.google.com/rss/articles/CBMia0FVX3lxTFBVTkk4SUs2dldhMTdBVHhVOERsNGNaVlNOR2RuVWlPWldBX09ZUU1SMmZCMmZXbUJtQ0ZRRU1td041Yjlzb0xqbnJGWC02aUpUTFk4UWw4TGxUdHhUZG05aldpUWt4UXhwSmx3?oc=5,"<a href=""https://news.google.com/rss/articles/CBMia0FVX3lxTFBVTkk4SUs2dldhMTdBVHhVOERsNGNaVlNOR2RuVWlPWldBX09ZUU1SMmZCMmZXbUJtQ0ZRRU1td041Yjlzb0xqbnJGWC02aUpUTFk4UWw4TGxUdHhUZG05aldpUWt4UXhwSmx3?oc=5"" target=""_blank"">Amazon Stock: CapEx Shock (NASDAQ:AMZN)</a>&nbsp;&nbsp;<font color=""#6f6f6f"">Seeking Alpha</font>",AMZN,google_news_rss,CBMia0FVX3lxTFBVTkk4SUs2dldhMTdBVHhVOERsNGNaVlNOR2RuVWlPWldBX09ZUU1SMmZCMmZXbUJtQ0ZRRU1td041Yjlzb0xqbnJGWC02aUpUTFk4UWw4TGxUdHhUZG05aldpUWt4UXhwSmx3,2026-02-06T19:12:42Z
2492,38bd2180dab22b11ce5c59a176afb82dd69a0d08b370a6c714986be05408a838,"Tyson Foods AGM: Shareholders Elect Directors, Approve Pay Plan, Reject Waste Lagoon Proposal",yahoo_rss,2026-02-06T15:10:59Z,0,https://www.marketbeat.com/instant-alerts/tyson-foods-agm-shareholders-elect-directors-approve-pay-plan-reject-waste-lagoon-proposal-2026-02-06/?utm_source=yahoofinance&utm_medium=yahoofinance&.tsrc=rss,"Tyson Foods (NYSE:TSN) shareholders voted to elect directors, ratify the company’s auditor, approve updates to an equity incentive plan, and endorse executive compensation at the company’s 63rd annual meeting on Feb. 5 in Springdale, Arkansas. Shareholders also voted down three shareholder proposals",MSFT,yahoo_rss,e32b49d4-89bb-38f5-9da7-c48e9ac89522,2026-02-06T19:12:42Z
2947,d0d34b0dcbe0b4708cfc855e2d33a4d7f69625eb14c12f0d648d26fd2097d978,Meta Confronts Legal Tests As Markets Weigh AI And Energy Commitments,yahoo_rss,2026-02-06T15:09:06Z,0,https://finance.yahoo.com/news/meta-confronts-legal-tests-markets-150906155.html?.tsrc=rss,Meta Platforms faces an upcoming jury trial in New Mexico over child exploitation claims linked to its social platforms. Solos Technology has filed a patent infringement lawsuit seeking more than $1 billion related to Meta's smart glasses technology. Meta is expanding long term nuclear and solar energy partnerships to power its AI and data center footprint. Meta Platforms (NasdaqGS:META) is dealing with these legal and operational developments while its shares trade at around $670.21. The...,META,yahoo_rss,a61e8c88-298f-3d4e-80bc-7cb855dec889,2026-02-06T19:12:42Z
3176,b2d210c00da5e25c31450728c858ea59381754b012251f39c6cfba53f90d155a,How Recent Analyst Moves Are Reframing The Crédit Agricole (ENXTPA:ACA) Investment Story,yahoo_rss,2026-02-06T15:08:41Z,0,https://finance.yahoo.com/news/recent-analyst-moves-reframing-cr-150841491.html?.tsrc=rss,"What Is Driving the New Fair Value for Crédit Agricole? Crédit Agricole’s Fair Value Estimate has shifted from €19.15 to about €20.01, a modest uplift that lines up with a series of refreshed price targets from major research houses. Recent target moves of €0.40 and €1 from JPMorgan, along with a similar €1 adjustment from another bank and one upgrade in rating, point to a slightly more supportive tone around how the bank is tracking against expectations. If you follow this stock, it is worth...",JPM,yahoo_rss,2d720807-7ef3-345d-8594-6bfa7b9682f5,2026-02-06T19:12:42Z
2948,b2e8b199462358476e905149757ba1e327f1d41509946daf45927c26d4a7459a,"Amazon Goes All-In on AI With $200B CapEx, Drowning Out Delivery Wins",yahoo_rss,2026-02-06T15:01:29Z,0,https://sourcingjournal.com/topics/logistics/amazon-200-billion-ai-artificial-intelligence-capital-expenditures-capex-delivery-fulfillment-costs-q4-16000-layoffs-1234812870/?.tsrc=rss,Wall Street fixated on the scale of Amazon’s AI and AWS investment push as same-day delivery gains and operational efficiencies faded into the background.,META,yahoo_rss,15e98ff2-c83b-3e09-a84e-ca7fd84e97cc,2026-02-06T19:12:42Z
2359,27b32c2b4b24dcc575538f0a7748562945377e65ec904f527a5b44577037ea54,AI trade splinters as investors get more selective,yahoo_rss,2026-02-06T15:01:01Z,0,https://finance.yahoo.com/news/ai-trade-splinters-investors-more-150101291.html?.tsrc=rss,"The global AI trade is starting to fracture as soaring capex, rising debt loads and doubts over who will profit from the technology force investors to draw sharper lines.  When ChatGPT launched in November 2022, anything linked to the artificial intelligence theme surged - from chipmakers and software firms to raw-materials suppliers ‌and even companies most exposed to AI disruption.  That lifted equity and debt markets to levels that have drawn bubble warnings from regulators and investors, even as the likes of Microsoft, Amazon, Alphabet and Meta mapped ‌out hundreds of billions of dollars in spending.",AAPL,yahoo_rss,42f565e8-04f4-3a0a-b0d5-b463e7a32a07,2026-02-06T19:12:42Z
2610,2d791ef3f09db92881fce1d11a8ea51bca9cb12f0dfe66d86fd122dc99c41ece,KeyBanc raises Alphabet stock price target to $370 on cloud growth - Investing.com,Investing.com,2026-02-06T15:00:51Z,0,https://news.google.com/rss/articles/CBMiwwFBVV95cUxPYW90NkFYVFU4YzhaSm9IaUt0bXZzeS0xcnk2bDAyS3FuclJhR3NzeGJnR1dEa0t4RnRsRWMzcnY2ZHlGcWUyZVdoVlNrQm0ydnFvSkxDd0JXdVlKZHh1V0FVRVhNSS1iNkdBUzd3Y0U1RXRVOXFaTFFqTTZ1bXNPVUh0SjE3alBkYUlkdDh5OFhvY0dDaXowNTlBRzVnUHBleXlQcnpNZHRnVXVEbmhHbEFoTXI5c21qME4wVVZWWndoLUU?oc=5,"<a href=""https://news.google.com/rss/articles/CBMiwwFBVV95cUxPYW90NkFYVFU4YzhaSm9IaUt0bXZzeS0xcnk2bDAyS3FuclJhR3NzeGJnR1dEa0t4RnRsRWMzcnY2ZHlGcWUyZVdoVlNrQm0ydnFvSkxDd0JXdVlKZHh1V0FVRVhNSS1iNkdBUzd3Y0U1RXRVOXFaTFFqTTZ1bXNPVUh0SjE3alBkYUlkdDh5OFhvY0dDaXowNTlBRzVnUHBleXlQcnpNZHRnVXVEbmhHbEFoTXI5c21qME4wVVZWWndoLUU?oc=5"" target=""_blank"">KeyBanc raises Alphabet stock price target to $370 on cloud growth</a>&nbsp;&nbsp;<font color=""#6f6f6f"">Investing.com</font>",GOOGL,google_news_rss,CBMiwwFBVV95cUxPYW90NkFYVFU4YzhaSm9IaUt0bXZzeS0xcnk2bDAyS3FuclJhR3NzeGJnR1dEa0t4RnRsRWMzcnY2ZHlGcWUyZVdoVlNrQm0ydnFvSkxDd0JXdVlKZHh1V0FVRVhNSS1iNkdBUzd3Y0U1RXRVOXFaTFFqTTZ1bXNPVUh0SjE3alBkYUlkdDh5OFhvY0dDaXowNTlBRzVnUHBleXlQcnpNZHRnVXVEbmhHbEFoTXI5c21qME4wVVZWWndoLUU,2026-02-06T19:12:42Z
2615,d3ac4eaa968a8caf192e3a714f39b03a7e243b480e5cf83614b69304d59235ab,Piper Sandler raises Alphabet stock price target to $395 on strong results - Investing.com,Investing.com,2026-02-06T14:57:57Z,0,https://news.google.com/rss/articles/CBMizgFBVV95cUxQSWtZdm1rRjNrNm1ncUZTaTJDVTEwelJYTW1HUEJUdFd0U1hVbVdqZUVBcWI4VGV4ZW1RTUE1TWxzbFVieWpDWVVaYk45WHBLa0hZVGRzaXg1T2kxZ1pDMDZ0VEdXdG1CSFEzS0VYUEx0SjhRTmNUVlJqNWNNZWZlLWQwaXFQY2xjWm11dlhpN0doUzB4amM5b2NPdVo4OWFsRXB4SDJENkJpU1Rmdnc0T0phLUJQN1NQell4bWY5ZmkyVnJsTFpVTGJPNVEzQQ?oc=5,"<a href=""https://news.google.com/rss/articles/CBMizgFBVV95cUxQSWtZdm1rRjNrNm1ncUZTaTJDVTEwelJYTW1HUEJUdFd0U1hVbVdqZUVBcWI4VGV4ZW1RTUE1TWxzbFVieWpDWVVaYk45WHBLa0hZVGRzaXg1T2kxZ1pDMDZ0VEdXdG1CSFEzS0VYUEx0SjhRTmNUVlJqNWNNZWZlLWQwaXFQY2xjWm11dlhpN0doUzB4amM5b2NPdVo4OWFsRXB4SDJENkJpU1Rmdnc0T0phLUJQN1NQell4bWY5ZmkyVnJsTFpVTGJPNVEzQQ?oc=5"" target=""_blank"">Piper Sandler raises Alphabet stock price target to $395 on strong results</a>&nbsp;&nbsp;<font color=""#6f6f6f"">Investing.com</font>",GOOGL,google_news_rss,CBMizgFBVV95cUxQSWtZdm1rRjNrNm1ncUZTaTJDVTEwelJYTW1HUEJUdFd0U1hVbVdqZUVBcWI4VGV4ZW1RTUE1TWxzbFVieWpDWVVaYk45WHBLa0hZVGRzaXg1T2kxZ1pDMDZ0VEdXdG1CSFEzS0VYUEx0SjhRTmNUVlJqNWNNZWZlLWQwaXFQY2xjWm11dlhpN0doUzB4amM5b2NPdVo4OWFsRXB4SDJENkJpU1Rmdnc0T0phLUJQN1NQell4bWY5ZmkyVnJsTFpVTGJPNVEzQQ,2026-02-06T19:12:42Z
3441,0efb0af0de530616b5fe126a3310a802e07d901c6133191d4754694e5134d257,Wells Trecaso Financial Group LLC Cuts Stock Holdings in Exxon Mobil Corporation $XOM - MarketBeat,MarketBeat,2026-02-06T14:56:16Z,0,https://news.google.com/rss/articles/CBMi3gFBVV95cUxQSi04SVRaT1hYWkdBNUw5cVFHa0hkYkJ3OWoyTVJWaDBUd1kybHBMZ3ZRaV9KTDRGcC1qYWxzR0FyX1ZCeW9NOFE1aVpGNDcwbXFoNG9ITkpKbEdqSWgxZUs0OTExMXBtd054TWdfZmZUcEpWVmJESzQ4YWZ6Nnp3QkdWWXRFUHNCQjdZLUdQaklBLUR2Z1ZkZ2dneTI5ekVteE1kWE03eTVQNVhyTHVUR3ByOFNyTEczUm1HcDBIR0pjUUpzUlBYWE5OWTB5MnJ3MGlaREdnREgxOTM0Wnc?oc=5,"<a href=""https://news.google.com/rss/articles/CBMi3gFBVV95cUxQSi04SVRaT1hYWkdBNUw5cVFHa0hkYkJ3OWoyTVJWaDBUd1kybHBMZ3ZRaV9KTDRGcC1qYWxzR0FyX1ZCeW9NOFE1aVpGNDcwbXFoNG9ITkpKbEdqSWgxZUs0OTExMXBtd054TWdfZmZUcEpWVmJESzQ4YWZ6Nnp3QkdWWXRFUHNCQjdZLUdQaklBLUR2Z1ZkZ2dneTI5ekVteE1kWE03eTVQNVhyTHVUR3ByOFNyTEczUm1HcDBIR0pjUUpzUlBYWE5OWTB5MnJ3MGlaREdnREgxOTM0Wnc?oc=5"" target=""_blank"">Wells Trecaso Financial Group LLC Cuts Stock Holdings in Exxon Mobil Corporation $XOM</a>&nbsp;&nbsp;<font color=""#6f6f6f"">MarketBeat</font>",XOM,google_news_rss,CBMi3gFBVV95cUxQSi04SVRaT1hYWkdBNUw5cVFHa0hkYkJ3OWoyTVJWaDBUd1kybHBMZ3ZRaV9KTDRGcC1qYWxzR0FyX1ZCeW9NOFE1aVpGNDcwbXFoNG9ITkpKbEdqSWgxZUs0OTExMXBtd054TWdfZmZUcEpWVmJESzQ4YWZ6Nnp3QkdWWXRFUHNCQjdZLUdQaklBLUR2Z1ZkZ2dneTI5ekVteE1kWE03eTVQNVhyTHVUR3ByOFNyTEczUm1HcDBIR0pjUUpzUlBYWE5OWTB5MnJ3MGlaREdnREgxOTM0Wnc,2026-02-06T19:12:42Z
2753,9c5925fa2f23e2eb948887f4495fa0c00a2764d3733d69760a5f35414f1d8caf,Amazon stock price tumbles as $200 billion 2026 capex plan hits AI trade (AMZN) - TechStock²,TechStock²,2026-02-06T14:50:00Z,0,https://news.google.com/rss/articles/CBMingFBVV95cUxNbnlsZHdLZUVPUFF2eWpBak5ES1Y1eGlyemtERGhsbXdmU2NzblZ2RFc3T1ZfdHYzS0lsRXVLUGE4NWc1aTlib1RXa0otT2EtclFzRkRjNklSWXlveE11UUt5WmV1bjIyUHVkR29fOE83anRHdXBTTDJxMkhabDVnZ0xvX0FoV0hwZXU2MThJdmpzRzVtdHF4dFRtYVJsUQ?oc=5,"<a href=""https://news.google.com/rss/articles/CBMingFBVV95cUxNbnlsZHdLZUVPUFF2eWpBak5ES1Y1eGlyemtERGhsbXdmU2NzblZ2RFc3T1ZfdHYzS0lsRXVLUGE4NWc1aTlib1RXa0otT2EtclFzRkRjNklSWXlveE11UUt5WmV1bjIyUHVkR29fOE83anRHdXBTTDJxMkhabDVnZ0xvX0FoV0hwZXU2MThJdmpzRzVtdHF4dFRtYVJsUQ?oc=5"" target=""_blank"">Amazon stock price tumbles as $200 billion 2026 capex plan hits AI trade (AMZN)</a>&nbsp;&nbsp;<font color=""#6f6f6f"">TechStock²</font>",AMZN,google_news_rss,CBMingFBVV95cUxNbnlsZHdLZUVPUFF2eWpBak5ES1Y1eGlyemtERGhsbXdmU2NzblZ2RFc3T1ZfdHYzS0lsRXVLUGE4NWc1aTlib1RXa0otT2EtclFzRkRjNklSWXlveE11UUt5WmV1bjIyUHVkR29fOE83anRHdXBTTDJxMkhabDVnZ0xvX0FoV0hwZXU2MThJdmpzRzVtdHF4dFRtYVJsUQ,2026-02-06T19:12:42Z
2511,b3e9a7e658f1bd4009f7c106f7e0f9d73a3c0d631c7c0723f84dfeecbb2d3809,"Microsoft stock price edges up after Thursday rout, but AI capex worries hang over MSFT - TechStock²",TechStock²,2026-02-06T14:50:00Z,0,https://news.google.com/rss/articles/CBMiqwFBVV95cUxNTXh3bjFlZDRtWWZUcHU4b1JjX0ZWZUNJT0VSbFpxV1pnNWxENzk1Tm45N29hdElmdEtvbHBRWWMtN2xhNjB0c2otNEIyazNRY2Y4ODV0cVZYYXN6YVNpQmdhMnFtZklNdURQMDNVOXNHT3BndTR4NGxmeEZVVjF3X2htNGV3UGxLUWFXUG5lVlVvWkJ2NFB6RFpSOTl6TnVCcGl2Mm5nQWpaS2M?oc=5,"<a href=""https://news.google.com/rss/articles/CBMiqwFBVV95cUxNTXh3bjFlZDRtWWZUcHU4b1JjX0ZWZUNJT0VSbFpxV1pnNWxENzk1Tm45N29hdElmdEtvbHBRWWMtN2xhNjB0c2otNEIyazNRY2Y4ODV0cVZYYXN6YVNpQmdhMnFtZklNdURQMDNVOXNHT3BndTR4NGxmeEZVVjF3X2htNGV3UGxLUWFXUG5lVlVvWkJ2NFB6RFpSOTl6TnVCcGl2Mm5nQWpaS2M?oc=5"" target=""_blank"">Microsoft stock price edges up after Thursday rout, but AI capex worries hang over MSFT</a>&nbsp;&nbsp;<font color=""#6f6f6f"">TechStock²</font>",MSFT,google_news_rss,CBMiqwFBVV95cUxNTXh3bjFlZDRtWWZUcHU4b1JjX0ZWZUNJT0VSbFpxV1pnNWxENzk1Tm45N29hdElmdEtvbHBRWWMtN2xhNjB0c2otNEIyazNRY2Y4ODV0cVZYYXN6YVNpQmdhMnFtZklNdURQMDNVOXNHT3BndTR4NGxmeEZVVjF3X2htNGV3UGxLUWFXUG5lVlVvWkJ2NFB6RFpSOTl6TnVCcGl2Mm5nQWpaS2M,2026-02-06T19:12:42Z
2509,446988675a7cc412df5e84ed780781d9b5957eb51f6081cdd66622a3858328e8,Microsoft: An OpenAI Problem (Rating Upgrade) - Seeking Alpha,Seeking Alpha,2026-02-06T14:49:52Z,0,https://news.google.com/rss/articles/CBMiiwFBVV95cUxPeVdBSUg1aHljWGp4YV9JcWdnRUxxY1VBb2hPYzQzTEFrRzhuYzdqV19OMG5oVXhaNVFYbms4UWFuWDBFcUdQLXVSWUlJX21FbERlZUZWRFBtcFRMTng2dzhOOEpSVVFXSDVONlFqang0WDZWb2VmY1dEellLam9Lc3NsOVNlS1g4TVQw?oc=5,"<a href=""https://news.google.com/rss/articles/CBMiiwFBVV95cUxPeVdBSUg1aHljWGp4YV9JcWdnRUxxY1VBb2hPYzQzTEFrRzhuYzdqV19OMG5oVXhaNVFYbms4UWFuWDBFcUdQLXVSWUlJX21FbERlZUZWRFBtcFRMTng2dzhOOEpSVVFXSDVONlFqang0WDZWb2VmY1dEellLam9Lc3NsOVNlS1g4TVQw?oc=5"" target=""_blank"">Microsoft: An OpenAI Problem (Rating Upgrade)</a>&nbsp;&nbsp;<font color=""#6f6f6f"">Seeking Alpha</font>",MSFT,google_news_rss,CBMiiwFBVV95cUxPeVdBSUg1aHljWGp4YV9JcWdnRUxxY1VBb2hPYzQzTEFrRzhuYzdqV19OMG5oVXhaNVFYbms4UWFuWDBFcUdQLXVSWUlJX21FbERlZUZWRFBtcFRMTng2dzhOOEpSVVFXSDVONlFqang0WDZWb2VmY1dEellLam9Lc3NsOVNlS1g4TVQw,2026-02-06T19:12:42Z
2844,54ac62198d18fedec11599f3a8fadad80968d1aec56045b799ff08e5a460c1a6,Almost Bullish: Nvidia's Sideways Movement Was Really Healthy (NASDAQ:NVDA) - Seeking Alpha,Seeking Alpha,2026-02-06T14:48:54Z,0,https://news.google.com/rss/articles/CBMioAFBVV95cUxPUHFnclpnOWNqVHlPQVJCTmJIc1NaUXlOdFVKYUtYaTJZOUxFZUZWZjI2a2U5M0p1ZFZaR2JVcUFKYmVDaUlGdmlCbWlYNkdzQUVBR2NsdUZCal9VYTNaT3BDekk2ZWFNVUh4bzVqLVNqZkxmZFkzRHB1blJWdUFuUzcwVGlSMGlGNWpSVTkyRFBTdkdCNkVkb3BrbjU2c0s4?oc=5,"<a href=""https://news.google.com/rss/articles/CBMioAFBVV95cUxPUHFnclpnOWNqVHlPQVJCTmJIc1NaUXlOdFVKYUtYaTJZOUxFZUZWZjI2a2U5M0p1ZFZaR2JVcUFKYmVDaUlGdmlCbWlYNkdzQUVBR2NsdUZCal9VYTNaT3BDekk2ZWFNVUh4bzVqLVNqZkxmZFkzRHB1blJWdUFuUzcwVGlSMGlGNWpSVTkyRFBTdkdCNkVkb3BrbjU2c0s4?oc=5"" target=""_blank"">Almost Bullish: Nvidia's Sideways Movement Was Really Healthy (NASDAQ:NVDA)</a>&nbsp;&nbsp;<font color=""#6f6f6f"">Seeking Alpha</font>",NVDA,google_news_rss,CBMioAFBVV95cUxPUHFnclpnOWNqVHlPQVJCTmJIc1NaUXlOdFVKYUtYaTJZOUxFZUZWZjI2a2U5M0p1ZFZaR2JVcUFKYmVDaUlGdmlCbWlYNkdzQUVBR2NsdUZCal9VYTNaT3BDekk2ZWFNVUh4bzVqLVNqZkxmZFkzRHB1blJWdUFuUzcwVGlSMGlGNWpSVTkyRFBTdkdCNkVkb3BrbjU2c0s4,2026-02-06T19:12:42Z
2950,7af3a34f153ca700512b70d2e542f9258adc13ed51e15d7e2079cffe049901e8,3 Things Every Meta Platforms Investor Needs to Know,yahoo_rss,2026-02-06T14:47:00Z,0,https://www.fool.com/investing/2026/02/06/3-things-every-meta-investor-needs-to-know/?.tsrc=rss,Meta Platforms is spending huge sums of money on AI. But there's a good reason why.,META,yahoo_rss,399e3715-1617-36ec-8d9a-ba00502727bf,2026-02-06T19:12:42Z
3061,980350be6dd04c9a044e22698bc1d4dc1b9d2e3c5a970fb69941e693d54c2f61,A Key Takeaway From Earnings Season: Signs of Consumer Weakness,yahoo_rss,2026-02-06T14:43:48Z,0,https://finance.yahoo.com/m/014e1af8-29db-3db9-94ba-ea8224d66cd3/a-key-takeaway-from-earnings.html?.tsrc=rss,"Earnings season is more than halfway over, and a clear laggard is emerging: companies that sell non-essential items to consumers.  A high ratio of companies—38%—have also missed consensus earnings forecasts.  The sector covers a broad swathe of the economy, encompassing a range of companies from Amazon and DoorDash to Tractor Supply and Marriott.",TSLA,yahoo_rss,014e1af8-29db-3db9-94ba-ea8224d66cd3,2026-02-06T19:12:42Z
2660,57265c96f80e1a56d6c61fe3991d7ff85dc9f5a1eb374926d46bcaf6c4498fa6,Why Celestica is a Massive Winner from Google’s CapEx Bonanza - 24/7 Wall St.,24/7 Wall St.,2026-02-06T14:42:37Z,0,https://news.google.com/rss/articles/CBMipwFBVV95cUxNZkI0bzRmYWxmQUg0Mnl1a252R1V5U3dYQjlWZDRsTFpfQ3J6YlFfZ1ZFdVZjaEZkNkF4dFU4VlVzLW40bG9oNkE4bzdKWEdUeDJ5NDk5a0RIQlpSOU84ZTdKSjYtNXJ0cUFpVk1SaU5RbS1TS1Z5a1FoVWFhb2xtNEl5YXZoQ2lzV1pMRnVwVE9NbmRPZFNxWUxzQ3JRdXlrLTY1N1JzQQ?oc=5,"<a href=""https://news.google.com/rss/articles/CBMipwFBVV95cUxNZkI0bzRmYWxmQUg0Mnl1a252R1V5U3dYQjlWZDRsTFpfQ3J6YlFfZ1ZFdVZjaEZkNkF4dFU4VlVzLW40bG9oNkE4bzdKWEdUeDJ5NDk5a0RIQlpSOU84ZTdKSjYtNXJ0cUFpVk1SaU5RbS1TS1Z5a1FoVWFhb2xtNEl5YXZoQ2lzV1pMRnVwVE9NbmRPZFNxWUxzQ3JRdXlrLTY1N1JzQQ?oc=5"" target=""_blank"">Why Celestica is a Massive Winner from Google’s CapEx Bonanza</a>&nbsp;&nbsp;<font color=""#6f6f6f"">24/7 Wall St.</font>",GOOGL,google_news_rss,CBMipwFBVV95cUxNZkI0bzRmYWxmQUg0Mnl1a252R1V5U3dYQjlWZDRsTFpfQ3J6YlFfZ1ZFdVZjaEZkNkF4dFU4VlVzLW40bG9oNkE4bzdKWEdUeDJ5NDk5a0RIQlpSOU84ZTdKSjYtNXJ0cUFpVk1SaU5RbS1TS1Z5a1FoVWFhb2xtNEl5YXZoQ2lzV1pMRnVwVE9NbmRPZFNxWUxzQ3JRdXlrLTY1N1JzQQ,2026-02-06T19:12:42Z
2634,716422f946dd845c166564ccdfd2f55e6c9585f2877cdd62f90c5312fdc633f0,Alphabet stock price target raised to $400 from $343 at BMO Capital - Investing.com,Investing.com,2026-02-06T14:36:46Z,0,https://news.google.com/rss/articles/CBMiwwFBVV95cUxPVlEwSlhEdDJlSUM0Wk9xQTZ4TzRPMkxxSEE2TTAxSm9ZQmxwWjZ6bFQ1X3Z6dVhGTjB2anRXUFNmallIekNrQ3BJWHRMMXEweXJEWV90UWNfM1FwMjd0b09NcnA5WnhzMXV0VmJYQXJEZ3RaaFFZczVBZ09XbUhJaUpSZ3dkSFB6NU9PTm1CU2xXeVVDeEt4ZFJ4TjgyWC1SdGI2SGRVWmNsQTc4VHFjR2VkMjJfcnpURkRRd1VJZVkwY1E?oc=5,"<a href=""https://news.google.com/rss/articles/CBMiwwFBVV95cUxPVlEwSlhEdDJlSUM0Wk9xQTZ4TzRPMkxxSEE2TTAxSm9ZQmxwWjZ6bFQ1X3Z6dVhGTjB2anRXUFNmallIekNrQ3BJWHRMMXEweXJEWV90UWNfM1FwMjd0b09NcnA5WnhzMXV0VmJYQXJEZ3RaaFFZczVBZ09XbUhJaUpSZ3dkSFB6NU9PTm1CU2xXeVVDeEt4ZFJ4TjgyWC1SdGI2SGRVWmNsQTc4VHFjR2VkMjJfcnpURkRRd1VJZVkwY1E?oc=5"" target=""_blank"">Alphabet stock price target raised to $400 from $343 at BMO Capital</a>&nbsp;&nbsp;<font color=""#6f6f6f"">Investing.com</font>",GOOGL,google_news_rss,CBMiwwFBVV95cUxPVlEwSlhEdDJlSUM0Wk9xQTZ4TzRPMkxxSEE2TTAxSm9ZQmxwWjZ6bFQ1X3Z6dVhGTjB2anRXUFNmallIekNrQ3BJWHRMMXEweXJEWV90UWNfM1FwMjd0b09NcnA5WnhzMXV0VmJYQXJEZ3RaaFFZczVBZ09XbUhJaUpSZ3dkSFB6NU9PTm1CU2xXeVVDeEt4ZFJ4TjgyWC1SdGI2SGRVWmNsQTc4VHFjR2VkMjJfcnpURkRRd1VJZVkwY1E,2026-02-06T19:12:42Z
2653,fd60148130d66642391a11c97d6b907cd74f6bb2b458bf50eee46c087a9518b0,The $180 Billion Gamble: Alphabet’s High-Stakes AI Transformation in 2026 - FinancialContent,FinancialContent,2026-02-06T14:36:00Z,0,https://news.google.com/rss/articles/CBMi1wFBVV95cUxQSHVWZTN2S3RPcmxpdk9tR3pacF9GM2dwT2NrOXBwRGplUmJLVnhXdGlnU3Z6UlRNazAwcDRTa1EwQUtveTlSdHdDeXEzUnpWblh4bTFWZDJaaUNscS14OGpWdE1EV0xSQS1jQkpMd2YwbXpHTUdWX045UzVwTFhlTTRYNEdPSXgtelVNdTR3VEw5cER6YjVRaVJ3V0ZGU2Q1QUJtemItVE1oVjFqaW5kbkstLVhBWFpBdnhTRjVDVHIzR2xNZ0xOdHhWZ2ZSR3FZelR6bnhnbw?oc=5,"<a href=""https://news.google.com/rss/articles/CBMi1wFBVV95cUxQSHVWZTN2S3RPcmxpdk9tR3pacF9GM2dwT2NrOXBwRGplUmJLVnhXdGlnU3Z6UlRNazAwcDRTa1EwQUtveTlSdHdDeXEzUnpWblh4bTFWZDJaaUNscS14OGpWdE1EV0xSQS1jQkpMd2YwbXpHTUdWX045UzVwTFhlTTRYNEdPSXgtelVNdTR3VEw5cER6YjVRaVJ3V0ZGU2Q1QUJtemItVE1oVjFqaW5kbkstLVhBWFpBdnhTRjVDVHIzR2xNZ0xOdHhWZ2ZSR3FZelR6bnhnbw?oc=5"" target=""_blank"">The $180 Billion Gamble: Alphabet’s High-Stakes AI Transformation in 2026</a>&nbsp;&nbsp;<font color=""#6f6f6f"">FinancialContent</font>",GOOGL,google_news_rss,CBMi1wFBVV95cUxQSHVWZTN2S3RPcmxpdk9tR3pacF9GM2dwT2NrOXBwRGplUmJLVnhXdGlnU3Z6UlRNazAwcDRTa1EwQUtveTlSdHdDeXEzUnpWblh4bTFWZDJaaUNscS14OGpWdE1EV0xSQS1jQkpMd2YwbXpHTUdWX045UzVwTFhlTTRYNEdPSXgtelVNdTR3VEw5cER6YjVRaVJ3V0ZGU2Q1QUJtemItVE1oVjFqaW5kbkstLVhBWFpBdnhTRjVDVHIzR2xNZ0xOdHhWZ2ZSR3FZelR6bnhnbw,2026-02-06T19:12:42Z
3075,e06c07d5ab41aee94d4bc01e5f2e6ead1fe0284ee01ddab81932a3fe78f7cb84,Tesla stock price slides early as China AI training report and Europe sales warnings hit TSLA - TechStock²,TechStock²,2026-02-06T14:32:00Z,0,https://news.google.com/rss/articles/CBMitAFBVV95cUxQNDkyYTJOaU1OeE8xY3dOdkZ2T2FSemdDRlRVaTNCazBWaVBJN1FiM1luNDBSUnp6ejk4cUN6RzFPMWFSc3dnWjJSbG96dFpPRGFRaURWeFRqWWhPRk1wcEZMdjczUGRLU1FPOTl0bWhLb0dSTGRESms4dGJ5RHAwMUI2eHRTVEtzOUpqaVhiR0FWNEdPVkxBX3RibVdfOG1WUXZVamtXbEh2aUNKYWJodTZ3OXY?oc=5,"<a href=""https://news.google.com/rss/articles/CBMitAFBVV95cUxQNDkyYTJOaU1OeE8xY3dOdkZ2T2FSemdDRlRVaTNCazBWaVBJN1FiM1luNDBSUnp6ejk4cUN6RzFPMWFSc3dnWjJSbG96dFpPRGFRaURWeFRqWWhPRk1wcEZMdjczUGRLU1FPOTl0bWhLb0dSTGRESms4dGJ5RHAwMUI2eHRTVEtzOUpqaVhiR0FWNEdPVkxBX3RibVdfOG1WUXZVamtXbEh2aUNKYWJodTZ3OXY?oc=5"" target=""_blank"">Tesla stock price slides early as China AI training report and Europe sales warnings hit TSLA</a>&nbsp;&nbsp;<font color=""#6f6f6f"">TechStock²</font>",TSLA,google_news_rss,CBMitAFBVV95cUxQNDkyYTJOaU1OeE8xY3dOdkZ2T2FSemdDRlRVaTNCazBWaVBJN1FiM1luNDBSUnp6ejk4cUN6RzFPMWFSc3dnWjJSbG96dFpPRGFRaURWeFRqWWhPRk1wcEZMdjczUGRLU1FPOTl0bWhLb0dSTGRESms4dGJ5RHAwMUI2eHRTVEtzOUpqaVhiR0FWNEdPVkxBX3RibVdfOG1WUXZVamtXbEh2aUNKYWJodTZ3OXY,2026-02-06T19:12:42Z
2646,d5337e4a5302797e27ae839de401abd50d1df6c36b463a29445103b2641908d7,Alphabet (NASDAQ:GOOGL) Price Target Raised to $400.00 at China Renaissance - MarketBeat,MarketBeat,2026-02-06T14:31:16Z,0,https://news.google.com/rss/articles/CBMiwgFBVV95cUxOTndVUkdWQ2VxUk9UdWFzR2FRRDY2bklsaEpyMUhqLTZQTzZJVXN1SWZHQlJ5SE1CUnhEZE1hLUFkVzRPN0UzaXJJZGZBVkFKNm9nNzBzWlVlSlpaNFNNLTJOYU9BbFhLc0VhZ0t2VG84U3IxSHFiVnU4TVZpdFZ2US1fY3l0OGFmWkVkMDRPaF9uYWFDTDFKT09SODRBS1dDSklCMFhhbGhNV25Mbkk1VUpieThYbF93ZDhCelNseE9ZZw?oc=5,"<a href=""https://news.google.com/rss/articles/CBMiwgFBVV95cUxOTndVUkdWQ2VxUk9UdWFzR2FRRDY2bklsaEpyMUhqLTZQTzZJVXN1SWZHQlJ5SE1CUnhEZE1hLUFkVzRPN0UzaXJJZGZBVkFKNm9nNzBzWlVlSlpaNFNNLTJOYU9BbFhLc0VhZ0t2VG84U3IxSHFiVnU4TVZpdFZ2US1fY3l0OGFmWkVkMDRPaF9uYWFDTDFKT09SODRBS1dDSklCMFhhbGhNV25Mbkk1VUpieThYbF93ZDhCelNseE9ZZw?oc=5"" target=""_blank"">Alphabet (NASDAQ:GOOGL) Price Target Raised to $400.00 at China Renaissance</a>&nbsp;&nbsp;<font color=""#6f6f6f"">MarketBeat</font>",GOOGL,google_news_rss,CBMiwgFBVV95cUxOTndVUkdWQ2VxUk9UdWFzR2FRRDY2bklsaEpyMUhqLTZQTzZJVXN1SWZHQlJ5SE1CUnhEZE1hLUFkVzRPN0UzaXJJZGZBVkFKNm9nNzBzWlVlSlpaNFNNLTJOYU9BbFhLc0VhZ0t2VG84U3IxSHFiVnU4TVZpdFZ2US1fY3l0OGFmWkVkMDRPaF9uYWFDTDFKT09SODRBS1dDSklCMFhhbGhNV25Mbkk1VUpieThYbF93ZDhCelNseE9ZZw,2026-02-06T19:12:42Z
2626,b3a1ea7cbf9049eb859ba9b243379db9d20dcaa7ecebb73cf338c5731ef29077,Argus Issues Positive Forecast for Alphabet (NASDAQ:GOOGL) Stock Price - MarketBeat,MarketBeat,2026-02-06T14:31:16Z,0,https://news.google.com/rss/articles/CBMivgFBVV95cUxQX29IUXlrOHltMFNTa0ZGWFVKeVZkYTFNSTNFZ2ZOSGpXZTZOSUpJNWtsbzI4aG95a054MVZUa01tdHJ3OFZXR0tJRzMxaTIydTRzVHAzNG1zWFlvcWhGSlRRM0tXUzJIalJVS3hyRVA1RHo5UDlNc1gyX2R2Ynl4YnFNTUNfT1FRYnRUTlJDMERFWUxBU1NodzJJUTc3ampLUXhPWEppOHkxVlJBVFBQZ1lBckFydjVsdV9SQThB?oc=5,"<a href=""https://news.google.com/rss/articles/CBMivgFBVV95cUxQX29IUXlrOHltMFNTa0ZGWFVKeVZkYTFNSTNFZ2ZOSGpXZTZOSUpJNWtsbzI4aG95a054MVZUa01tdHJ3OFZXR0tJRzMxaTIydTRzVHAzNG1zWFlvcWhGSlRRM0tXUzJIalJVS3hyRVA1RHo5UDlNc1gyX2R2Ynl4YnFNTUNfT1FRYnRUTlJDMERFWUxBU1NodzJJUTc3ampLUXhPWEppOHkxVlJBVFBQZ1lBckFydjVsdV9SQThB?oc=5"" target=""_blank"">Argus Issues Positive Forecast for Alphabet (NASDAQ:GOOGL) Stock Price</a>&nbsp;&nbsp;<font color=""#6f6f6f"">MarketBeat</font>",GOOGL,google_news_rss,CBMivgFBVV95cUxQX29IUXlrOHltMFNTa0ZGWFVKeVZkYTFNSTNFZ2ZOSGpXZTZOSUpJNWtsbzI4aG95a054MVZUa01tdHJ3OFZXR0tJRzMxaTIydTRzVHAzNG1zWFlvcWhGSlRRM0tXUzJIalJVS3hyRVA1RHo5UDlNc1gyX2R2Ynl4YnFNTUNfT1FRYnRUTlJDMERFWUxBU1NodzJJUTc3ampLUXhPWEppOHkxVlJBVFBQZ1lBckFydjVsdV9SQThB,2026-02-06T19:12:42Z
2618,360b3b8d6142efd7908b71dce833d7c009ab5e704cf1c9ea7055e6e99b82e3be,Alphabet stock price target raised to $395 by JPMorgan on strong growth - Investing.com,Investing.com,2026-02-06T14:30:38Z,0,https://news.google.com/rss/articles/CBMiygFBVV95cUxNckxxbkFXLVU1dnRKZFRkZ3p3OERVLURxdS1ib1JkbWZSdFlhUlFmUzhVbEJBUFdhWjBCRXQxWUtEQ3o3cHF5NlpYSmdtOGMyX2djLVNrb2hhVmNoMGp3ZnhEcFUtR19MSXVnLUZFZzhFMGF3TjI4a2hvSVpNdVcyaW5XMWxsQ3RhcE12UXkybnp3anNobjE1a21IY0NkdGdLUnZwMG9JWmx3QXNqRHl4ekdDWGxRM0hfdDFFb1ByQUV6UFNXNndIX0FB?oc=5,"<a href=""https://news.google.com/rss/articles/CBMiygFBVV95cUxNckxxbkFXLVU1dnRKZFRkZ3p3OERVLURxdS1ib1JkbWZSdFlhUlFmUzhVbEJBUFdhWjBCRXQxWUtEQ3o3cHF5NlpYSmdtOGMyX2djLVNrb2hhVmNoMGp3ZnhEcFUtR19MSXVnLUZFZzhFMGF3TjI4a2hvSVpNdVcyaW5XMWxsQ3RhcE12UXkybnp3anNobjE1a21IY0NkdGdLUnZwMG9JWmx3QXNqRHl4ekdDWGxRM0hfdDFFb1ByQUV6UFNXNndIX0FB?oc=5"" target=""_blank"">Alphabet stock price target raised to $395 by JPMorgan on strong growth</a>&nbsp;&nbsp;<font color=""#6f6f6f"">Investing.com</font>",GOOGL,google_news_rss,CBMiygFBVV95cUxNckxxbkFXLVU1dnRKZFRkZ3p3OERVLURxdS1ib1JkbWZSdFlhUlFmUzhVbEJBUFdhWjBCRXQxWUtEQ3o3cHF5NlpYSmdtOGMyX2djLVNrb2hhVmNoMGp3ZnhEcFUtR19MSXVnLUZFZzhFMGF3TjI4a2hvSVpNdVcyaW5XMWxsQ3RhcE12UXkybnp3anNobjE1a21IY0NkdGdLUnZwMG9JWmx3QXNqRHl4ekdDWGxRM0hfdDFFb1ByQUV6UFNXNndIX0FB,2026-02-06T19:12:42Z
3413,d0cb21e8fa97f9be834f5b20e175947bbdc482742975356c681e2e86e40238b0,Low Volatility ETFs to Watch Amid Major Tech Sell-Off Over AI Panic,yahoo_rss,2026-02-06T14:28:00Z,0,https://finance.yahoo.com/news/low-volatility-etfs-watch-amid-142800832.html?.tsrc=rss,"USMV and other low-volatility ETFs gain appeal as an AI-driven tech rout wipes $1T, spikes VIX, and fuels rotation into staples and value sectors.",XOM,yahoo_rss,da5ddb44-cde0-31f6-9064-98abdbef0f5f,2026-02-06T19:12:42Z
2730,6e9beb8f9615260b01c0c100437ba4924346feea42e07c0ef9fefbdc328b349d,"Amazon Q4: Topping The AI Spending Race, Shares A Hold (NASDAQ:AMZN) - Seeking Alpha",Seeking Alpha,2026-02-06T14:26:35Z,0,https://news.google.com/rss/articles/CBMimAFBVV95cUxNb3JBenFib1dKQlZFWDRpQ19qUWdJdjRYUzVWR0l3UUpSYUJIS0xIRFY3U3E3MmNSZmM1QWxFdVNVdFBMb2QxTWZRODhReUpjY0R4X3FwMHBXcFQyTWI0cXk3TEJrS19YNVEtMDJ4ZVVieUQtLVJESm82MGxGVVBIZnRrdXRyQTJlSEN0bmhUR3U4TkMwMVZKMQ?oc=5,"<a href=""https://news.google.com/rss/articles/CBMimAFBVV95cUxNb3JBenFib1dKQlZFWDRpQ19qUWdJdjRYUzVWR0l3UUpSYUJIS0xIRFY3U3E3MmNSZmM1QWxFdVNVdFBMb2QxTWZRODhReUpjY0R4X3FwMHBXcFQyTWI0cXk3TEJrS19YNVEtMDJ4ZVVieUQtLVJESm82MGxGVVBIZnRrdXRyQTJlSEN0bmhUR3U4TkMwMVZKMQ?oc=5"" target=""_blank"">Amazon Q4: Topping The AI Spending Race, Shares A Hold (NASDAQ:AMZN)</a>&nbsp;&nbsp;<font color=""#6f6f6f"">Seeking Alpha</font>",AMZN,google_news_rss,CBMimAFBVV95cUxNb3JBenFib1dKQlZFWDRpQ19qUWdJdjRYUzVWR0l3UUpSYUJIS0xIRFY3U3E3MmNSZmM1QWxFdVNVdFBMb2QxTWZRODhReUpjY0R4X3FwMHBXcFQyTWI0cXk3TEJrS19YNVEtMDJ4ZVVieUQtLVJESm82MGxGVVBIZnRrdXRyQTJlSEN0bmhUR3U4TkMwMVZKMQ,2026-02-06T19:12:42Z
3073,68754ca0d8424a97bce288bbc44f9104b6740d9dd80d601dd5e5d3004cc7372b,"""Tesla (TSLA) Was Fabulous,"" Says Jim Cramer - Finviz",Finviz,2026-02-06T14:19:27Z,0,https://news.google.com/rss/articles/CBMiekFVX3lxTE5yWThJMGZCX29ld1ZhRklqV1VmMlEzcFBuaDFTUUx6QVZRYjVJS19yS1dDQWZUNlVaX1FjaXBNUURORE81b3NiTXgtbFFONGUwc2hsR2NpYWJhTDVRX0xodUk1bFpkbnNnWGRPclRFNXl2eEQ5Yk5sSjln?oc=5,"<a href=""https://news.google.com/rss/articles/CBMiekFVX3lxTE5yWThJMGZCX29ld1ZhRklqV1VmMlEzcFBuaDFTUUx6QVZRYjVJS19yS1dDQWZUNlVaX1FjaXBNUURORE81b3NiTXgtbFFONGUwc2hsR2NpYWJhTDVRX0xodUk1bFpkbnNnWGRPclRFNXl2eEQ5Yk5sSjln?oc=5"" target=""_blank"">""Tesla (TSLA) Was Fabulous,"" Says Jim Cramer</a>&nbsp;&nbsp;<font color=""#6f6f6f"">Finviz</font>",TSLA,google_news_rss,CBMiekFVX3lxTE5yWThJMGZCX29ld1ZhRklqV1VmMlEzcFBuaDFTUUx6QVZRYjVJS19yS1dDQWZUNlVaX1FjaXBNUURORE81b3NiTXgtbFFONGUwc2hsR2NpYWJhTDVRX0xodUk1bFpkbnNnWGRPclRFNXl2eEQ5Yk5sSjln,2026-02-06T19:12:42Z
2723,1471152942d503b899aab382028ae05f38767b902888f95f0f381a45d6bc21e6,‘Losing Its Lead:’ DA Davidson Downgrades Amazon Stock (AMZN) over AWS Market Share Concerns - TipRanks,TipRanks,2026-02-06T14:16:34Z,0,https://news.google.com/rss/articles/CBMiuAFBVV95cUxOQl9GbE8wajhMaEJoX0dJR1ZxS29RbG9GUlBnNHg0T0FwRGh3QnBBdzBGRklOUV9nd2tHRC11VUk0UWhRbHh0anJPR0U3cklNQ0dxb0l0dkduSjBsVU14amFkZmIxcUdrQWRRTkMyR2xpODg5VVI5bHY0Qm50TDE3TmdxYVRnSHVDSE9YdjBCczEwUjhWZ1YwWGdvXzlvYjlSRkJvc2psTjZkcXdsNDRQczdRazl5RUdS?oc=5,"<a href=""https://news.google.com/rss/articles/CBMiuAFBVV95cUxOQl9GbE8wajhMaEJoX0dJR1ZxS29RbG9GUlBnNHg0T0FwRGh3QnBBdzBGRklOUV9nd2tHRC11VUk0UWhRbHh0anJPR0U3cklNQ0dxb0l0dkduSjBsVU14amFkZmIxcUdrQWRRTkMyR2xpODg5VVI5bHY0Qm50TDE3TmdxYVRnSHVDSE9YdjBCczEwUjhWZ1YwWGdvXzlvYjlSRkJvc2psTjZkcXdsNDRQczdRazl5RUdS?oc=5"" target=""_blank"">‘Losing Its Lead:’ DA Davidson Downgrades Amazon Stock (AMZN) over AWS Market Share Concerns</a>&nbsp;&nbsp;<font color=""#6f6f6f"">TipRanks</font>",AMZN,google_news_rss,CBMiuAFBVV95cUxOQl9GbE8wajhMaEJoX0dJR1ZxS29RbG9GUlBnNHg0T0FwRGh3QnBBdzBGRklOUV9nd2tHRC11VUk0UWhRbHh0anJPR0U3cklNQ0dxb0l0dkduSjBsVU14amFkZmIxcUdrQWRRTkMyR2xpODg5VVI5bHY0Qm50TDE3TmdxYVRnSHVDSE9YdjBCczEwUjhWZ1YwWGdvXzlvYjlSRkJvc2psTjZkcXdsNDRQczdRazl5RUdS,2026-02-06T19:12:42Z
3062,0bc771568624d88a6647e57642c8378a7534e653643cd817ad72ff59045174b8,Wall Street Set to Open Modestly Higher Friday as Tech Stocks Stabilize Following Week-Long Rout,yahoo_rss,2026-02-06T14:11:38Z,0,https://finance.yahoo.com/news/wall-street-set-open-modestly-141138202.html?.tsrc=rss,US equities look set to open slightly higher in Friday's trading session with tech stocks rebounding,TSLA,yahoo_rss,0055499e-30e7-3a48-82a9-d66ab3584c51,2026-02-06T19:12:42Z
3077,f5afc3c31e4bbe7bf5863c9b9811307d198ce8aaa7b0e96047d39ba7fde06fae,"SouthState Bank Corp Lowers Stake in Tesla, Inc. $TSLA - MarketBeat",MarketBeat,2026-02-06T14:11:16Z,0,https://news.google.com/rss/articles/CBMisgFBVV95cUxPbzdmN0dNSS11RnFKU3F0QzNMa3FsVm5ZMndLZXI1djJVeEdURGZrZmhYa2w2T24xSnByTDdfOHEzRWRpUUN4WEJ6RUtQTDMyWFFDTDRXeGI4Q2MtdF9kZ1B6V1FJdFZwZ1NFcTV4clgtc1VwTkU2VVVPdlZSMU9YQnFvRGhVc2V2WnhUNkl0VkRaYkNzTW45OGlCZV9VQk1zZnpUODVpT1Z0N2ZPaUJRdHJB?oc=5,"<a href=""https://news.google.com/rss/articles/CBMisgFBVV95cUxPbzdmN0dNSS11RnFKU3F0QzNMa3FsVm5ZMndLZXI1djJVeEdURGZrZmhYa2w2T24xSnByTDdfOHEzRWRpUUN4WEJ6RUtQTDMyWFFDTDRXeGI4Q2MtdF9kZ1B6V1FJdFZwZ1NFcTV4clgtc1VwTkU2VVVPdlZSMU9YQnFvRGhVc2V2WnhUNkl0VkRaYkNzTW45OGlCZV9VQk1zZnpUODVpT1Z0N2ZPaUJRdHJB?oc=5"" target=""_blank"">SouthState Bank Corp Lowers Stake in Tesla, Inc. $TSLA</a>&nbsp;&nbsp;<font color=""#6f6f6f"">MarketBeat</font>",TSLA,google_news_rss,CBMisgFBVV95cUxPbzdmN0dNSS11RnFKU3F0QzNMa3FsVm5ZMndLZXI1djJVeEdURGZrZmhYa2w2T24xSnByTDdfOHEzRWRpUUN4WEJ6RUtQTDMyWFFDTDRXeGI4Q2MtdF9kZ1B6V1FJdFZwZ1NFcTV4clgtc1VwTkU2VVVPdlZSMU9YQnFvRGhVc2V2WnhUNkl0VkRaYkNzTW45OGlCZV9VQk1zZnpUODVpT1Z0N2ZPaUJRdHJB,2026-02-06T19:12:42Z
2741,41c64acabcb72d0c361d45ad4692d1b014ced926e66ba63ed42b86835e501f46,"Earnings live: Amazon stock sinks, Philip Morris retreats, Reddit spikes as Wall Street focuses on guidance - Yahoo! Finance Canada",Yahoo! Finance Canada,2026-02-06T14:08:58Z,0,https://news.google.com/rss/articles/CBMi6AFBVV95cUxQZS1zUVUybnV2VkR1UmQ4Vk9NLVQ2T2dsTXN3LS1yRUZ0UGowZlFIYUhreVZtTDY0Tl93Z0xtaDdFeUVyYndFelI2a0xwWEF4b3FsbG5xaG93c0J4czd4dlJQMUhtVGZZWXkybXJxb1B2TUdFYjlmTkZ2emVWdklXelcyaERyRHBZbVdMMi1mX1NqejlMS2VGQjljVU1jUnM1Q3Vsek45ekRUWjFmZkRxUXBselduV0xETDhXWGFmbDNaUHlZWTRNUnBabThnTmRGZVFFZTIyQndLQmJqZ2dpSG1TZjgyR3BZ?oc=5,"<a href=""https://news.google.com/rss/articles/CBMi6AFBVV95cUxQZS1zUVUybnV2VkR1UmQ4Vk9NLVQ2T2dsTXN3LS1yRUZ0UGowZlFIYUhreVZtTDY0Tl93Z0xtaDdFeUVyYndFelI2a0xwWEF4b3FsbG5xaG93c0J4czd4dlJQMUhtVGZZWXkybXJxb1B2TUdFYjlmTkZ2emVWdklXelcyaERyRHBZbVdMMi1mX1NqejlMS2VGQjljVU1jUnM1Q3Vsek45ekRUWjFmZkRxUXBselduV0xETDhXWGFmbDNaUHlZWTRNUnBabThnTmRGZVFFZTIyQndLQmJqZ2dpSG1TZjgyR3BZ?oc=5"" target=""_blank"">Earnings live: Amazon stock sinks, Philip Morris retreats, Reddit spikes as Wall Street focuses on guidance</a>&nbsp;&nbsp;<font color=""#6f6f6f"">Yahoo! Finance Canada</font>",AMZN,google_news_rss,CBMi6AFBVV95cUxQZS1zUVUybnV2VkR1UmQ4Vk9NLVQ2T2dsTXN3LS1yRUZ0UGowZlFIYUhreVZtTDY0Tl93Z0xtaDdFeUVyYndFelI2a0xwWEF4b3FsbG5xaG93c0J4czd4dlJQMUhtVGZZWXkybXJxb1B2TUdFYjlmTkZ2emVWdklXelcyaERyRHBZbVdMMi1mX1NqejlMS2VGQjljVU1jUnM1Q3Vsek45ekRUWjFmZkRxUXBselduV0xETDhXWGFmbDNaUHlZWTRNUnBabThnTmRGZVFFZTIyQndLQmJqZ2dpSG1TZjgyR3BZ,2026-02-06T19:12:42Z
3063,87610f056321d3228da694638aec00907d7ed275c51f8c008e5df309cffeac0a,"“Tesla (TSLA) Was Fabulous,” Says Jim Cramer",yahoo_rss,2026-02-06T14:08:41Z,0,https://finance.yahoo.com/news/tesla-tsla-fabulous-says-jim-140841060.html?.tsrc=rss,"We recently published Jim Cramer Discussed These 12 Stocks & Wondered Whether He Should Melt Silver. Tesla, Inc. (NASDAQ:TSLA) is one of the stocks that Jim Cramer discussed. Tesla, Inc. (NASDAQ:TSLA)’s shares are up by 7.3% over the past year and are down by 7% year-to-date. Mizuho raised the firm’s share price target in late […]",TSLA,yahoo_rss,8ec9dcdf-228b-3ff1-8ece-d68a040652ea,2026-02-06T19:12:42Z
3064,3d975f991096e6d4a4929421678de768fbd4a8b6d858599ffcf8c673f678f006,"Space-based data centers face cooling issues, warns Voyager CEO",yahoo_rss,2026-02-06T14:07:03Z,0,https://finance.yahoo.com/news/space-based-data-centers-face-140703495.html?.tsrc=rss,"Investing.com -- Space-based data centers face significant technical hurdles despite growing industry interest, according to Voyager Technologies CEO Dylan Taylor.",TSLA,yahoo_rss,79deaf14-9549-38c8-a435-a275aff1ce72,2026-02-06T19:12:42Z
3177,349aaa0cfbb29a7d09292b4f3c14c59f50421c2981effa4090870a3c394c393c,"Vertiv (VRT) Is “A House of Fire,” Says Jim Cramer",yahoo_rss,2026-02-06T14:06:58Z,0,https://finance.yahoo.com/news/vertiv-vrt-house-fire-says-140658512.html?.tsrc=rss,We recently published Jim Cramer Discussed These 12 Stocks & Wondered Whether He Should Melt Silver. Vertiv Holdings Co (NYSE:VRT) is one of the stocks that Jim Cramer discussed. Vertiv Holdings Co (NYSE:VRT) is an electrical equipment company that caters to the needs of the data center and other industries. The shares are up by 47% […],JPM,yahoo_rss,1ad98681-c5b2-3cb1-92ee-84f98d815dfd,2026-02-06T19:12:42Z
2636,d0a29e4f1a4b9d2aedc9c55ceec54011f139004070a8f15a63f8211dc11c98a4,Alphabet Stock Forecast: Trending Strong Buy on AI Momentum - TipRanks,TipRanks,2026-02-06T14:06:30Z,0,https://news.google.com/rss/articles/CBMirwFBVV95cUxQU1NiMXI0TjN4bjJWanRzR1RCajBrWC0zUWdPNEp3TldsNDMwT3JrbXFENmdmSENqQTVzcFlpdFpuVkY0ZVRHLWZYZU5veXo1anhlWkFzU2thRndiVGR4TjByT3prQzlVY2xwOHBSd3QtWjd1d1M3dV9nX2dCRHkzX1V5dmtjZkFBWHJ3LWpaazJzX0pESGdVNFlnaGNtNHpHNzhTaUxHXzR5ajZQbXY0?oc=5,"<a href=""https://news.google.com/rss/articles/CBMirwFBVV95cUxQU1NiMXI0TjN4bjJWanRzR1RCajBrWC0zUWdPNEp3TldsNDMwT3JrbXFENmdmSENqQTVzcFlpdFpuVkY0ZVRHLWZYZU5veXo1anhlWkFzU2thRndiVGR4TjByT3prQzlVY2xwOHBSd3QtWjd1d1M3dV9nX2dCRHkzX1V5dmtjZkFBWHJ3LWpaazJzX0pESGdVNFlnaGNtNHpHNzhTaUxHXzR5ajZQbXY0?oc=5"" target=""_blank"">Alphabet Stock Forecast: Trending Strong Buy on AI Momentum</a>&nbsp;&nbsp;<font color=""#6f6f6f"">TipRanks</font>",GOOGL,google_news_rss,CBMirwFBVV95cUxQU1NiMXI0TjN4bjJWanRzR1RCajBrWC0zUWdPNEp3TldsNDMwT3JrbXFENmdmSENqQTVzcFlpdFpuVkY0ZVRHLWZYZU5veXo1anhlWkFzU2thRndiVGR4TjByT3prQzlVY2xwOHBSd3QtWjd1d1M3dV9nX2dCRHkzX1V5dmtjZkFBWHJ3LWpaazJzX0pESGdVNFlnaGNtNHpHNzhTaUxHXzR5ajZQbXY0,2026-02-06T19:12:42Z
3414,3a75fe2c5fb1e52e9e0be5832d202b73b1a2713eaf05d881758c96fa7846b881,ExxonMobil’s Guyana FPSO Move And Colombia Deal Shape XOM Valuation,yahoo_rss,2026-02-06T14:05:28Z,0,https://finance.yahoo.com/news/exxonmobil-guyana-fpso-move-colombia-140528968.html?.tsrc=rss,"Exxon Mobil (NYSE:XOM) has completed the acquisition of the FPSO ONE GUYANA for use in the Yellowtail development in the Stabroek block offshore Guyana. The company has also resolved a long running arbitration with Sintana Energy related to the VMM-37 block in Colombia. Both moves tighten Exxon Mobil's position in key oil producing regions and clarify its upstream project pipeline. For investors watching NYSE:XOM, these developments come with the stock at $146.08 and multi year price gains,...",XOM,yahoo_rss,c295cb9c-faa2-34a5-bedb-6d159cfa2f2f,2026-02-06T19:12:42Z
2498,846f5d82b5891dbfef16a7598bdb12fa3001d39feb63b02978bdcb466835ae1a,"Microsoft (MSFT)’s Grooming For Copliot Might Not Be Working, Says Jim Cramer - Yahoo Finance",Yahoo Finance,2026-02-06T14:00:00Z,0,https://news.google.com/rss/articles/CBMiiwFBVV95cUxQeWJuR1hhU25rcTJtQnpTcUtMM21hY1dMSy1mQzBSZnZpcmw2Tllsb0xfQU9xZlZmZ2Y0b1otZlh3eS1IYWQ4WlFKYTM2cUdKQ0pKNmY1akVqeGN4NTRUazVqb3NuRUw0cTdpY1I4QlNGUnZHR2hnWXN6VnpjMmhKaDVpTW1YSnZnTElv?oc=5,"<a href=""https://news.google.com/rss/articles/CBMiiwFBVV95cUxQeWJuR1hhU25rcTJtQnpTcUtMM21hY1dMSy1mQzBSZnZpcmw2Tllsb0xfQU9xZlZmZ2Y0b1otZlh3eS1IYWQ4WlFKYTM2cUdKQ0pKNmY1akVqeGN4NTRUazVqb3NuRUw0cTdpY1I4QlNGUnZHR2hnWXN6VnpjMmhKaDVpTW1YSnZnTElv?oc=5"" target=""_blank"">Microsoft (MSFT)’s Grooming For Copliot Might Not Be Working, Says Jim Cramer</a>&nbsp;&nbsp;<font color=""#6f6f6f"">Yahoo Finance</font>",MSFT,google_news_rss,CBMiiwFBVV95cUxQeWJuR1hhU25rcTJtQnpTcUtMM21hY1dMSy1mQzBSZnZpcmw2Tllsb0xfQU9xZlZmZ2Y0b1otZlh3eS1IYWQ4WlFKYTM2cUdKQ0pKNmY1akVqeGN4NTRUazVqb3NuRUw0cTdpY1I4QlNGUnZHR2hnWXN6VnpjMmhKaDVpTW1YSnZnTElv,2026-02-06T19:12:42Z
3065,a314dd69e5e9259447419de9a963736a3401ca76826c39dbed1c9b2b2f629213,"Tesla Market Cap Will Hit $10 Trillion, If It Sells One Billion Robots",yahoo_rss,2026-02-06T13:53:34Z,0,https://247wallst.com/technology-3/2026/02/06/tesla-market-cap-will-hit-10-trillion-if-it-sells-one-billion-robots/?.tsrc=rss,"Elon Musk says everyone in the world will have a robot. There are 8.3 billion people in the world. No one knows how much these robots will cost, but for argument’s sake, do the math. At that level, Tesla (NASDAQ: TSLA) will be, without question, the most valuable company in the world and will undoubtedly ... Tesla Market Cap Will Hit $10 Trillion, If It Sells One Billion Robots",TSLA,yahoo_rss,81da24cf-c9dc-3441-882c-950c735bc084,2026-02-06T19:12:42Z
2688,da7f8c30a616c67232c2cadcfd3dac37e027c7329809daafc0b5312740950ef4,"Argus Research Adjusts Alphabet Price Target to $385 From $365, Maintains Buy Rating - marketscreener.com",marketscreener.com,2026-02-06T13:51:39Z,0,https://news.google.com/rss/articles/CBMizwFBVV95cUxNU2xadDFpMDdkQ2FuWFdMR25aWmxWNHQtNlNSdzJkV01vQWh4TkI2MzAtUFZ4SkQxQkZ5end5OWJVOGtUU0w1R3dnaU1aRlRtcFlvZTYzdzZqOE1qU3R4MXZCT2hPZnZuUFg3MEhkSzgya0VyTm9qRHNEMnVmZldZeEtIdDRTbWNVcTFHUUJYdnBTdWxvRmVJcUhLMk9hRWpSaW1sVkdMcDBYZkR4TGZMeUN5LXdZanF6TWI3ZVlzNVhaSC1Ub0VkMzRDazFGak0?oc=5,"<a href=""https://news.google.com/rss/articles/CBMizwFBVV95cUxNU2xadDFpMDdkQ2FuWFdMR25aWmxWNHQtNlNSdzJkV01vQWh4TkI2MzAtUFZ4SkQxQkZ5end5OWJVOGtUU0w1R3dnaU1aRlRtcFlvZTYzdzZqOE1qU3R4MXZCT2hPZnZuUFg3MEhkSzgya0VyTm9qRHNEMnVmZldZeEtIdDRTbWNVcTFHUUJYdnBTdWxvRmVJcUhLMk9hRWpSaW1sVkdMcDBYZkR4TGZMeUN5LXdZanF6TWI3ZVlzNVhaSC1Ub0VkMzRDazFGak0?oc=5"" target=""_blank"">Argus Research Adjusts Alphabet Price Target to $385 From $365, Maintains Buy Rating</a>&nbsp;&nbsp;<font color=""#6f6f6f"">marketscreener.com</font>",GOOGL,google_news_rss,CBMizwFBVV95cUxNU2xadDFpMDdkQ2FuWFdMR25aWmxWNHQtNlNSdzJkV01vQWh4TkI2MzAtUFZ4SkQxQkZ5end5OWJVOGtUU0w1R3dnaU1aRlRtcFlvZTYzdzZqOE1qU3R4MXZCT2hPZnZuUFg3MEhkSzgya0VyTm9qRHNEMnVmZldZeEtIdDRTbWNVcTFHUUJYdnBTdWxvRmVJcUhLMk9hRWpSaW1sVkdMcDBYZkR4TGZMeUN5LXdZanF6TWI3ZVlzNVhaSC1Ub0VkMzRDazFGak0,2026-02-06T19:12:42Z
2544,e007517cf3997d0b8f5e4950f31b10883942721b2bd52e644a58528ac8ac6a15,Microsoft (MSFT) Stock: Should You Buy After 22% Plunge? - Blockonomi,Blockonomi,2026-02-06T13:44:27Z,0,https://news.google.com/rss/articles/CBMigAFBVV95cUxQUjI1UUFGN3hjLWFqRHBHN21sNFZFYlpmR1Z3b3A3M0tVdkdRQWNaMDJSY1lYY1ZuYk9aVDBCTnk2TjE2bDFWcUFuSTVtNlpEOWFQQmVQamtBN2RyR2tic2FpNFVZblFZZkRJdlVSU284X1I2amxMbWIzS2dqQ3IwNQ?oc=5,"<a href=""https://news.google.com/rss/articles/CBMigAFBVV95cUxQUjI1UUFGN3hjLWFqRHBHN21sNFZFYlpmR1Z3b3A3M0tVdkdRQWNaMDJSY1lYY1ZuYk9aVDBCTnk2TjE2bDFWcUFuSTVtNlpEOWFQQmVQamtBN2RyR2tic2FpNFVZblFZZkRJdlVSU284X1I2amxMbWIzS2dqQ3IwNQ?oc=5"" target=""_blank"">Microsoft (MSFT) Stock: Should You Buy After 22% Plunge?</a>&nbsp;&nbsp;<font color=""#6f6f6f"">Blockonomi</font>",MSFT,google_news_rss,CBMigAFBVV95cUxQUjI1UUFGN3hjLWFqRHBHN21sNFZFYlpmR1Z3b3A3M0tVdkdRQWNaMDJSY1lYY1ZuYk9aVDBCTnk2TjE2bDFWcUFuSTVtNlpEOWFQQmVQamtBN2RyR2tic2FpNFVZblFZZkRJdlVSU284X1I2amxMbWIzS2dqQ3IwNQ,2026-02-06T19:12:42Z
2729,43d64771fc2bf8439f3edfabdfef7b20282b35b5528c56a314f0e5119a35535e,Amazon: Why I’m Downgrading My Favorite Stock (NASDAQ:AMZN) - Seeking Alpha,Seeking Alpha,2026-02-06T13:39:08Z,0,https://news.google.com/rss/articles/CBMijAFBVV95cUxQTWZyVXQzaXRVcnExNTkzWXh0REplQ1JrZ0RUY1ZuQnFpX0xSSGdHRFhSLVZIMGtmM0VtVDlMWHFnUTFKaDBHTGhoOXY0UFMyM2E3VlVRel9PeWswZFlpTnF1WmZ1WnQtU1RYcEkwUFNYdFlqXzBRakk4U001VmJrSEF5Z0R6ZElQaHNldQ?oc=5,"<a href=""https://news.google.com/rss/articles/CBMijAFBVV95cUxQTWZyVXQzaXRVcnExNTkzWXh0REplQ1JrZ0RUY1ZuQnFpX0xSSGdHRFhSLVZIMGtmM0VtVDlMWHFnUTFKaDBHTGhoOXY0UFMyM2E3VlVRel9PeWswZFlpTnF1WmZ1WnQtU1RYcEkwUFNYdFlqXzBRakk4U001VmJrSEF5Z0R6ZElQaHNldQ?oc=5"" target=""_blank"">Amazon: Why I’m Downgrading My Favorite Stock (NASDAQ:AMZN)</a>&nbsp;&nbsp;<font color=""#6f6f6f"">Seeking Alpha</font>",AMZN,google_news_rss,CBMijAFBVV95cUxQTWZyVXQzaXRVcnExNTkzWXh0REplQ1JrZ0RUY1ZuQnFpX0xSSGdHRFhSLVZIMGtmM0VtVDlMWHFnUTFKaDBHTGhoOXY0UFMyM2E3VlVRel9PeWswZFlpTnF1WmZ1WnQtU1RYcEkwUFNYdFlqXzBRakk4U001VmJrSEF5Z0R6ZElQaHNldQ,2026-02-06T19:12:42Z
3066,8a738c11a24f545f142f3af8557ac67c1547d8738457e6930eda46ff31ba5672,Saying Goodbye To The Ford F-150 Lightning,yahoo_rss,2026-02-06T13:26:26Z,0,https://247wallst.com/cars-and-drivers/2026/02/06/saying-goodbye-to-the-ford-f-150-lightning/?.tsrc=rss,"The Ford F-150 Lightning is probably the most significant effort by any automaker to enter the EV market and compete with Tesla (NASDAQ: TSLA). It was an EV version of the best-selling vehicle in the nation, a place it has held for four decades. It was as close to a sure thing as possible, chasing ... Saying Goodbye To The Ford F-150 Lightning",TSLA,yahoo_rss,54bb90c1-b0e3-38c6-96ab-3ff0acef9ad4,2026-02-06T19:12:42Z
3178,ff34a0b51486a194dc2979f797d9f74c7eace12f33eb5e34de63c4ae747a6492,JPM analysts stay bullish on Rio Tinto in wake of collapsed Glencore merger talks,yahoo_rss,2026-02-06T13:21:00Z,0,https://www.proactiveinvestors.com/companies/news/1086954/jpm-analysts-stay-bullish-on-rio-tinto-in-wake-of-collapsed-glencore-merger-talks-1086954.html?.tsrc=rss,"Analysts at JPMorgan have resumed coverage of Rio Tinto Ltd at 'Overweight' with a £75.00 price target, signalling confidence in the mining giant's strategic positioning even as merger talks with Glencore PLC collapse. The note, a day after Rio Tinto confirmed it is no longer pursuing a...",JPM,yahoo_rss,dc5435fd-bd85-32c6-8874-580a17ae2c9c,2026-02-06T19:12:42Z
2665,274b44ab8f3d14d3839d17d1c991c741682be2f2dc241e627de04a32334fe09a,"Zacks Investment Ideas feature highlights: Alphabet, Nvidia and Apple - The Globe and Mail",The Globe and Mail,2026-02-06T13:15:24Z,0,https://news.google.com/rss/articles/CBMi5gFBVV95cUxNRnhodjZVOFNLNVVaSEtYYWhYRC1relVyTlFKNzJaX0x4YzhRMkFscUwxRE4zdjA1blJYMFQ5eGRxVHZlMHJ0aVJ1c0QzRE9MNzA1RW9INGNQX1FFR1ZZZEU5LW83ZVhpS01WN1hsS3NwWlllWjQxbkdjU2hCR2c0ZGh0U0NicEZXUnBSOG5oanUxOGhiYXZ6LTlDRkdSOVVPOVJ6MUdHRDg2ZUZzQ1BOZU92aFdUZ1Rla3FwSTNFTm1qZktoZXNoOWNXQmhCUUlzQzdXNTZuWHo5Q2VWSjBrMC1rWm41UQ?oc=5,"<a href=""https://news.google.com/rss/articles/CBMi5gFBVV95cUxNRnhodjZVOFNLNVVaSEtYYWhYRC1relVyTlFKNzJaX0x4YzhRMkFscUwxRE4zdjA1blJYMFQ5eGRxVHZlMHJ0aVJ1c0QzRE9MNzA1RW9INGNQX1FFR1ZZZEU5LW83ZVhpS01WN1hsS3NwWlllWjQxbkdjU2hCR2c0ZGh0U0NicEZXUnBSOG5oanUxOGhiYXZ6LTlDRkdSOVVPOVJ6MUdHRDg2ZUZzQ1BOZU92aFdUZ1Rla3FwSTNFTm1qZktoZXNoOWNXQmhCUUlzQzdXNTZuWHo5Q2VWSjBrMC1rWm41UQ?oc=5"" target=""_blank"">Zacks Investment Ideas feature highlights: Alphabet, Nvidia and Apple</a>&nbsp;&nbsp;<font color=""#6f6f6f"">The Globe and Mail</font>",GOOGL,google_news_rss,CBMi5gFBVV95cUxNRnhodjZVOFNLNVVaSEtYYWhYRC1relVyTlFKNzJaX0x4YzhRMkFscUwxRE4zdjA1blJYMFQ5eGRxVHZlMHJ0aVJ1c0QzRE9MNzA1RW9INGNQX1FFR1ZZZEU5LW83ZVhpS01WN1hsS3NwWlllWjQxbkdjU2hCR2c0ZGh0U0NicEZXUnBSOG5oanUxOGhiYXZ6LTlDRkdSOVVPOVJ6MUdHRDg2ZUZzQ1BOZU92aFdUZ1Rla3FwSTNFTm1qZktoZXNoOWNXQmhCUUlzQzdXNTZuWHo5Q2VWSjBrMC1rWm41UQ,2026-02-06T19:12:42Z
2748,4e9b2707ffa55f3bbf57791812e970437d806f43cb093bba3d0532b4cba6737c,Wall Street Shook by Amazon Earnings Miss and $200 Billion AI Spending Shocker - 24/7 Wall St.,24/7 Wall St.,2026-02-06T13:15:22Z,0,https://news.google.com/rss/articles/CBMivgFBVV95cUxOQUFOUHUwRjJiVmF4WXZBMkZKTW54cjVMMzRkaWIxVHhyOUs5TWFSWkYtcFdmblV2MHY1dW1sQmE5cHVGRlJvTFFMblp5alBSU3hJZ09jYW5ocUZpMnhBNUpjZk9qLWdIQ1ZuemVaX2ZLMHBXbmZwaGIwNmV6YmV6bU83dGd3QXJkSnpkVXRrWnZrTW5vbk9VRTF1OXdjV1NOV28xZkctQmYwd1FGV08tMVJtMTl4WFJjVmlWa2hB?oc=5,"<a href=""https://news.google.com/rss/articles/CBMivgFBVV95cUxOQUFOUHUwRjJiVmF4WXZBMkZKTW54cjVMMzRkaWIxVHhyOUs5TWFSWkYtcFdmblV2MHY1dW1sQmE5cHVGRlJvTFFMblp5alBSU3hJZ09jYW5ocUZpMnhBNUpjZk9qLWdIQ1ZuemVaX2ZLMHBXbmZwaGIwNmV6YmV6bU83dGd3QXJkSnpkVXRrWnZrTW5vbk9VRTF1OXdjV1NOV28xZkctQmYwd1FGV08tMVJtMTl4WFJjVmlWa2hB?oc=5"" target=""_blank"">Wall Street Shook by Amazon Earnings Miss and $200 Billion AI Spending Shocker</a>&nbsp;&nbsp;<font color=""#6f6f6f"">24/7 Wall St.</font>",AMZN,google_news_rss,CBMivgFBVV95cUxOQUFOUHUwRjJiVmF4WXZBMkZKTW54cjVMMzRkaWIxVHhyOUs5TWFSWkYtcFdmblV2MHY1dW1sQmE5cHVGRlJvTFFMblp5alBSU3hJZ09jYW5ocUZpMnhBNUpjZk9qLWdIQ1ZuemVaX2ZLMHBXbmZwaGIwNmV6YmV6bU83dGd3QXJkSnpkVXRrWnZrTW5vbk9VRTF1OXdjV1NOV28xZkctQmYwd1FGV08tMVJtMTl4WFJjVmlWa2hB,2026-02-06T19:12:42Z
3415,c9fac28dd17b9c162df9f0ef4d104962fd258c3ee2752a448da83c3f67daa5ce,Shell Q4 Earnings Miss as Lower Oil Prices Pressure Results,yahoo_rss,2026-02-06T13:13:00Z,0,https://finance.yahoo.com/news/shell-q4-earnings-miss-lower-131300951.html?.tsrc=rss,"SHEL's Q4 earnings fell short as lower oil prices and tax impacts weighed on results, even as production rose and buybacks continued.",XOM,yahoo_rss,ccc4eab2-5d4d-339a-8bcc-288063352c50,2026-02-06T19:12:42Z
3293,a1eba5f68bfa1a31a7f9513af1fa39bb501912ada6ff8c9a1d425fb231363910,Is It Smart To Buy Visa Inc. (NYSE:V) Before It Goes Ex-Dividend?,yahoo_rss,2026-02-06T13:10:32Z,0,https://finance.yahoo.com/news/smart-buy-visa-inc-nyse-131032282.html?.tsrc=rss,"Readers hoping to buy Visa Inc. ( NYSE:V ) for its dividend will need to make their move shortly, as the stock is about...",V,yahoo_rss,e19d3be2-a419-3bfd-a90c-8a636f83fbc2,2026-02-06T19:12:42Z
3179,99da2ca8ef08de9d47816750eae1cdf6bb7d5ff558b27c7e523e6b20d66a7eec,"Here Are Friday’s Top Wall Street Analyst Research Calls: Amazon.com, Caterpillar, Estee Lauder,  JPMorgan, Norfolk Southern, Roku, Snap, Vistra, and More",yahoo_rss,2026-02-06T13:07:30Z,0,https://247wallst.com/investing/2026/02/06/here-are-fridays-top-wall-street-analyst-research-calls-amazon-com-caterpillar-estee-lauder-jpmorgan-norfolk-southern-roku-snap-vistra-and-more/?.tsrc=rss,"Pre-Market Stock Futures: Futures are trading higher as we prepare to wrap up one of the worst trading weeks in some time. The song remains the same as the rotation out of the tech trade continues to gain strength. Toss in the weakness in cryptocurrencies, along with a renewed skepticism towards the asset, and the ... Here Are Friday’s Top Wall Street Analyst Research Calls: Amazon.com, Caterpillar, Estee Lauder, JPMorgan, Norfolk Southern, Roku, Snap, Vistra, and More",JPM,yahoo_rss,2c0413d3-07a7-364e-97b6-23d3281ed969,2026-02-06T19:12:42Z
2611,3763cc4008761af32d2c0a2802fbed101aaadf86bfaa7e0553cc633ab192f2d0,Alphabet stock today: GOOGL slips premarket as Google’s $185 billion AI spend plan rattles nerves - TechStock²,TechStock²,2026-02-06T13:07:00Z,0,https://news.google.com/rss/articles/CBMitgFBVV95cUxNRnR6TlFyMlJ2NV9sMEt4ZGtiY3pFTDcxMkhQSkJtWkd2elVqdzdfWDRZbTFSNzNBb3hyeVoxQ3FNWENBcFRqaWdiY180Z1p4am90MjJxSVpDVDBDeDl0VjByVUpfakxhVHdxaEo0QVBIMUxtSkdIY2N1RXFZb0lxUWxNQU5FZkZqaDEwemFCeGQ2cENBNU5TcEwxa3hlX3JrN0dMLVVScl9UbzRZU0ZKbG41MTVoQQ?oc=5,"<a href=""https://news.google.com/rss/articles/CBMitgFBVV95cUxNRnR6TlFyMlJ2NV9sMEt4ZGtiY3pFTDcxMkhQSkJtWkd2elVqdzdfWDRZbTFSNzNBb3hyeVoxQ3FNWENBcFRqaWdiY180Z1p4am90MjJxSVpDVDBDeDl0VjByVUpfakxhVHdxaEo0QVBIMUxtSkdIY2N1RXFZb0lxUWxNQU5FZkZqaDEwemFCeGQ2cENBNU5TcEwxa3hlX3JrN0dMLVVScl9UbzRZU0ZKbG41MTVoQQ?oc=5"" target=""_blank"">Alphabet stock today: GOOGL slips premarket as Google’s $185 billion AI spend plan rattles nerves</a>&nbsp;&nbsp;<font color=""#6f6f6f"">TechStock²</font>",GOOGL,google_news_rss,CBMitgFBVV95cUxNRnR6TlFyMlJ2NV9sMEt4ZGtiY3pFTDcxMkhQSkJtWkd2elVqdzdfWDRZbTFSNzNBb3hyeVoxQ3FNWENBcFRqaWdiY180Z1p4am90MjJxSVpDVDBDeDl0VjByVUpfakxhVHdxaEo0QVBIMUxtSkdIY2N1RXFZb0lxUWxNQU5FZkZqaDEwemFCeGQ2cENBNU5TcEwxa3hlX3JrN0dMLVVScl9UbzRZU0ZKbG41MTVoQQ,2026-02-06T19:12:42Z
2649,180eb0275fa5676f45aa91b4b3170107739b27eca89f29aa3e56a5c7da0d4257,Alphabet Inc. $GOOGL is Teacher Retirement System of Texas' 8th Largest Position - MarketBeat,MarketBeat,2026-02-06T13:06:03Z,0,https://news.google.com/rss/articles/CBMi1AFBVV95cUxNRzI2djAxUktHZ19uX0NseGh3MWcxamV0NUY5dUp1d0pQMU5TSlN1dU11cVloOFQ5TmN2VjBBSXdJN3VqLWFlSjgyaXVZek04bmQzMDQtU0ExeFBMeHBnaU1yMnZwTHJLMXRLQTZxRmNWQ3E5RWZZOGJKQ1UyY1NSY0NySHhfalFDb0VtX3hKNDZ2VTlFVUxpc3NLX0tvc2twd3FHVXoxZE9JMjNhNVdnRTJWTjVCT0NXR1lCcW1WWGFnRG5VMGtCUWlQT2ctbGlSeS1RSg?oc=5,"<a href=""https://news.google.com/rss/articles/CBMi1AFBVV95cUxNRzI2djAxUktHZ19uX0NseGh3MWcxamV0NUY5dUp1d0pQMU5TSlN1dU11cVloOFQ5TmN2VjBBSXdJN3VqLWFlSjgyaXVZek04bmQzMDQtU0ExeFBMeHBnaU1yMnZwTHJLMXRLQTZxRmNWQ3E5RWZZOGJKQ1UyY1NSY0NySHhfalFDb0VtX3hKNDZ2VTlFVUxpc3NLX0tvc2twd3FHVXoxZE9JMjNhNVdnRTJWTjVCT0NXR1lCcW1WWGFnRG5VMGtCUWlQT2ctbGlSeS1RSg?oc=5"" target=""_blank"">Alphabet Inc. $GOOGL is Teacher Retirement System of Texas' 8th Largest Position</a>&nbsp;&nbsp;<font color=""#6f6f6f"">MarketBeat</font>",GOOGL,google_news_rss,CBMi1AFBVV95cUxNRzI2djAxUktHZ19uX0NseGh3MWcxamV0NUY5dUp1d0pQMU5TSlN1dU11cVloOFQ5TmN2VjBBSXdJN3VqLWFlSjgyaXVZek04bmQzMDQtU0ExeFBMeHBnaU1yMnZwTHJLMXRLQTZxRmNWQ3E5RWZZOGJKQ1UyY1NSY0NySHhfalFDb0VtX3hKNDZ2VTlFVUxpc3NLX0tvc2twd3FHVXoxZE9JMjNhNVdnRTJWTjVCT0NXR1lCcW1WWGFnRG5VMGtCUWlQT2ctbGlSeS1RSg,2026-02-06T19:12:42Z
2637,c1f88e638adbf7238deba8ac3f39d9fd92bee3019a460cda1b054f50a0a66c6f,Alphabet Inc. $GOOGL Shares Sold by UNIVEST FINANCIAL Corp - MarketBeat,MarketBeat,2026-02-06T13:06:03Z,0,https://news.google.com/rss/articles/CBMiuAFBVV95cUxPSEpZRUI5WlhzUUUzbXZnNjJsaS1taTlBWERTWWdQTUJTcG9HTHEtaENKUC14RVZXdlhrTU5BQlhyNHdTVFR4TmFIRjdJYk5jMGVfU3JCQ1ZxXzdTVmloTVZzeEFnT0pYN1k3SW0wTkI3Szd1cGVsekduUkloX0JHWmhsbmN0bUI3MTNHTVlKWGhrajJKODlLMC15R2JwZDJkSkhlQ0FXNDBsNEo4SlhSYl9NRE1OSmR6?oc=5,"<a href=""https://news.google.com/rss/articles/CBMiuAFBVV95cUxPSEpZRUI5WlhzUUUzbXZnNjJsaS1taTlBWERTWWdQTUJTcG9HTHEtaENKUC14RVZXdlhrTU5BQlhyNHdTVFR4TmFIRjdJYk5jMGVfU3JCQ1ZxXzdTVmloTVZzeEFnT0pYN1k3SW0wTkI3Szd1cGVsekduUkloX0JHWmhsbmN0bUI3MTNHTVlKWGhrajJKODlLMC15R2JwZDJkSkhlQ0FXNDBsNEo4SlhSYl9NRE1OSmR6?oc=5"" target=""_blank"">Alphabet Inc. $GOOGL Shares Sold by UNIVEST FINANCIAL Corp</a>&nbsp;&nbsp;<font color=""#6f6f6f"">MarketBeat</font>",GOOGL,google_news_rss,CBMiuAFBVV95cUxPSEpZRUI5WlhzUUUzbXZnNjJsaS1taTlBWERTWWdQTUJTcG9HTHEtaENKUC14RVZXdlhrTU5BQlhyNHdTVFR4TmFIRjdJYk5jMGVfU3JCQ1ZxXzdTVmloTVZzeEFnT0pYN1k3SW0wTkI3Szd1cGVsekduUkloX0JHWmhsbmN0bUI3MTNHTVlKWGhrajJKODlLMC15R2JwZDJkSkhlQ0FXNDBsNEo4SlhSYl9NRE1OSmR6,2026-02-06T19:12:42Z
2360,e9eee705268587936d29f2c7c01e2fddc26839ef6754b055b1aed9ed367ab4b4,Is crypto still cypherpunk? With Miden co-founder Azeem Khan,yahoo_rss,2026-02-06T13:01:51Z,0,https://www.theblock.co/post/388811/is-crypto-still-cypherpunk-with-miden-co-founder-azeem-khan?utm_source=yahoo-finance&utm_medium=rss&.tsrc=rss,"Miden's co-founder said crypto privacy should be essential infrastructure, but that compromises may be needed for regulatory acceptance.",AAPL,yahoo_rss,d08818e0-ccf3-3fae-b2f2-fe6849158e1a,2026-02-06T19:12:42Z
3067,3b8a36c41f36ee00aed3c6756af3e53bf5adf31ad0194b4cd700fe220f8069ee,Elektros Inc. Sees Rising Lithium Demand as Historic Cold Weather Accelerates Global Energy Needs,yahoo_rss,2026-02-06T13:00:00Z,0,https://finance.yahoo.com/news/elektros-inc-sees-rising-lithium-130000402.html?.tsrc=rss,"SUNNY ISLES BEACH, FLORIDA / ACCESS Newswire / February 6, 2026 / Elektros Inc. (OTC PINK:ELEK) today highlighted the growing importance of lithium and rare earth minerals as historic and extreme cold weather conditions place increasing strain on ...",TSLA,yahoo_rss,14406319-1ba3-3f53-8d5d-d9abd85b2d75,2026-02-06T19:12:42Z
2750,cb0a3c552bd180764d4376806408bb51a38916736638c90e5f12d9d96969aea1,"Amazon (NASDAQ: AMZN) Stock Drops After Weak Q1 Outlook, $200B Capex Plan - Meyka",Meyka,2026-02-06T12:56:15Z,0,https://news.google.com/rss/articles/CBMilwFBVV95cUxPakRlT0ROSGliQWozVFhKZ2lyR0xVUUtqUmxLNDdmRTMzdHRlQVlXYVZnSy1MeHpuMTN5aG9ib3oyQm9CTGZQS2V2YUx4S3FuVm5hWTRoRGhvcXJHckxRT0RoT3R0TXVVTHBGUlp0Y3JxSERyTzI2akpnU0p1RGJVemQ3UGQybTh6QWJEb3M0THFFOHE2QVhF?oc=5,"<a href=""https://news.google.com/rss/articles/CBMilwFBVV95cUxPakRlT0ROSGliQWozVFhKZ2lyR0xVUUtqUmxLNDdmRTMzdHRlQVlXYVZnSy1MeHpuMTN5aG9ib3oyQm9CTGZQS2V2YUx4S3FuVm5hWTRoRGhvcXJHckxRT0RoT3R0TXVVTHBGUlp0Y3JxSERyTzI2akpnU0p1RGJVemQ3UGQybTh6QWJEb3M0THFFOHE2QVhF?oc=5"" target=""_blank"">Amazon (NASDAQ: AMZN) Stock Drops After Weak Q1 Outlook, $200B Capex Plan</a>&nbsp;&nbsp;<font color=""#6f6f6f"">Meyka</font>",AMZN,google_news_rss,CBMilwFBVV95cUxPakRlT0ROSGliQWozVFhKZ2lyR0xVUUtqUmxLNDdmRTMzdHRlQVlXYVZnSy1MeHpuMTN5aG9ib3oyQm9CTGZQS2V2YUx4S3FuVm5hWTRoRGhvcXJHckxRT0RoT3R0TXVVTHBGUlp0Y3JxSERyTzI2akpnU0p1RGJVemQ3UGQybTh6QWJEb3M0THFFOHE2QVhF,2026-02-06T19:12:42Z
2523,f1a83c6029e7b238ad9fb1d7cc277cabbd2a24cd2eaf61fc9f15f118063c5374,Microsoft Corporation $MSFT is Walter Public Investments Inc.'s Largest Position - MarketBeat,MarketBeat,2026-02-06T12:55:11Z,0,https://news.google.com/rss/articles/CBMi1AFBVV95cUxQaEplVUN1ZHZOY3Y0c05NVWdobHV3eUVmYWZ1MER4TTdlZFpZWGxyQ3NoNG1JSXFpOWFDdVNKQm4tZUxFZGZhRlFvZXN2ZlItaXUyZHh3ZDhCLU1IOGRIdVFhWkh5SkFyOHAwb3gzMmV0dWc0YmlJOUlteDdOVlE3dDRqZFFYb2Y2RHV6b2VnTVlySmIyeXRTdHV4dFZMU1BKeVozeFBXN2YzcXNfaHR2ZjFjMW0xLVZlbmVGQ05tTWU2dXZib1I3aTU4ZERpMDRoanN1Mg?oc=5,"<a href=""https://news.google.com/rss/articles/CBMi1AFBVV95cUxQaEplVUN1ZHZOY3Y0c05NVWdobHV3eUVmYWZ1MER4TTdlZFpZWGxyQ3NoNG1JSXFpOWFDdVNKQm4tZUxFZGZhRlFvZXN2ZlItaXUyZHh3ZDhCLU1IOGRIdVFhWkh5SkFyOHAwb3gzMmV0dWc0YmlJOUlteDdOVlE3dDRqZFFYb2Y2RHV6b2VnTVlySmIyeXRTdHV4dFZMU1BKeVozeFBXN2YzcXNfaHR2ZjFjMW0xLVZlbmVGQ05tTWU2dXZib1I3aTU4ZERpMDRoanN1Mg?oc=5"" target=""_blank"">Microsoft Corporation $MSFT is Walter Public Investments Inc.'s Largest Position</a>&nbsp;&nbsp;<font color=""#6f6f6f"">MarketBeat</font>",MSFT,google_news_rss,CBMi1AFBVV95cUxQaEplVUN1ZHZOY3Y0c05NVWdobHV3eUVmYWZ1MER4TTdlZFpZWGxyQ3NoNG1JSXFpOWFDdVNKQm4tZUxFZGZhRlFvZXN2ZlItaXUyZHh3ZDhCLU1IOGRIdVFhWkh5SkFyOHAwb3gzMmV0dWc0YmlJOUlteDdOVlE3dDRqZFFYb2Y2RHV6b2VnTVlySmIyeXRTdHV4dFZMU1BKeVozeFBXN2YzcXNfaHR2ZjFjMW0xLVZlbmVGQ05tTWU2dXZib1I3aTU4ZERpMDRoanN1Mg,2026-02-06T19:12:42Z
2515,bc590ec032568bd104cbc04be3c553c5ef1f043101587574cb895b0b28c5e986,Microsoft Corporation $MSFT Stock Position Lowered by Prossimo Advisors LLC - MarketBeat,MarketBeat,2026-02-06T12:55:11Z,0,https://news.google.com/rss/articles/CBMi0AFBVV95cUxPTlhBVGl5ZGN4THJPaFJJaEdLVnJNZEJhcmhKOUkwWWpsQ1E5THpfU082dmFEX2g5ZmxOYmxkRW1CTkxwLVFVNk5JVE5WZmxoTXFrWlhVcUlUa3ZyRjhUZ0JoSWk1enpwWUlDWXU4dGdKdWcxOUZfX0ZFcmZNSHdLa0MtX1NoMEU4eHBDSVBMZkJ6Vlo1RE43bnMySlJiek9UVFFlNDdXNmtnbEppelh2Mk80U1NjMEJ5REpSR09qc0FSc2p0NXFpNzVLRW9ibXpN?oc=5,"<a href=""https://news.google.com/rss/articles/CBMi0AFBVV95cUxPTlhBVGl5ZGN4THJPaFJJaEdLVnJNZEJhcmhKOUkwWWpsQ1E5THpfU082dmFEX2g5ZmxOYmxkRW1CTkxwLVFVNk5JVE5WZmxoTXFrWlhVcUlUa3ZyRjhUZ0JoSWk1enpwWUlDWXU4dGdKdWcxOUZfX0ZFcmZNSHdLa0MtX1NoMEU4eHBDSVBMZkJ6Vlo1RE43bnMySlJiek9UVFFlNDdXNmtnbEppelh2Mk80U1NjMEJ5REpSR09qc0FSc2p0NXFpNzVLRW9ibXpN?oc=5"" target=""_blank"">Microsoft Corporation $MSFT Stock Position Lowered by Prossimo Advisors LLC</a>&nbsp;&nbsp;<font color=""#6f6f6f"">MarketBeat</font>",MSFT,google_news_rss,CBMi0AFBVV95cUxPTlhBVGl5ZGN4THJPaFJJaEdLVnJNZEJhcmhKOUkwWWpsQ1E5THpfU082dmFEX2g5ZmxOYmxkRW1CTkxwLVFVNk5JVE5WZmxoTXFrWlhVcUlUa3ZyRjhUZ0JoSWk1enpwWUlDWXU4dGdKdWcxOUZfX0ZFcmZNSHdLa0MtX1NoMEU4eHBDSVBMZkJ6Vlo1RE43bnMySlJiek9UVFFlNDdXNmtnbEppelh2Mk80U1NjMEJ5REpSR09qc0FSc2p0NXFpNzVLRW9ibXpN,2026-02-06T19:12:42Z
2389,019c6ec82c4663fa6bc17d9f2cef503a2d6795bc3befd243dfc0b1bc5e5fecc7,Touchstone Capital Inc. Takes $11.71 Million Position in Apple Inc. $AAPL - MarketBeat,MarketBeat,2026-02-06T12:55:09Z,0,https://news.google.com/rss/articles/CBMiyAFBVV95cUxQSWRQZ2sxYUw2QlZwQzd0ZExtaUlCSFBBZnUydDZFSlJHUk9qOExWTXZ2WnpSZnJPN0lQb2FwMG9nZzNhbGt4MXRmRVpXcVdLTktSV205Q24xTHJPZWlzaXRjOE5MNUxTY0pVWnNUam1wSjdZdE9oaVhtR1FBQnBkcldfNHRVeDNoN1h1TEZHbmh5MEZKN0VVRy01UF9HRDdUeVRIb3l5SEU4WnBNbmZPcm04RVVBcU1VbHhlSW9HdUY3Y3lzSDZrdw?oc=5,"<a href=""https://news.google.com/rss/articles/CBMiyAFBVV95cUxQSWRQZ2sxYUw2QlZwQzd0ZExtaUlCSFBBZnUydDZFSlJHUk9qOExWTXZ2WnpSZnJPN0lQb2FwMG9nZzNhbGt4MXRmRVpXcVdLTktSV205Q24xTHJPZWlzaXRjOE5MNUxTY0pVWnNUam1wSjdZdE9oaVhtR1FBQnBkcldfNHRVeDNoN1h1TEZHbmh5MEZKN0VVRy01UF9HRDdUeVRIb3l5SEU4WnBNbmZPcm04RVVBcU1VbHhlSW9HdUY3Y3lzSDZrdw?oc=5"" target=""_blank"">Touchstone Capital Inc. Takes $11.71 Million Position in Apple Inc. $AAPL</a>&nbsp;&nbsp;<font color=""#6f6f6f"">MarketBeat</font>",AAPL,google_news_rss,CBMiyAFBVV95cUxQSWRQZ2sxYUw2QlZwQzd0ZExtaUlCSFBBZnUydDZFSlJHUk9qOExWTXZ2WnpSZnJPN0lQb2FwMG9nZzNhbGt4MXRmRVpXcVdLTktSV205Q24xTHJPZWlzaXRjOE5MNUxTY0pVWnNUam1wSjdZdE9oaVhtR1FBQnBkcldfNHRVeDNoN1h1TEZHbmh5MEZKN0VVRy01UF9HRDdUeVRIb3l5SEU4WnBNbmZPcm04RVVBcU1VbHhlSW9HdUY3Y3lzSDZrdw,2026-02-06T19:12:42Z
2378,984896c9ce57125a9ecbe80ed0f0e7fa935692a4af70424a4711653cf219ca99,Apple Inc. $AAPL Stock Holdings Lifted by Smith Shellnut Wilson LLC ADV - MarketBeat,MarketBeat,2026-02-06T12:55:07Z,0,https://news.google.com/rss/articles/CBMiygFBVV95cUxNTzdTQzl5VUp0UDduTUhoVUxBZXJTaFBBWGtTdnJCQk1pLUFBY3JBMjcweldwTG1hTDk3TnpXSDFicDhrSWtiUVltZnFhckpDbld0YTNrVGw3TG1kRnRWaGlsUWtOUFh4S3RUdVVrTFhsS0FvOEJNLXNjTkFvWURFMF9ybVJJZzVYQm5hMVUxOHZ3WV9US0kxN3RzcVJuQVJFZndaZktjdkFwd3E5d2hnYnp3TFhOLTVKVXJFbkNDeE5yZG1BMGgxcUNn?oc=5,"<a href=""https://news.google.com/rss/articles/CBMiygFBVV95cUxNTzdTQzl5VUp0UDduTUhoVUxBZXJTaFBBWGtTdnJCQk1pLUFBY3JBMjcweldwTG1hTDk3TnpXSDFicDhrSWtiUVltZnFhckpDbld0YTNrVGw3TG1kRnRWaGlsUWtOUFh4S3RUdVVrTFhsS0FvOEJNLXNjTkFvWURFMF9ybVJJZzVYQm5hMVUxOHZ3WV9US0kxN3RzcVJuQVJFZndaZktjdkFwd3E5d2hnYnp3TFhOLTVKVXJFbkNDeE5yZG1BMGgxcUNn?oc=5"" target=""_blank"">Apple Inc. $AAPL Stock Holdings Lifted by Smith Shellnut Wilson LLC ADV</a>&nbsp;&nbsp;<font color=""#6f6f6f"">MarketBeat</font>",AAPL,google_news_rss,CBMiygFBVV95cUxNTzdTQzl5VUp0UDduTUhoVUxBZXJTaFBBWGtTdnJCQk1pLUFBY3JBMjcweldwTG1hTDk3TnpXSDFicDhrSWtiUVltZnFhckpDbld0YTNrVGw3TG1kRnRWaGlsUWtOUFh4S3RUdVVrTFhsS0FvOEJNLXNjTkFvWURFMF9ybVJJZzVYQm5hMVUxOHZ3WV9US0kxN3RzcVJuQVJFZndaZktjdkFwd3E5d2hnYnp3TFhOLTVKVXJFbkNDeE5yZG1BMGgxcUNn,2026-02-06T19:12:42Z
2850,03594824085ca2188c277464526365b68b8ddf88eee068ab13d99c586762df0b,Sigma Investment Counselors Inc. Cuts Stock Holdings in NVIDIA Corporation $NVDA - MarketBeat,MarketBeat,2026-02-06T12:53:36Z,0,https://news.google.com/rss/articles/CBMi1gFBVV95cUxQRDV0aEV0bEsyM01EZkl1ZHJuSGlaXzBtWHlOR29tbFBfQUZYNVBKbnRmSDA4ejF4Z1ZYVWpSLW1tOUQyTms0azlzd2xSV0JBLUZKQWkxek9SZ1Q0N19nWkluQUM0R1R2YWQycVVzQzl1WHVHMmZ2NVE2NHdzUld0cVc2bGtxb0RxRGZwNTR3RUV5b0FGQkgxN19HVnF2enpETVhyUVhqZklNNzN6MHRVME52cTZYeXV6V0g3ZHVtVkIwRVNTT3F6T29oYWthRDFzWWVtbjhR?oc=5,"<a href=""https://news.google.com/rss/articles/CBMi1gFBVV95cUxQRDV0aEV0bEsyM01EZkl1ZHJuSGlaXzBtWHlOR29tbFBfQUZYNVBKbnRmSDA4ejF4Z1ZYVWpSLW1tOUQyTms0azlzd2xSV0JBLUZKQWkxek9SZ1Q0N19nWkluQUM0R1R2YWQycVVzQzl1WHVHMmZ2NVE2NHdzUld0cVc2bGtxb0RxRGZwNTR3RUV5b0FGQkgxN19HVnF2enpETVhyUVhqZklNNzN6MHRVME52cTZYeXV6V0g3ZHVtVkIwRVNTT3F6T29oYWthRDFzWWVtbjhR?oc=5"" target=""_blank"">Sigma Investment Counselors Inc. Cuts Stock Holdings in NVIDIA Corporation $NVDA</a>&nbsp;&nbsp;<font color=""#6f6f6f"">MarketBeat</font>",NVDA,google_news_rss,CBMi1gFBVV95cUxQRDV0aEV0bEsyM01EZkl1ZHJuSGlaXzBtWHlOR29tbFBfQUZYNVBKbnRmSDA4ejF4Z1ZYVWpSLW1tOUQyTms0azlzd2xSV0JBLUZKQWkxek9SZ1Q0N19nWkluQUM0R1R2YWQycVVzQzl1WHVHMmZ2NVE2NHdzUld0cVc2bGtxb0RxRGZwNTR3RUV5b0FGQkgxN19HVnF2enpETVhyUVhqZklNNzN6MHRVME52cTZYeXV6V0g3ZHVtVkIwRVNTT3F6T29oYWthRDFzWWVtbjhR,2026-02-06T19:12:42Z
2855,693a48481654e889359425a036819b316eeb13d1ed9e6bf3be2785280071571e,"Waters Parkerson & CO. LLC Sells 7,464 Shares of NVIDIA Corporation $NVDA - MarketBeat",MarketBeat,2026-02-06T12:53:33Z,0,https://news.google.com/rss/articles/CBMiyAFBVV95cUxOS1NZR3JBckhDMlNZeHZlNklLbDNMd1dmQ2dqTnk5cTg1RnBHTllfblQ0Ny01VmRsWGZxOUtNV2dFUFduLVdjaEMyb2pldURpNzJjN2M0eDV4T0pDUDVOMFlEQ0Z3MV9aSmVLQ3dLZlRkblhSYVoxSE1pZGRaWmlySFc1eU54QVZTMDZjVjdGZUNCWUI5SjQtOVRZNnhseGsxUkNKYjZwZDFKVXdoLVQyRlFZQzlPSTRfN2NGRVdzaC1SRk5yenVoUA?oc=5,"<a href=""https://news.google.com/rss/articles/CBMiyAFBVV95cUxOS1NZR3JBckhDMlNZeHZlNklLbDNMd1dmQ2dqTnk5cTg1RnBHTllfblQ0Ny01VmRsWGZxOUtNV2dFUFduLVdjaEMyb2pldURpNzJjN2M0eDV4T0pDUDVOMFlEQ0Z3MV9aSmVLQ3dLZlRkblhSYVoxSE1pZGRaWmlySFc1eU54QVZTMDZjVjdGZUNCWUI5SjQtOVRZNnhseGsxUkNKYjZwZDFKVXdoLVQyRlFZQzlPSTRfN2NGRVdzaC1SRk5yenVoUA?oc=5"" target=""_blank"">Waters Parkerson & CO. LLC Sells 7,464 Shares of NVIDIA Corporation $NVDA</a>&nbsp;&nbsp;<font color=""#6f6f6f"">MarketBeat</font>",NVDA,google_news_rss,CBMiyAFBVV95cUxOS1NZR3JBckhDMlNZeHZlNklLbDNMd1dmQ2dqTnk5cTg1RnBHTllfblQ0Ny01VmRsWGZxOUtNV2dFUFduLVdjaEMyb2pldURpNzJjN2M0eDV4T0pDUDVOMFlEQ0Z3MV9aSmVLQ3dLZlRkblhSYVoxSE1pZGRaWmlySFc1eU54QVZTMDZjVjdGZUNCWUI5SjQtOVRZNnhseGsxUkNKYjZwZDFKVXdoLVQyRlFZQzlPSTRfN2NGRVdzaC1SRk5yenVoUA,2026-02-06T19:12:42Z
3435,b4f57a6241e51c8356473813ddbc38385ca0431674ae0a67211b22997832a636,Prime Capital Investment Advisors LLC Grows Holdings in Exxon Mobil Corporation $XOM - MarketBeat,MarketBeat,2026-02-06T12:36:55Z,0,https://news.google.com/rss/articles/CBMi3AFBVV95cUxQQTd4Y2Q0Z1lQWU1PUnBoWlpKUVNVbmJMM1dDdHE5NGhQOHlBX3QyQ3lsdHJpYW93UmxmTFhrMlhHU2dQLXFrYnR0a3lGOXRRRER5b2ZoTWJqMTBwcmtPdDc4anpNV0o3R3Qxemk3NWc1ZGxMMkNvUHFLZTU1aHhtQzZIT19CcWdEcXVHMDlVRk5oVHdack5NUHhOMUI4V2l2bGc3aTFDaVBvckpCS243aHY4b05lcnRZSnVrbjBfLXRQeDhiZ25IMk5mYXl5Rm5JczRzRmNHVEhFdWJF?oc=5,"<a href=""https://news.google.com/rss/articles/CBMi3AFBVV95cUxQQTd4Y2Q0Z1lQWU1PUnBoWlpKUVNVbmJMM1dDdHE5NGhQOHlBX3QyQ3lsdHJpYW93UmxmTFhrMlhHU2dQLXFrYnR0a3lGOXRRRER5b2ZoTWJqMTBwcmtPdDc4anpNV0o3R3Qxemk3NWc1ZGxMMkNvUHFLZTU1aHhtQzZIT19CcWdEcXVHMDlVRk5oVHdack5NUHhOMUI4V2l2bGc3aTFDaVBvckpCS243aHY4b05lcnRZSnVrbjBfLXRQeDhiZ25IMk5mYXl5Rm5JczRzRmNHVEhFdWJF?oc=5"" target=""_blank"">Prime Capital Investment Advisors LLC Grows Holdings in Exxon Mobil Corporation $XOM</a>&nbsp;&nbsp;<font color=""#6f6f6f"">MarketBeat</font>",XOM,google_news_rss,CBMi3AFBVV95cUxQQTd4Y2Q0Z1lQWU1PUnBoWlpKUVNVbmJMM1dDdHE5NGhQOHlBX3QyQ3lsdHJpYW93UmxmTFhrMlhHU2dQLXFrYnR0a3lGOXRRRER5b2ZoTWJqMTBwcmtPdDc4anpNV0o3R3Qxemk3NWc1ZGxMMkNvUHFLZTU1aHhtQzZIT19CcWdEcXVHMDlVRk5oVHdack5NUHhOMUI4V2l2bGc3aTFDaVBvckpCS243aHY4b05lcnRZSnVrbjBfLXRQeDhiZ25IMk5mYXl5Rm5JczRzRmNHVEhFdWJF,2026-02-06T19:12:42Z
3083,639516c0b8ae941e8b0ba30cba696fd57fb1335b21e285c2d8924b01a15f358c,"Tesla, Inc. $TSLA Shares Acquired by Prime Capital Investment Advisors LLC - MarketBeat",MarketBeat,2026-02-06T12:36:54Z,0,https://news.google.com/rss/articles/CBMizAFBVV95cUxPTzhybzI5cVZLNWxrdHRCOHpBTU96OWdsd3NBY1RKNUFIenl6TlItOUVGRGFzTnd0SGhXQWJSZUJFZVl4bEhCWHdjcHVkNFRGR0lmQUdEMGtuMGx5RC16Tm94d3VXemd6MlRoSWdLOFRENGtzY0daQ3gyTExqYzBUeDN5cjZVa3lkSDFnZnFzaVpfajY0STBVM2tRTzFBTVRwbFBmRldiRVRlVDhEMV8wQTZrZFFfLVNwbXo3b2NhTGdVLUpCZlE0LVF2MVI?oc=5,"<a href=""https://news.google.com/rss/articles/CBMizAFBVV95cUxPTzhybzI5cVZLNWxrdHRCOHpBTU96OWdsd3NBY1RKNUFIenl6TlItOUVGRGFzTnd0SGhXQWJSZUJFZVl4bEhCWHdjcHVkNFRGR0lmQUdEMGtuMGx5RC16Tm94d3VXemd6MlRoSWdLOFRENGtzY0daQ3gyTExqYzBUeDN5cjZVa3lkSDFnZnFzaVpfajY0STBVM2tRTzFBTVRwbFBmRldiRVRlVDhEMV8wQTZrZFFfLVNwbXo3b2NhTGdVLUpCZlE0LVF2MVI?oc=5"" target=""_blank"">Tesla, Inc. $TSLA Shares Acquired by Prime Capital Investment Advisors LLC</a>&nbsp;&nbsp;<font color=""#6f6f6f"">MarketBeat</font>",TSLA,google_news_rss,CBMizAFBVV95cUxPTzhybzI5cVZLNWxrdHRCOHpBTU96OWdsd3NBY1RKNUFIenl6TlItOUVGRGFzTnd0SGhXQWJSZUJFZVl4bEhCWHdjcHVkNFRGR0lmQUdEMGtuMGx5RC16Tm94d3VXemd6MlRoSWdLOFRENGtzY0daQ3gyTExqYzBUeDN5cjZVa3lkSDFnZnFzaVpfajY0STBVM2tRTzFBTVRwbFBmRldiRVRlVDhEMV8wQTZrZFFfLVNwbXo3b2NhTGdVLUpCZlE0LVF2MVI,2026-02-06T19:12:42Z
3068,a36a11e980d39b469a4a52a9c2bb8f314df5a25cff388c1d7d07f2474176bb40,"Elon Musk Net Worth Hits $852 Billion Thanks To SpaceX, xAI Merger: Tesla Pay Package Could Take Wealth Even Higher",yahoo_rss,2026-02-06T12:31:07Z,0,https://finance.yahoo.com/news/elon-musk-net-worth-hits-123107810.html?.tsrc=rss,"Tesla Inc (NASDAQ:TSLA) CEO Elon Musk has seen his net worth surge in 2026 — but unlike past years, the jump isn’t coming from a rally in the EV maker’s stock. This time, the boost comes from a merger between two of his own companies. SpaceX, xAI Merger Boosts Musk's Net Worth Heading into 2026, the net worth of the word’s richest person was already so large that he could buy every MLB, NBA, NFL and NHL team with money left over. With SpaceX and xAI moving toward a merger, Forbes has updated its",TSLA,yahoo_rss,dc05d93f-5069-3f6e-a427-4c80a36673c1,2026-02-06T19:12:42Z
2361,96c9419ba7efc53be6de9c4a8806942323038b259c332a49e3857d817c103a9f,"Despite The Ho-Hum Dividend, SCHG Beat the S&P 500 by An Impressive 15%",yahoo_rss,2026-02-06T12:30:37Z,0,https://247wallst.com/investing/2026/02/06/despite-the-ho-hum-dividend-schg-beat-the-sp-500-by-an-impressive-15/?.tsrc=rss,"The Schwab U.S. Large-Cap Growth ETF (NYSEARCA:SCHG) isn’t designed to generate meaningful dividend income. With a yield of just 0.34%, it returns less than a third of what the broader market typically offers. That’s not a flaw. It’s the entire point. This fund exists to capture capital appreciation from America’s fastest-growing large-cap companies, not to ... Despite The Ho-Hum Dividend, SCHG Beat the S&amp;P 500 by An Impressive 15%",AAPL,yahoo_rss,befd5246-56aa-3075-a630-78f0bb1bab69,2026-02-06T19:12:42Z
2722,4f3eb31584b151ec3ec52daf0d185717c5aacbb365cbf501c79c74d0f2f9394d,Why Amazon stock (AMZN) is falling again today — key factors driving the decline - The Economic Times,The Economic Times,2026-02-06T12:28:41Z,0,https://news.google.com/rss/articles/CBMi5wFBVV95cUxOS1FWSGZvbzNsWG90cU5xd2hXZzJJdXMwQ2V1TFFFblhVcEgtMG5Vc0lBejEzaU1fMC1XWWFGQ3BHUjBySTJpbGZhWEtKVmxnTm03dnNZUzltczFrSVNnNmlrMU5vVnVGQWVoM0QyRTJqTHBTMFhfTnFCV1Ayd0xjcTEzcVZiYjVEQnRtRkNscW90b3d2VFhqY2pqWlYxNzM2c1BXNmQ1MGtoaXdoUS1wMmt3bUFmNF9JUnBGU1djVzlHX1lCd0pKUzRtR1dOdzJBTHl0NGZqY1l0bW13SF9ycmZ4SWNTLXPSAewBQVVfeXFMTnZMQ1dwMFpIREtTMUppREd3NHZmbTBoUGdoVExIZE9zTHgzbXJSQUhpN0RsTjNBbHpwUkxReDZ2ZTE0dzcwQWZ5VjNqNE9SUnN0bE9xbXdXUDJMajZaZWlnR1ZNamdYVVF2c01WeVVsa3p6SElRT213WDZxUDZhT216MWJ0UEFYOXAwRGw3TC12cnRIMUlsZmN6VWJzeTNkYzlpODg2ckVNNWFLcFE0dlZlQmZiN0Y0ckdwby10MXVZV0pBVmUwU1RUWmthdV9ySUswMGxVUnU0OU0yc0tzVEUwbDBZaG0xd1FpUW8?oc=5,"<a href=""https://news.google.com/rss/articles/CBMi5wFBVV95cUxOS1FWSGZvbzNsWG90cU5xd2hXZzJJdXMwQ2V1TFFFblhVcEgtMG5Vc0lBejEzaU1fMC1XWWFGQ3BHUjBySTJpbGZhWEtKVmxnTm03dnNZUzltczFrSVNnNmlrMU5vVnVGQWVoM0QyRTJqTHBTMFhfTnFCV1Ayd0xjcTEzcVZiYjVEQnRtRkNscW90b3d2VFhqY2pqWlYxNzM2c1BXNmQ1MGtoaXdoUS1wMmt3bUFmNF9JUnBGU1djVzlHX1lCd0pKUzRtR1dOdzJBTHl0NGZqY1l0bW13SF9ycmZ4SWNTLXPSAewBQVVfeXFMTnZMQ1dwMFpIREtTMUppREd3NHZmbTBoUGdoVExIZE9zTHgzbXJSQUhpN0RsTjNBbHpwUkxReDZ2ZTE0dzcwQWZ5VjNqNE9SUnN0bE9xbXdXUDJMajZaZWlnR1ZNamdYVVF2c01WeVVsa3p6SElRT213WDZxUDZhT216MWJ0UEFYOXAwRGw3TC12cnRIMUlsZmN6VWJzeTNkYzlpODg2ckVNNWFLcFE0dlZlQmZiN0Y0ckdwby10MXVZV0pBVmUwU1RUWmthdV9ySUswMGxVUnU0OU0yc0tzVEUwbDBZaG0xd1FpUW8?oc=5"" target=""_blank"">Why Amazon stock (AMZN) is falling again today — key factors driving the decline</a>&nbsp;&nbsp;<font color=""#6f6f6f"">The Economic Times</font>",AMZN,google_news_rss,CBMi5wFBVV95cUxOS1FWSGZvbzNsWG90cU5xd2hXZzJJdXMwQ2V1TFFFblhVcEgtMG5Vc0lBejEzaU1fMC1XWWFGQ3BHUjBySTJpbGZhWEtKVmxnTm03dnNZUzltczFrSVNnNmlrMU5vVnVGQWVoM0QyRTJqTHBTMFhfTnFCV1Ayd0xjcTEzcVZiYjVEQnRtRkNscW90b3d2VFhqY2pqWlYxNzM2c1BXNmQ1MGtoaXdoUS1wMmt3bUFmNF9JUnBGU1djVzlHX1lCd0pKUzRtR1dOdzJBTHl0NGZqY1l0bW13SF9ycmZ4SWNTLXPSAewBQVVfeXFMTnZMQ1dwMFpIREtTMUppREd3NHZmbTBoUGdoVExIZE9zTHgzbXJSQUhpN0RsTjNBbHpwUkxReDZ2ZTE0dzcwQWZ5VjNqNE9SUnN0bE9xbXdXUDJMajZaZWlnR1ZNamdYVVF2c01WeVVsa3p6SElRT213WDZxUDZhT216MWJ0UEFYOXAwRGw3TC12cnRIMUlsZmN6VWJzeTNkYzlpODg2ckVNNWFLcFE0dlZlQmZiN0Y0ckdwby10MXVZV0pBVmUwU1RUWmthdV9ySUswMGxVUnU0OU0yc0tzVEUwbDBZaG0xd1FpUW8,2026-02-06T19:12:42Z
2785,21319154ba71714a4d09d3826ed4e4748e2d83bc43db93da6caa4819593e490c,AMZN Stock Forecast: BMO Sees $310 Despite AI Sell-Off & Downgrade - Coinpaper,Coinpaper,2026-02-06T12:27:03Z,0,https://news.google.com/rss/articles/CBMimgFBVV95cUxOVklLa2l2b2NsSnVyS3dsNkRoeEtpZC1NaVBVYWV1Q2dHRDhqSUdQdTcyR1ViVm1EMXhKSmNhTV9OR3gyejBDYTNvMlBQbXVDLUdLOEFkdVRKOTZLcHUzYlVXamlLQzZoQ1FyNFluTnBxSFBBbEhjQWdtNWFEVjBBVDZYNmNhM0hkOW0yakY3aXQxendCVzQtUFd3?oc=5,"<a href=""https://news.google.com/rss/articles/CBMimgFBVV95cUxOVklLa2l2b2NsSnVyS3dsNkRoeEtpZC1NaVBVYWV1Q2dHRDhqSUdQdTcyR1ViVm1EMXhKSmNhTV9OR3gyejBDYTNvMlBQbXVDLUdLOEFkdVRKOTZLcHUzYlVXamlLQzZoQ1FyNFluTnBxSFBBbEhjQWdtNWFEVjBBVDZYNmNhM0hkOW0yakY3aXQxendCVzQtUFd3?oc=5"" target=""_blank"">AMZN Stock Forecast: BMO Sees $310 Despite AI Sell-Off & Downgrade</a>&nbsp;&nbsp;<font color=""#6f6f6f"">Coinpaper</font>",AMZN,google_news_rss,CBMimgFBVV95cUxOVklLa2l2b2NsSnVyS3dsNkRoeEtpZC1NaVBVYWV1Q2dHRDhqSUdQdTcyR1ViVm1EMXhKSmNhTV9OR3gyejBDYTNvMlBQbXVDLUdLOEFkdVRKOTZLcHUzYlVXamlLQzZoQ1FyNFluTnBxSFBBbEhjQWdtNWFEVjBBVDZYNmNhM0hkOW0yakY3aXQxendCVzQtUFd3,2026-02-06T19:12:42Z
2362,efa7392ae0ba11021404b9be3fd94740ddcf1651712c745587f353599a2573d2,Apple Just Had The Biggest Quarter In iPhone History,yahoo_rss,2026-02-06T12:01:09Z,0,https://finance.yahoo.com/news/apple-just-had-biggest-quarter-120109544.html?.tsrc=rss,"Apple Inc. (NASDAQ:AAPL) reported impressive sales growth in the fourth quarter of 2025, even as overall U.S. smartphone sales increased by only 1% year-over-year (Y/Y). Weak low-end and premium Android sales held back overall growth. Apple’s Record Sales Push Market Share to 69% Apple achieved its best sales quarter, expanding its market share to 69%, while Motorola rose to the #1 spot in the sub-$300 category with its new Moto G 2026 series devices, according to Counterpoint Research. Apple’s",AAPL,yahoo_rss,1c5ef38e-272c-316a-ae6f-88c650c9141e,2026-02-06T19:12:42Z
2721,9ef43282262c892b8ddf583a2ee72e3e9661ec92fcbe40f54a061dacddf72edd,What analysts are saying about Amazon after its capex shocker (AMZN:NASDAQ) - Seeking Alpha,Seeking Alpha,2026-02-06T11:49:19Z,0,https://news.google.com/rss/articles/CBMioAFBVV95cUxNdVZHMGY4MmNJNWJ2cDFOYkM2cy1ZTV9EYjFBSnNDWWJCSWZZU0Fma3FzNklQQ2ljSGpkaTFfbmFEZ1laSHZsSTRXdVVQQXFoUWxtVXNYbGxXTjdxcWsyS3dZcjNGVDdVM0JaXzFUOWdSNHJJSFFkTDZYLWhuNHoxeFlPTnI5ZktPOEJPSW1KaDlrVlNpQklYT2hEbGViSHZS?oc=5,"<a href=""https://news.google.com/rss/articles/CBMioAFBVV95cUxNdVZHMGY4MmNJNWJ2cDFOYkM2cy1ZTV9EYjFBSnNDWWJCSWZZU0Fma3FzNklQQ2ljSGpkaTFfbmFEZ1laSHZsSTRXdVVQQXFoUWxtVXNYbGxXTjdxcWsyS3dZcjNGVDdVM0JaXzFUOWdSNHJJSFFkTDZYLWhuNHoxeFlPTnI5ZktPOEJPSW1KaDlrVlNpQklYT2hEbGViSHZS?oc=5"" target=""_blank"">What analysts are saying about Amazon after its capex shocker (AMZN:NASDAQ)</a>&nbsp;&nbsp;<font color=""#6f6f6f"">Seeking Alpha</font>",AMZN,google_news_rss,CBMioAFBVV95cUxNdVZHMGY4MmNJNWJ2cDFOYkM2cy1ZTV9EYjFBSnNDWWJCSWZZU0Fma3FzNklQQ2ljSGpkaTFfbmFEZ1laSHZsSTRXdVVQQXFoUWxtVXNYbGxXTjdxcWsyS3dZcjNGVDdVM0JaXzFUOWdSNHJJSFFkTDZYLWhuNHoxeFlPTnI5ZktPOEJPSW1KaDlrVlNpQklYT2hEbGViSHZS,2026-02-06T19:12:42Z
3069,48e2fc7271e5ea5fdb64e359c173bf89855405bc222fbf9785c885ff0324553a,Elon Musk-Led Tesla's Chinese Wholesale Sales Rise Nearly 10% In January,yahoo_rss,2026-02-06T11:46:08Z,0,https://finance.yahoo.com/news/elon-musk-led-teslas-chinese-114608174.html?.tsrc=rss,"Tesla Inc. (NASDAQ:TSLA) wholesale sales figures rose in the Chinese market as the automaker grapples with global declines. 9.32% YoY Increase The automaker's wholesale sales from its Gigafactory in Shanghai, China, clocked in at 69,129 Model 3 and Model Y units in January, data shared by influencer Roland Pircher via a post on the social media platform X, showcased on Wednesday. The figure represents both domestic sales in China and exports by Tesla. While the figure showcases a 9.32% YoY growt",TSLA,yahoo_rss,203fc66a-ce12-36dd-90b9-cb6a4553e7c8,2026-02-06T19:12:42Z
2363,1355f5230be057d9ece85789697bbb22703abb8b20264fbd820681af907a52d8,"Zacks Investment Ideas feature highlights: Alphabet, Nvidia and Apple",yahoo_rss,2026-02-06T11:46:00Z,0,https://finance.yahoo.com/news/zacks-investment-ideas-feature-highlights-114600888.html?.tsrc=rss,"Alphabet delivers blockbuster results with 18% revenue growth, $400B+ annual sales and massive AI investments that reinforce its dominance.",AAPL,yahoo_rss,a6479cfc-5e40-352b-acdc-14616c9f119a,2026-02-06T19:12:42Z
3070,51b03e6e87d1b5f33dcbaa9ef1c87db65e9f18c16466847dc17510ef1a1ccefa,"Tesla is training its AI technology in China, local media reports",yahoo_rss,2026-02-06T11:41:20Z,0,https://finance.yahoo.com/news/tesla-training-ai-technology-china-114120391.html?.tsrc=rss,"Tesla is ‌operating an ‌artificial intelligence training centre in ⁠China ‌focusing on local ‍application and assisted driving, ​Chinese media ‌outlet Cailianshe reported on Friday, citing ⁠the company's ​Vice ​President Tao Lin.",TSLA,yahoo_rss,192dc38f-4980-320d-9258-f121b61311b9,2026-02-06T19:12:42Z
2364,cb008daa8b89451047d82549c081dda3f1ff73de9f98d94fd0015309d3abd4df,Magnificent Seven Sink -- Nearly $3 Trillion in Market Value Vanishes,yahoo_rss,2026-02-06T11:40:37Z,0,https://finance.yahoo.com/news/magnificent-seven-sink-nearly-3-114037275.html?.tsrc=rss,Market Pulls Back Hard. The Magnificent Seven Lead a Tech Rout,AAPL,yahoo_rss,52c220f4-0742-3f6b-b999-24925f3d771c,2026-02-06T19:12:42Z
2365,4d43d344d7dcfd97c341c087526a00c708cddface85b53d65caf2a822338ae17,Pricier iPhones? Global memory chip crunch puts spotlight on Apple,yahoo_rss,2026-02-06T11:29:22Z,0,https://finance.yahoo.com/news/pricier-iphones-global-memory-chip-112922022.html?.tsrc=rss,"As the global memory chip shortage hits the smartphone market, a key question is echoing from Silicon Valley to Shenzhen: Will Apple raise prices, or sacrifice profit to gain new customers?  CEO Tim Cook told investors he expected memory chip prices to increase ‌sharply, but declined to answer analysts' questions about whether Apple would raise prices in response.  ""There are different levers that we can push, and who knows how successful they'll be, but there's just a range ‌of options,"" Cook said on the post-earnings call.",AAPL,yahoo_rss,7a418b82-e9d3-3ce0-b6f8-af2b38f5e4d0,2026-02-06T19:12:42Z
2619,a200efe6efcf13132605377434e6cab27d2e2e99252323842aa3b5cea1716080,DA Davidson raises Alphabet stock price target to $310 on cloud growth - Investing.com,Investing.com,2026-02-06T11:23:13Z,0,https://news.google.com/rss/articles/CBMiyAFBVV95cUxPdXN1NWJLYlVKVm9oR1RvYUVpbTdlcFdSQkVKbEd0Zmt0dDI1QTFDWHJHMW5SZ0xnRzFtUkJjOW43ck9ueWIyUUZiSzd2M0drdWY3bG1aaGo4bWpLekZRVmVCdmN0b2ZkZHMzcmVvaW9taTkxNUU0blo4Z1lIZ1RTUEdUR0NDS1lGa2tyVDVwUDllRmZtaEQyNm4tWVBCMGhRcV9FazU0dTh0bzNCTEhSckZrcjdEZEN3a1ppT3V3WlIxLUxCTlBaeg?oc=5,"<a href=""https://news.google.com/rss/articles/CBMiyAFBVV95cUxPdXN1NWJLYlVKVm9oR1RvYUVpbTdlcFdSQkVKbEd0Zmt0dDI1QTFDWHJHMW5SZ0xnRzFtUkJjOW43ck9ueWIyUUZiSzd2M0drdWY3bG1aaGo4bWpLekZRVmVCdmN0b2ZkZHMzcmVvaW9taTkxNUU0blo4Z1lIZ1RTUEdUR0NDS1lGa2tyVDVwUDllRmZtaEQyNm4tWVBCMGhRcV9FazU0dTh0bzNCTEhSckZrcjdEZEN3a1ppT3V3WlIxLUxCTlBaeg?oc=5"" target=""_blank"">DA Davidson raises Alphabet stock price target to $310 on cloud growth</a>&nbsp;&nbsp;<font color=""#6f6f6f"">Investing.com</font>",GOOGL,google_news_rss,CBMiyAFBVV95cUxPdXN1NWJLYlVKVm9oR1RvYUVpbTdlcFdSQkVKbEd0Zmt0dDI1QTFDWHJHMW5SZ0xnRzFtUkJjOW43ck9ueWIyUUZiSzd2M0drdWY3bG1aaGo4bWpLekZRVmVCdmN0b2ZkZHMzcmVvaW9taTkxNUU0blo4Z1lIZ1RTUEdUR0NDS1lGa2tyVDVwUDllRmZtaEQyNm4tWVBCMGhRcV9FazU0dTh0bzNCTEhSckZrcjdEZEN3a1ppT3V3WlIxLUxCTlBaeg,2026-02-06T19:12:42Z
2647,2963d76cf5e077a80734c3aac4f3190a3031947c16ef40b700efbeea28f24296,Cantor Fitzgerald reiterates Overweight rating on Alphabet stock - Investing.com,Investing.com,2026-02-06T11:09:59Z,0,https://news.google.com/rss/articles/CBMiwgFBVV95cUxPaWE2QVA3VW82MjRQSVRfU3F4bEQtZzlGRzdHYzd1bi1VY19oU0JwWXpXbWR6YmtVdThFMzUwbXhiT29lU2lVbElfNE1rdG96SDNlbFBGRW0wNWRNQV8yQndpWE9qSmo2NGFkTS1iZlZnYTBSYnlHVHFZaXFmV00wOGxldldPdGJIU21zZkxTU28zM3FnY1k0V2pQZUFhTUs2cGxDWS1oM29CcTAzSVJqQTZ1ZDBCcVpIOGxIdldIYzdRZw?oc=5,"<a href=""https://news.google.com/rss/articles/CBMiwgFBVV95cUxPaWE2QVA3VW82MjRQSVRfU3F4bEQtZzlGRzdHYzd1bi1VY19oU0JwWXpXbWR6YmtVdThFMzUwbXhiT29lU2lVbElfNE1rdG96SDNlbFBGRW0wNWRNQV8yQndpWE9qSmo2NGFkTS1iZlZnYTBSYnlHVHFZaXFmV00wOGxldldPdGJIU21zZkxTU28zM3FnY1k0V2pQZUFhTUs2cGxDWS1oM29CcTAzSVJqQTZ1ZDBCcVpIOGxIdldIYzdRZw?oc=5"" target=""_blank"">Cantor Fitzgerald reiterates Overweight rating on Alphabet stock</a>&nbsp;&nbsp;<font color=""#6f6f6f"">Investing.com</font>",GOOGL,google_news_rss,CBMiwgFBVV95cUxPaWE2QVA3VW82MjRQSVRfU3F4bEQtZzlGRzdHYzd1bi1VY19oU0JwWXpXbWR6YmtVdThFMzUwbXhiT29lU2lVbElfNE1rdG96SDNlbFBGRW0wNWRNQV8yQndpWE9qSmo2NGFkTS1iZlZnYTBSYnlHVHFZaXFmV00wOGxldldPdGJIU21zZkxTU28zM3FnY1k0V2pQZUFhTUs2cGxDWS1oM29CcTAzSVJqQTZ1ZDBCcVpIOGxIdldIYzdRZw,2026-02-06T19:12:42Z
2625,69928e2db22ccb7bcae7b582475d1da77fd6b6114822275653283a91ad98eb79,Alphabet stock price target raised to $395 from $346 at Stifel on cloud strength - Investing.com,Investing.com,2026-02-06T11:05:54Z,0,https://news.google.com/rss/articles/CBMi1AFBVV95cUxOWW9JdnQ5NTVNTUhfdlVDS0lPU1lHa1NCeW01Q2gyalVIdWFoVnhYNlg0d0JtUFY3N3RySDNwMFpOY0tyeHA4Qjh0Nk50cEZGN1RoM2hMTm1aSi1zX2JIc2RLcWtwNng5TW1TSlRyaDBUWS12NlVmX2c2bFltTG5TNVNjRFJ0MHVzYlN3RUFyYUYxcGp4Y0hqanNNLUVabzQwZ1NuSjdWbGx0N3pzaEI5TzJ2T1owWXpJSTJUeVRJc3NoYlozUlRBSFdpNEhCUWpiWXZUdQ?oc=5,"<a href=""https://news.google.com/rss/articles/CBMi1AFBVV95cUxOWW9JdnQ5NTVNTUhfdlVDS0lPU1lHa1NCeW01Q2gyalVIdWFoVnhYNlg0d0JtUFY3N3RySDNwMFpOY0tyeHA4Qjh0Nk50cEZGN1RoM2hMTm1aSi1zX2JIc2RLcWtwNng5TW1TSlRyaDBUWS12NlVmX2c2bFltTG5TNVNjRFJ0MHVzYlN3RUFyYUYxcGp4Y0hqanNNLUVabzQwZ1NuSjdWbGx0N3pzaEI5TzJ2T1owWXpJSTJUeVRJc3NoYlozUlRBSFdpNEhCUWpiWXZUdQ?oc=5"" target=""_blank"">Alphabet stock price target raised to $395 from $346 at Stifel on cloud strength</a>&nbsp;&nbsp;<font color=""#6f6f6f"">Investing.com</font>",GOOGL,google_news_rss,CBMi1AFBVV95cUxOWW9JdnQ5NTVNTUhfdlVDS0lPU1lHa1NCeW01Q2gyalVIdWFoVnhYNlg0d0JtUFY3N3RySDNwMFpOY0tyeHA4Qjh0Nk50cEZGN1RoM2hMTm1aSi1zX2JIc2RLcWtwNng5TW1TSlRyaDBUWS12NlVmX2c2bFltTG5TNVNjRFJ0MHVzYlN3RUFyYUYxcGp4Y0hqanNNLUVabzQwZ1NuSjdWbGx0N3pzaEI5TzJ2T1owWXpJSTJUeVRJc3NoYlozUlRBSFdpNEhCUWpiWXZUdQ,2026-02-06T19:12:42Z
3416,42e8649aa4490019eec6508565990f4c73a74f7cc0b3b96537448b026c275f03,Why ExxonMobil Stock Rocketed 17.5% in January,yahoo_rss,2026-02-06T11:05:00Z,0,https://www.fool.com/investing/2026/02/06/why-exxonmobil-stock-rocketed-175-in-january/?.tsrc=rss,ExxonMobil is a well-oiled machine.,XOM,yahoo_rss,401fb48f-4ea8-3d45-b3a8-cbed4b5e62e2,2026-02-06T19:12:42Z
2377,172837bdb22bb295ffe10a28d89c481bb2949ecccfc778b2c122295d3bc08a93,"Apple Earnings: Impressive Q4 Lifts Stock, but Is It a Long-Term Growth Play? - morningstar.com",morningstar.com,2026-02-06T11:03:29Z,0,https://news.google.com/rss/articles/CBMipgFBVV95cUxOYUcwTDdvTUFwcUtvdFRPMUxhbkl3dHotTC00eEx3MDZHQnBjRkdqVGJyU0xMTUtuT0ZZSlRQaGtQbG9odlFDT3BWQ3BvU09ROEpkWVY0RG9rWEM1aWFEZEhyWkFGWHkzWnE0YlpYNjBHcExNaXR3WGpmUEtGYkFqbnExMFVLaTNQVU1KZHdHWFZ1RHJxQTVNZW9IYVFTei1lSEVfQ3Bn?oc=5,"<a href=""https://news.google.com/rss/articles/CBMipgFBVV95cUxOYUcwTDdvTUFwcUtvdFRPMUxhbkl3dHotTC00eEx3MDZHQnBjRkdqVGJyU0xMTUtuT0ZZSlRQaGtQbG9odlFDT3BWQ3BvU09ROEpkWVY0RG9rWEM1aWFEZEhyWkFGWHkzWnE0YlpYNjBHcExNaXR3WGpmUEtGYkFqbnExMFVLaTNQVU1KZHdHWFZ1RHJxQTVNZW9IYVFTei1lSEVfQ3Bn?oc=5"" target=""_blank"">Apple Earnings: Impressive Q4 Lifts Stock, but Is It a Long-Term Growth Play?</a>&nbsp;&nbsp;<font color=""#6f6f6f"">morningstar.com</font>",AAPL,google_news_rss,CBMipgFBVV95cUxOYUcwTDdvTUFwcUtvdFRPMUxhbkl3dHotTC00eEx3MDZHQnBjRkdqVGJyU0xMTUtuT0ZZSlRQaGtQbG9odlFDT3BWQ3BvU09ROEpkWVY0RG9rWEM1aWFEZEhyWkFGWHkzWnE0YlpYNjBHcExNaXR3WGpmUEtGYkFqbnExMFVLaTNQVU1KZHdHWFZ1RHJxQTVNZW9IYVFTei1lSEVfQ3Bn,2026-02-06T19:12:42Z
3417,356a0afe1afd4b36a5dfe8fa33617edab4761321362e35bc4395040c208e98b8,"Trump Is Remaking the Global Oil Market, and Exxon and Chevron Want In",yahoo_rss,2026-02-06T11:00:00Z,0,https://finance.yahoo.com/news/trump-remaking-global-oil-market-110000436.html?.tsrc=rss,"Venezuela, home to the world’s largest reserves, is the most high-profile opening of a nation that had been mostly off-limits to US investors after Trump captured former leader Nicolas Maduro and took control of the country’s crude exports.",XOM,yahoo_rss,1750a254-27c3-34c3-8d4e-c9c7bb3c8219,2026-02-06T19:12:42Z
2522,04aaf71a976c8edfe89c3a5ef4e54b621c40a2079e6e2c72252e6b24d828c29f,Microsoft Stock Down 28%: Is MSFT a Buy After the Crash? | 2026 Analysis - techi.com,techi.com,2026-02-06T10:56:41Z,0,https://news.google.com/rss/articles/CBMiiAFBVV95cUxPb0hfbGZSQXpjNGczeDh1MS1RZVR6d1lvbUEwUm9VNjRyNl9NMThqTjgyQ0s4RWRFdWtuN1FWSW1tSTBZbFA2RTN3cFlONG9vZmplaEc2MVNTVXVDb0RDWXo2c05mYUNoMVFjZFJ3THNEMkd4M1dRYmZSRU1Cd3VtaWpLLU11NG1v?oc=5,"<a href=""https://news.google.com/rss/articles/CBMiiAFBVV95cUxPb0hfbGZSQXpjNGczeDh1MS1RZVR6d1lvbUEwUm9VNjRyNl9NMThqTjgyQ0s4RWRFdWtuN1FWSW1tSTBZbFA2RTN3cFlONG9vZmplaEc2MVNTVXVDb0RDWXo2c05mYUNoMVFjZFJ3THNEMkd4M1dRYmZSRU1Cd3VtaWpLLU11NG1v?oc=5"" target=""_blank"">Microsoft Stock Down 28%: Is MSFT a Buy After the Crash? | 2026 Analysis</a>&nbsp;&nbsp;<font color=""#6f6f6f"">techi.com</font>",MSFT,google_news_rss,CBMiiAFBVV95cUxPb0hfbGZSQXpjNGczeDh1MS1RZVR6d1lvbUEwUm9VNjRyNl9NMThqTjgyQ0s4RWRFdWtuN1FWSW1tSTBZbFA2RTN3cFlONG9vZmplaEc2MVNTVXVDb0RDWXo2c05mYUNoMVFjZFJ3THNEMkd4M1dRYmZSRU1Cd3VtaWpLLU11NG1v,2026-02-06T19:12:42Z
2366,80cfc7df458ef953f96e7f6d320333be82786bd16b431c3c67a011affe5fb362,"Ex-PayPal President David Marcus Says 'Defensive' BNPL Strategy Handed PYPL's Market Share To Rivals, Leading To Stagnant Growth",yahoo_rss,2026-02-06T10:46:19Z,0,https://finance.yahoo.com/news/ex-paypal-president-david-marcus-104619089.html?.tsrc=rss,"Following a 20% collapse in PayPal Holdings Inc.‘s (NASDAQ:PYPL) stock price and the abrupt removal of CEO Alex Chriss, former company president David Marcus has broken a twelve-year silence to critique a culture of “financial optimization” that he claims has hollowed out the payments pioneer. Legacy Of Optimization Marcus, who led PayPal until 2014 before moving to Meta Platforms Inc. (NASDAQ:META), attributed the company's current struggles to a long-term shift away from product-led innovation",AAPL,yahoo_rss,06df30c1-ca7f-376a-8edb-faf9a7cda983,2026-02-06T19:12:42Z
2527,6d61a359cc04ccefb56215dbc1d853c58a4bca14fbe39465d0e0d77feef7ddf7,Microsoft (MSFT) Stock: Why Wall Street Dumped Shares After Earnings - CoinCentral,CoinCentral,2026-02-06T10:45:31Z,0,https://news.google.com/rss/articles/CBMilAFBVV95cUxNYTQyUVppd1hLeERSYU9MV1gwSnZlNHlCT0JmNFdPSE11UWpQdDBLNEZVT01iNkEwbzNzbkhrSkROUC1sVzctS0FvdVAyRWYtQ2gyWUZrbWotSGRTMTFlNjJfczVET3ZRXzhPM0ZERkUwOTJjaEU0RU5iR1NuV1poaEhlb1dFelNMaVB4N3owLVFPSV9M?oc=5,"<a href=""https://news.google.com/rss/articles/CBMilAFBVV95cUxNYTQyUVppd1hLeERSYU9MV1gwSnZlNHlCT0JmNFdPSE11UWpQdDBLNEZVT01iNkEwbzNzbkhrSkROUC1sVzctS0FvdVAyRWYtQ2gyWUZrbWotSGRTMTFlNjJfczVET3ZRXzhPM0ZERkUwOTJjaEU0RU5iR1NuV1poaEhlb1dFelNMaVB4N3owLVFPSV9M?oc=5"" target=""_blank"">Microsoft (MSFT) Stock: Why Wall Street Dumped Shares After Earnings</a>&nbsp;&nbsp;<font color=""#6f6f6f"">CoinCentral</font>",MSFT,google_news_rss,CBMilAFBVV95cUxNYTQyUVppd1hLeERSYU9MV1gwSnZlNHlCT0JmNFdPSE11UWpQdDBLNEZVT01iNkEwbzNzbkhrSkROUC1sVzctS0FvdVAyRWYtQ2gyWUZrbWotSGRTMTFlNjJfczVET3ZRXzhPM0ZERkUwOTJjaEU0RU5iR1NuV1poaEhlb1dFelNMaVB4N3owLVFPSV9M,2026-02-06T19:12:42Z
3431,ba2ae60822c540a734925ff4301d7dd328c41bdd9329eb20e55303ddffe28c08,Why ExxonMobil Stock Rocketed 17.5% in January - The Motley Fool,The Motley Fool,2026-02-06T10:45:00Z,0,https://news.google.com/rss/articles/CBMikAFBVV95cUxOLWk5a1FKR18zbW5LLWhtZjVLTDc3V0Z1X2IwRVlEaFpJaUlOZ0kxanlUNFhGMUtrZWloN3p0WlZ3V0t2VU4xT3htX1JaSlB5blFWamJ1NXhVNU5UR3h2SlJDellxYzhkYzlPbTRrNmlwcEJnXzYxNG9vM2Z5Q2VsdVRZakI1bkZxV2dhcFQ0NUk?oc=5,"<a href=""https://news.google.com/rss/articles/CBMikAFBVV95cUxOLWk5a1FKR18zbW5LLWhtZjVLTDc3V0Z1X2IwRVlEaFpJaUlOZ0kxanlUNFhGMUtrZWloN3p0WlZ3V0t2VU4xT3htX1JaSlB5blFWamJ1NXhVNU5UR3h2SlJDellxYzhkYzlPbTRrNmlwcEJnXzYxNG9vM2Z5Q2VsdVRZakI1bkZxV2dhcFQ0NUk?oc=5"" target=""_blank"">Why ExxonMobil Stock Rocketed 17.5% in January</a>&nbsp;&nbsp;<font color=""#6f6f6f"">The Motley Fool</font>",XOM,google_news_rss,CBMikAFBVV95cUxOLWk5a1FKR18zbW5LLWhtZjVLTDc3V0Z1X2IwRVlEaFpJaUlOZ0kxanlUNFhGMUtrZWloN3p0WlZ3V0t2VU4xT3htX1JaSlB5blFWamJ1NXhVNU5UR3h2SlJDellxYzhkYzlPbTRrNmlwcEJnXzYxNG9vM2Z5Q2VsdVRZakI1bkZxV2dhcFQ0NUk,2026-02-06T19:12:42Z
2758,a5189ddcd0da44b3e92cc803590ecac93c6369d81e5319e847e18b265b65db04,Amazon Shares (NASDAQ: AMZN) Sink 11% After Hours as Investors React to Earnings and Outlook - Meyka,Meyka,2026-02-06T10:41:15Z,0,https://news.google.com/rss/articles/CBMiuAFBVV95cUxOekhZbkotZkxUaXNWT1F6RHlHbkJkbHhQaVNvWThxd3Y4aTFkNTBpQVhXT3FOcEVRSDFNcWZJV2lCYzJNVUxZN19IUWZaczUyZ0xUZGJBMlp0YS1MVnZvR1gwS215WjRUeE82endVZGpOaDRha3Z3QnNDQUZOa3hEY3R0UUxheTk1MnlEZUlCVmhhQzJRdHJkYXVUa1d6bTl4RnMtekFhMDNwVTFLUVdSN1VUSjJ5NHFu?oc=5,"<a href=""https://news.google.com/rss/articles/CBMiuAFBVV95cUxOekhZbkotZkxUaXNWT1F6RHlHbkJkbHhQaVNvWThxd3Y4aTFkNTBpQVhXT3FOcEVRSDFNcWZJV2lCYzJNVUxZN19IUWZaczUyZ0xUZGJBMlp0YS1MVnZvR1gwS215WjRUeE82endVZGpOaDRha3Z3QnNDQUZOa3hEY3R0UUxheTk1MnlEZUlCVmhhQzJRdHJkYXVUa1d6bTl4RnMtekFhMDNwVTFLUVdSN1VUSjJ5NHFu?oc=5"" target=""_blank"">Amazon Shares (NASDAQ: AMZN) Sink 11% After Hours as Investors React to Earnings and Outlook</a>&nbsp;&nbsp;<font color=""#6f6f6f"">Meyka</font>",AMZN,google_news_rss,CBMiuAFBVV95cUxOekhZbkotZkxUaXNWT1F6RHlHbkJkbHhQaVNvWThxd3Y4aTFkNTBpQVhXT3FOcEVRSDFNcWZJV2lCYzJNVUxZN19IUWZaczUyZ0xUZGJBMlp0YS1MVnZvR1gwS215WjRUeE82endVZGpOaDRha3Z3QnNDQUZOa3hEY3R0UUxheTk1MnlEZUlCVmhhQzJRdHJkYXVUa1d6bTl4RnMtekFhMDNwVTFLUVdSN1VUSjJ5NHFu,2026-02-06T19:12:42Z
2497,5e92bb175b7715395e2e5b5c4c296b7aaae533f6734d77847b14c26f421ca99b,Microsoft stock price today: MSFT steadies near $400 after Stifel’s rare downgrade - TechStock²,TechStock²,2026-02-06T10:39:00Z,0,https://news.google.com/rss/articles/CBMiogFBVV95cUxQN0lmWmZfakc4ZmNuWm41LUxtenB1VFJSaWVJTTg4czBnaHVyZDN4SGpLNWJndGtrUVhoOFBpSm95cW1VNXFaMTMyYXE0b0ozWDlwV3RuM0FjMjZIR0c4QlBydndEcVV3RS1qU3ZiVWQxeEVST21CNmdWYUpkWW56LWZrdmlkLS1zazZGZVZleUktM3VVV2RqSzRwbHk2dGVDcGc?oc=5,"<a href=""https://news.google.com/rss/articles/CBMiogFBVV95cUxQN0lmWmZfakc4ZmNuWm41LUxtenB1VFJSaWVJTTg4czBnaHVyZDN4SGpLNWJndGtrUVhoOFBpSm95cW1VNXFaMTMyYXE0b0ozWDlwV3RuM0FjMjZIR0c4QlBydndEcVV3RS1qU3ZiVWQxeEVST21CNmdWYUpkWW56LWZrdmlkLS1zazZGZVZleUktM3VVV2RqSzRwbHk2dGVDcGc?oc=5"" target=""_blank"">Microsoft stock price today: MSFT steadies near $400 after Stifel’s rare downgrade</a>&nbsp;&nbsp;<font color=""#6f6f6f"">TechStock²</font>",MSFT,google_news_rss,CBMiogFBVV95cUxQN0lmWmZfakc4ZmNuWm41LUxtenB1VFJSaWVJTTg4czBnaHVyZDN4SGpLNWJndGtrUVhoOFBpSm95cW1VNXFaMTMyYXE0b0ozWDlwV3RuM0FjMjZIR0c4QlBydndEcVV3RS1qU3ZiVWQxeEVST21CNmdWYUpkWW56LWZrdmlkLS1zazZGZVZleUktM3VVV2RqSzRwbHk2dGVDcGc,2026-02-06T19:12:42Z
3078,1ed0f9c65818ff4116b56ecc725b4d4a07faa9866c3bc17f84473c94b9393114,How to Trade Tesla (TSLA) on Binance Futures - Binance,Binance,2026-02-06T10:15:36Z,0,https://news.google.com/rss/articles/CBMijwFBVV95cUxPVEQyd2dZWVdWZkxKcXRuR1h2REg1UXVqRGtuSmd5a1BQdlFZbW9Ecm1GYU55Y1FTLUgycEhtRDB3dXNCTkxrZVlpbUs0U3A1RHk4VDFJSE1jTUc0aTJNQ0tZcjlpRUdJOHFkai1QYlJyWlQwUWZEU1V3VjVUT2o3XzBoSmI0Nkc4UUZrVVpsUQ?oc=5,"<a href=""https://news.google.com/rss/articles/CBMijwFBVV95cUxPVEQyd2dZWVdWZkxKcXRuR1h2REg1UXVqRGtuSmd5a1BQdlFZbW9Ecm1GYU55Y1FTLUgycEhtRDB3dXNCTkxrZVlpbUs0U3A1RHk4VDFJSE1jTUc0aTJNQ0tZcjlpRUdJOHFkai1QYlJyWlQwUWZEU1V3VjVUT2o3XzBoSmI0Nkc4UUZrVVpsUQ?oc=5"" target=""_blank"">How to Trade Tesla (TSLA) on Binance Futures</a>&nbsp;&nbsp;<font color=""#6f6f6f"">Binance</font>",TSLA,google_news_rss,CBMijwFBVV95cUxPVEQyd2dZWVdWZkxKcXRuR1h2REg1UXVqRGtuSmd5a1BQdlFZbW9Ecm1GYU55Y1FTLUgycEhtRDB3dXNCTkxrZVlpbUs0U3A1RHk4VDFJSE1jTUc0aTJNQ0tZcjlpRUdJOHFkai1QYlJyWlQwUWZEU1V3VjVUT2o3XzBoSmI0Nkc4UUZrVVpsUQ,2026-02-06T19:12:42Z
3071,86b314d003ff9ca935b913ca354571510b9c3912cf9c80cae2a22d96fb8d3eb9,"After Earnings, Is Tesla Stock a Buy, a Sell, or Fairly Valued? - Morningstar Canada",Morningstar Canada,2026-02-06T10:05:07Z,0,https://news.google.com/rss/articles/CBMiowFBVV95cUxQNm53NW9oWm9hSktXNFBRR1VLcE54YzUzMU1hVDNHbG00MEYzczlFdVVWY0U0cDR0aGhBQUFEMktURjlDVVB2S19fNjkwSWlRLWVNck9xN1d4cV9DanlxSG13ME1mdUxKQmFRTjB0UUM3aS1NOHNCVDNERXVNcTVoS1NDRG9XRVBaS3FqVWlsR3dXTndhZXFZN1d2QlJLeFctdXY4?oc=5,"<a href=""https://news.google.com/rss/articles/CBMiowFBVV95cUxQNm53NW9oWm9hSktXNFBRR1VLcE54YzUzMU1hVDNHbG00MEYzczlFdVVWY0U0cDR0aGhBQUFEMktURjlDVVB2S19fNjkwSWlRLWVNck9xN1d4cV9DanlxSG13ME1mdUxKQmFRTjB0UUM3aS1NOHNCVDNERXVNcTVoS1NDRG9XRVBaS3FqVWlsR3dXTndhZXFZN1d2QlJLeFctdXY4?oc=5"" target=""_blank"">After Earnings, Is Tesla Stock a Buy, a Sell, or Fairly Valued?</a>&nbsp;&nbsp;<font color=""#6f6f6f"">Morningstar Canada</font>",TSLA,google_news_rss,CBMiowFBVV95cUxQNm53NW9oWm9hSktXNFBRR1VLcE54YzUzMU1hVDNHbG00MEYzczlFdVVWY0U0cDR0aGhBQUFEMktURjlDVVB2S19fNjkwSWlRLWVNck9xN1d4cV9DanlxSG13ME1mdUxKQmFRTjB0UUM3aS1NOHNCVDNERXVNcTVoS1NDRG9XRVBaS3FqVWlsR3dXTndhZXFZN1d2QlJLeFctdXY4,2026-02-06T19:12:42Z
2495,c4bd39d8b583e76b8b6b6077ed3387efb4d229e9cb42fe90516eb1585638d1d2,"After Earnings, Is Microsoft Stock a Buy, a Sell, or Fairly Valued? - Morningstar Canada",Morningstar Canada,2026-02-06T10:05:07Z,0,https://news.google.com/rss/articles/CBMiqAFBVV95cUxObWtYTThZcEJURWZtSU5Wam9EajRFNHdWejZQNERzM3V0dTFOZ0NNelA2TEVpMl9UNnBibHR0blY5MFlkR1VZTW1VSGtlQURHWUc2ZF9sZlRWX2tFMDNCcHk0bzVwNXAtNktpYVE3TVFtTFczUmpQZk9aaU5jSVJDR1RuR2ljVTZhbnp1UWktcEUzZEF6ZEJEeVBoXzlaZmU4SjdBQ0tIclA?oc=5,"<a href=""https://news.google.com/rss/articles/CBMiqAFBVV95cUxObWtYTThZcEJURWZtSU5Wam9EajRFNHdWejZQNERzM3V0dTFOZ0NNelA2TEVpMl9UNnBibHR0blY5MFlkR1VZTW1VSGtlQURHWUc2ZF9sZlRWX2tFMDNCcHk0bzVwNXAtNktpYVE3TVFtTFczUmpQZk9aaU5jSVJDR1RuR2ljVTZhbnp1UWktcEUzZEF6ZEJEeVBoXzlaZmU4SjdBQ0tIclA?oc=5"" target=""_blank"">After Earnings, Is Microsoft Stock a Buy, a Sell, or Fairly Valued?</a>&nbsp;&nbsp;<font color=""#6f6f6f"">Morningstar Canada</font>",MSFT,google_news_rss,CBMiqAFBVV95cUxObWtYTThZcEJURWZtSU5Wam9EajRFNHdWejZQNERzM3V0dTFOZ0NNelA2TEVpMl9UNnBibHR0blY5MFlkR1VZTW1VSGtlQURHWUc2ZF9sZlRWX2tFMDNCcHk0bzVwNXAtNktpYVE3TVFtTFczUmpQZk9aaU5jSVJDR1RuR2ljVTZhbnp1UWktcEUzZEF6ZEJEeVBoXzlaZmU4SjdBQ0tIclA,2026-02-06T19:12:42Z
2368,ea4d216e0bbd56e68a8fdc47f839cbb1c535dd72123532e3a936cecb032b184c,Trump likes a weaker U.S. dollar. Here's why,yahoo_rss,2026-02-06T10:00:00Z,0,https://qz.com/us-dollar-weaker-currency-trump-trade?.tsrc=rss,"The dollar has shed more than 10% of its value since Trump re-entered the Oval Office. The president says the weaker currency is ""great""",AAPL,yahoo_rss,7543f2cc-ba31-3590-8876-cb50a910ed03,2026-02-06T19:12:42Z
1177,823c6696a786dd25d9cbc2b7e2eef20d56c635d148086ced362086b205c94ac9,"Before Leaving WSJ, Joanna Stern Looks Back",yahoo_rss,2026-02-06T10:00:00Z,0,https://finance.yahoo.com/video/leaving-wsj-joanna-stern-looks-100000501.html?.tsrc=rss,"As the columnist departs the Journal, she reflects on the 12 biggest tech changes of the last 12 years.",AAPL,yahoo_rss,20883e21-52ec-3a14-aed3-d1c3c15ae36f,2026-02-06T10:05:38Z
380,31db2d6e6f8429eb15884038621248d86fc8151e82039d23e7c13a87aa7962e4,"Stock market today: S&P 500, Nasdaq poised to deepen tech rout as Amazon's earnings flop - Yahoo Finance",Yahoo Finance,2026-02-06T09:54:13Z,0,https://news.google.com/rss/articles/CBMi0AFBVV95cUxOcHZ5SFgwUDJWZkdjd1lBUU9rVFd5eUFSeWxnYlhkemJDSWNWZmRyamFhMXBkX3lqOW5rbUpWYTR4UUp6NW9pUWdETHFkUS1SN2pGWk04RDRQYW1SRmpFNE1LeFVlSS1ITmF3cXhoVWh6enNBbVdWRWt6RFpPZlByZ1JBbUZtWGFVYW5xdU9IWDBHR3RuTjhkYXdjYUFWa1JtWGItVURDM1UxWHV5Rm0zZTFBcElRWWdpb0JjN1pGbTVncGg0bms0SmtnTFFVaFBI?oc=5,"<a href=""https://news.google.com/rss/articles/CBMi0AFBVV95cUxOcHZ5SFgwUDJWZkdjd1lBUU9rVFd5eUFSeWxnYlhkemJDSWNWZmRyamFhMXBkX3lqOW5rbUpWYTR4UUp6NW9pUWdETHFkUS1SN2pGWk04RDRQYW1SRmpFNE1LeFVlSS1ITmF3cXhoVWh6enNBbVdWRWt6RFpPZlByZ1JBbUZtWGFVYW5xdU9IWDBHR3RuTjhkYXdjYUFWa1JtWGItVURDM1UxWHV5Rm0zZTFBcElRWWdpb0JjN1pGbTVncGg0bms0SmtnTFFVaFBI?oc=5"" target=""_blank"">Stock market today: S&amp;P 500, Nasdaq poised to deepen tech rout as Amazon's earnings flop</a>&nbsp;&nbsp;<font color=""#6f6f6f"">Yahoo Finance</font>",AMZN,google_news_rss,CBMi0AFBVV95cUxOcHZ5SFgwUDJWZkdjd1lBUU9rVFd5eUFSeWxnYlhkemJDSWNWZmRyamFhMXBkX3lqOW5rbUpWYTR4UUp6NW9pUWdETHFkUS1SN2pGWk04RDRQYW1SRmpFNE1LeFVlSS1ITmF3cXhoVWh6enNBbVdWRWt6RFpPZlByZ1JBbUZtWGFVYW5xdU9IWDBHR3RuTjhkYXdjYUFWa1JtWGItVURDM1UxWHV5Rm0zZTFBcElRWWdpb0JjN1pGbTVncGg0bms0SmtnTFFVaFBI,2026-02-06T10:04:28Z
457,98e14c97c2e0af549da939ff097640ee07c20804103c79248366c514ed0d6c89,"In-Vehicle Digital Experience Market Analysis/Forecast Report 2026-2036: Software-Defined Vehicles and Rich OTA Are Becoming Table Stakes, Fragmentation of Platforms and the Cost of Owning the Stack",yahoo_rss,2026-02-06T09:40:00Z,0,https://finance.yahoo.com/news/vehicle-digital-experience-market-analysis-094000833.html?.tsrc=rss,"Key market opportunities in the In-Vehicle Digital Experience Market include the shift to software-defined vehicles and OTA updates, leveraging robust platforms like NVIDIA's and Qualcomm's, and the emerging need to control digital stacks versus relying on Apple/Google. Trade tariffs may spur localized production and drive regional innovation.Dublin, Feb. 06, 2026 (GLOBE NEWSWIRE) -- The ""In-Vehicle Digital Experience Market Report 2026-2036"" report has been added to ResearchAndMarkets.com's off",NVDA,yahoo_rss,b077f8ce-d4d2-3aac-b791-cc047bf74e64,2026-02-06T10:04:28Z
121,e8ee84ef01b70aea1141d7d28bfe0f94d7e1c756411bab909d6bb2e8380bdd3d,"Microsoft Stock Is Down 22%. Should You Buy the Dip, or Run for the Hills??",yahoo_rss,2026-02-06T09:40:00Z,0,https://www.fool.com/investing/2026/02/06/microsoft-stock-is-down-22-you-buy-dip-run-hills/?.tsrc=rss,"Microsoft stock tumbled after the company's latest earnings report, which could be an opportunity for long-term investors.",MSFT,yahoo_rss,13561200-459f-30e6-a3f2-f74a889b8c8a,2026-02-06T10:04:28Z
404,3ac42c3b2e17a130f57601b923586240f6f0f184575fd46ca4a5eae24de03f39,AMZN Stock Today: $200B 2026 AI Capex Sends Shares Sliding — February 6 - Meyka,Meyka,2026-02-06T09:36:22Z,0,https://news.google.com/rss/articles/CBMinAFBVV95cUxQVEI0QVF0LVNpMlR1Y21fa1FnYThibXZiM3U3MDFoOGZjNkotZUVqeG9lMzhFcEpkN2pJYjl2WDlEdjNzYWQ4ZDBiRzRSSzJwd2dnU0hGTWZUMDRqWm5JYUtpcHNUWmR6ZnhHdUNCaDRaNGlVZGhNQ2dxR3pVUWJLLTNueTlmVDRQc2NNcUY0WjhpOThSSktxNUtNUzg?oc=5,"<a href=""https://news.google.com/rss/articles/CBMinAFBVV95cUxQVEI0QVF0LVNpMlR1Y21fa1FnYThibXZiM3U3MDFoOGZjNkotZUVqeG9lMzhFcEpkN2pJYjl2WDlEdjNzYWQ4ZDBiRzRSSzJwd2dnU0hGTWZUMDRqWm5JYUtpcHNUWmR6ZnhHdUNCaDRaNGlVZGhNQ2dxR3pVUWJLLTNueTlmVDRQc2NNcUY0WjhpOThSSktxNUtNUzg?oc=5"" target=""_blank"">AMZN Stock Today: $200B 2026 AI Capex Sends Shares Sliding — February 6</a>&nbsp;&nbsp;<font color=""#6f6f6f"">Meyka</font>",AMZN,google_news_rss,CBMinAFBVV95cUxQVEI0QVF0LVNpMlR1Y21fa1FnYThibXZiM3U3MDFoOGZjNkotZUVqeG9lMzhFcEpkN2pJYjl2WDlEdjNzYWQ4ZDBiRzRSSzJwd2dnU0hGTWZUMDRqWm5JYUtpcHNUWmR6ZnhHdUNCaDRaNGlVZGhNQ2dxR3pVUWJLLTNueTlmVDRQc2NNcUY0WjhpOThSSktxNUtNUzg,2026-02-06T10:04:28Z
817,9a81eb59e3efdf3bb847f4975f1f72f0ff399e1fbbc7239faadd518bf6c7844f,Best savings accounts as Bank of England holds interest rates,yahoo_rss,2026-02-06T09:35:33Z,0,https://uk.finance.yahoo.com/news/best-savings-accounts-deals-inflation-interest--rates-145645360.html?.tsrc=rss,Check the best savings accounts to find a top-rated deal that works for you.,JPM,yahoo_rss,ef17bbd9-c32a-4aa7-a694-2847b774e131,2026-02-06T10:04:28Z
122,14940b785b24741a4f38329f3fd2139f31219a0cf68b69124c380de899df4e5c,Black Hills Q4 Earnings Call Highlights,yahoo_rss,2026-02-06T09:27:26Z,0,https://www.marketbeat.com/instant-alerts/black-hills-q4-earnings-call-highlights-2026-02-06/?utm_source=yahoofinance&utm_medium=yahoofinance&.tsrc=rss,"Black Hills (NYSE:BKH) executives used the company’s fourth-quarter and full-year 2025 earnings call to highlight execution against guidance, a growing large-load opportunity tied to data centers in Wyoming, and progress toward its planned merger with NorthWestern Energy. Management also outlined a",MSFT,yahoo_rss,c30ad17b-b1e9-389d-8455-f2825d3410e3,2026-02-06T10:04:28Z
233,01d75692e5f8027ca09f65ceebf18206ae117fae3e8b91665d96c8ef1b833cc8,"3 ETFs Robinhood's Retail Investors Favor More Than Owning Shares of Palantir, Alphabet, Meta, and Netflix",yahoo_rss,2026-02-06T09:26:00Z,0,https://www.fool.com/investing/2026/02/06/3-etfs-robinhood-retail-investors-favor-pltr-googl/?.tsrc=rss,A trio of low-cost exchange-traded funds (ETFs) account for three of the 10 most-held securities by Robinhood's retail investors.,GOOGL,yahoo_rss,7f20ca4c-c038-330c-8709-0d2255007b74,2026-02-06T10:04:28Z
147,7a2b8fb5879537938f362a1c77be181f00f53019a8912a57832721af7c801471,"Microsoft Stock Is Down 22%. Should You Buy the Dip, or Run for the Hills?? - The Motley Fool",The Motley Fool,2026-02-06T09:20:00Z,0,https://news.google.com/rss/articles/CBMilgFBVV95cUxOMXo4S1I2SzBuYWgxQzN0NzdMeG5helNobncyTlhIaU4wVHVYNjktX1lPdlUwczFGd3hpWFc3VHp0czlVdWdSUU8tYUtnRkFmMkFZblZPVUhHYmhFSTdnY0hpNHBRTXN3YnlRRExVdk90WDNrWGpzMXlHTnI3SWxVMmMwNDFPTHFXT3dOVUxxOVhLNU5ZNGc?oc=5,"<a href=""https://news.google.com/rss/articles/CBMilgFBVV95cUxOMXo4S1I2SzBuYWgxQzN0NzdMeG5helNobncyTlhIaU4wVHVYNjktX1lPdlUwczFGd3hpWFc3VHp0czlVdWdSUU8tYUtnRkFmMkFZblZPVUhHYmhFSTdnY0hpNHBRTXN3YnlRRExVdk90WDNrWGpzMXlHTnI3SWxVMmMwNDFPTHFXT3dOVUxxOVhLNU5ZNGc?oc=5"" target=""_blank"">Microsoft Stock Is Down 22%. Should You Buy the Dip, or Run for the Hills??</a>&nbsp;&nbsp;<font color=""#6f6f6f"">The Motley Fool</font>",MSFT,google_news_rss,CBMilgFBVV95cUxOMXo4S1I2SzBuYWgxQzN0NzdMeG5helNobncyTlhIaU4wVHVYNjktX1lPdlUwczFGd3hpWFc3VHp0czlVdWdSUU8tYUtnRkFmMkFZblZPVUhHYmhFSTdnY0hpNHBRTXN3YnlRRExVdk90WDNrWGpzMXlHTnI3SWxVMmMwNDFPTHFXT3dOVUxxOVhLNU5ZNGc,2026-02-06T10:04:28Z
458,643b5bcaa4ef4da49e014e87a34c579f58d5f846b6bac27d8682234fa6b1fc72,"AI is not a bubble, senior executive at Nvidia supplier Wistron says",yahoo_rss,2026-02-06T09:18:56Z,0,https://finance.yahoo.com/news/ai-not-bubble-senior-executive-091801871.html?.tsrc=rss,"TAIPEI, Feb 6 (Reuters) - Artificial intelligence is not a bubble, and 2026 AI-related order growth will be more than last year, Simon Lin, the chairman of Taiwanese electronics manufacturer Wistron,",NVDA,yahoo_rss,bb5d0992-51ef-3058-b714-924ae99f7439,2026-02-06T10:04:28Z
345,ef958ea23803dab517d4c672319d558441df6bbc6e3e7c48623ad3a374aff154,"Trending tickers: Amazon, Stellantis, Bitcoin, Rio Tinto",yahoo_rss,2026-02-06T09:18:29Z,0,https://uk.finance.yahoo.com/news/amazon-stellantis-bitcoin-rio-tinto-trending-tickers-091829448.html?.tsrc=rss,In a rocky week for markets risk and uncertainty spooked investors.,AMZN,yahoo_rss,42b35028-4440-447d-bf84-36564706a269,2026-02-06T10:04:28Z
346,59b842eb32330ebaff3d49718d043072e213f0fae93e0aefa1146f030dd29376,AT&T Fiber Expansion And Amazon Alliance Put Valuation Gap In Focus,yahoo_rss,2026-02-06T09:06:19Z,0,https://finance.yahoo.com/news/t-fiber-expansion-amazon-alliance-090619198.html?.tsrc=rss,"AT&amp;T (NYSE:T) has formed an alliance with Amazon Web Services and Amazon Leo to modernize U.S. connectivity infrastructure. The collaboration focuses on using cloud services and satellite technology to support broadband expansion, including into underserved communities. AT&amp;T has also completed the acquisition of Lumen’s Mass Markets fiber business, extending its fiber footprint to 32 states. These moves mark a material shift in AT&amp;T’s network strategy and service mix beyond routine quarterly...",AMZN,yahoo_rss,4e28567f-6d9f-3fb1-b077-ddbf9aea6693,2026-02-06T10:04:28Z
697,44c8cf52a8a2bb3519698306b9a682e5a2ecffaa28fd2438bcf43bdf5839b7b1,Tesla’s Pivot To Robots And Robotaxis Tests Rich Valuation And Merger Hopes,yahoo_rss,2026-02-06T09:05:02Z,0,https://finance.yahoo.com/news/tesla-pivot-robots-robotaxis-tests-090502490.html?.tsrc=rss,"Tesla (NasdaqGS:TSLA) is discontinuing its long running Model S and Model X vehicles to free up capacity for Optimus humanoid robots and robotaxi production. The company has outlined an initial rollout schedule for Optimus units and robotaxi services that targets 2026 for broader deployment. Following SpaceX’s acquisition of xAI, Tesla’s links to Elon Musk’s wider tech group have deepened, fueling discussion about a possible future mega merger involving Tesla, SpaceX, and xAI. Tesla, with a...",TSLA,yahoo_rss,c46377af-00c2-3673-b452-4ba16880b783,2026-02-06T10:04:28Z
234,f2e770930568faa64f96e5f8dbd1f76d32e090f31ecf3b3a0f90b2691da06a75,5 Reasons to Buy Google Parent Alphabet Stock on the Dip,yahoo_rss,2026-02-06T09:05:00Z,0,https://www.fool.com/investing/2026/02/06/5-reasons-to-buy-google-parent-alphabet-stock-on-t/?.tsrc=rss,Alphabet's modest sell-off after its Q4 update presents a great buying opportunity.,GOOGL,yahoo_rss,bbc565cc-11fe-3f90-8a5a-205975761d9c,2026-02-06T10:04:28Z
2369,13095b5db5ead3eb49ed744f2b37182ad8dd53037ca60a7c118ef8a599cc33fc,FTSE and Wall Street rebound from week-long rout as traders reassess AI and Big Tech spending,yahoo_rss,2026-02-06T09:01:48Z,0,https://uk.finance.yahoo.com/news/ftse-100-live-stocks-amazon-earnings-tech-rout-software-selloff-090148060.html?.tsrc=rss,Markets in the US and Europe reversed losses after the tech rout that bruised Wall Street this week,AAPL,yahoo_rss,3839a22a-b67a-46c7-93d5-4fe277d73255,2026-02-06T19:12:42Z
1,f46f5c462f14d251c56e1a56f2f3433511798330eecfbda546d6daa097ed32c2,FTSE 100 LIVE: Stocks continue to tumble as Amazon earnings deepen tech rout,yahoo_rss,2026-02-06T09:01:48Z,0,https://uk.finance.yahoo.com/news/ftse-100-live-stocks-amazon-earnings-tech-rout-software-selloff-090148060.html?.tsrc=rss,"Amazon shares plunged in after-hours trade on Thursday, falling around 11%, as the company projected a surge of more than 50% in capital expenditures this year",AAPL,yahoo_rss,3839a22a-b67a-46c7-93d5-4fe277d73255,2026-02-06T10:04:28Z
236,a4494666ff5300a481753b40766b0335a437ccdab3c7f4103a38540a2174b4b4,Heard on the Street Thursday Recap: Chomping at the Bitcoin,yahoo_rss,2026-02-06T09:00:56Z,0,https://finance.yahoo.com/m/5f388fe8-dcbf-3051-83ac-2c75d47bfb22/heard-on-the-street-thursday.html?.tsrc=rss,"Tech stocks kept falling, continuing the rout that started Tuesday.  A broad array of AI-exposed companies saw their shares decline, including software companies, data-service firms, hyperscalers, and fund managers that invest in software companies.  Thomson Reuters on its Thursday earnings call argued that its legal-research business can't be replaced by general-purpose AI models.",GOOGL,yahoo_rss,5f388fe8-dcbf-3051-83ac-2c75d47bfb22,2026-02-06T10:04:28Z
237,d755eb21c32828ed0ad375db8ffcf5d187cae7757a7372bd71b68ee88b8b6686,"EnBW, Google sign PPA for 100MW clean power supply in Germany",yahoo_rss,2026-02-06T08:57:42Z,0,https://www.power-technology.com/news/enbw-google-sign-ppa-100mw-germany/?.tsrc=rss,The agreement supports Google's plan to operate on 24/7 “carbon-free energy” by 2030.,GOOGL,yahoo_rss,0a009894-1a95-3623-94ae-7a27769e597b,2026-02-06T10:04:28Z
429,707f282260b766250ea5c3e941de5b3789ca7d8abd9b2174160a617137525b9a,Amazon (AMZN) Stock Falls 10% After Q4 Earnings Miss and $200 Billion Spending Guidance - CoinCentral,CoinCentral,2026-02-06T08:51:36Z,0,https://news.google.com/rss/articles/CBMirAFBVV95cUxOa3ZOMWdHbjRTRUkwT09Beml5WFpQRzA3VVdubFRtUlU1M2ltaXItX1hacThYanh4UFFGQmtqdllzNTVmUEd4V1pxbnBHeW1XT0JvRXBVcmRjVVdXOWY4WW4tdkQ3NmhuV1Y2RF9DbmhvOHBtVEVEd3hCLS1KM21ock1POUF2dzBFdDE4aUxhVkVkdFRGQURFM2lHLXFlUUx0cEl1Sjl3VW9tU081?oc=5,"<a href=""https://news.google.com/rss/articles/CBMirAFBVV95cUxOa3ZOMWdHbjRTRUkwT09Beml5WFpQRzA3VVdubFRtUlU1M2ltaXItX1hacThYanh4UFFGQmtqdllzNTVmUEd4V1pxbnBHeW1XT0JvRXBVcmRjVVdXOWY4WW4tdkQ3NmhuV1Y2RF9DbmhvOHBtVEVEd3hCLS1KM21ock1POUF2dzBFdDE4aUxhVkVkdFRGQURFM2lHLXFlUUx0cEl1Sjl3VW9tU081?oc=5"" target=""_blank"">Amazon (AMZN) Stock Falls 10% After Q4 Earnings Miss and $200 Billion Spending Guidance</a>&nbsp;&nbsp;<font color=""#6f6f6f"">CoinCentral</font>",AMZN,google_news_rss,CBMirAFBVV95cUxOa3ZOMWdHbjRTRUkwT09Beml5WFpQRzA3VVdubFRtUlU1M2ltaXItX1hacThYanh4UFFGQmtqdllzNTVmUEd4V1pxbnBHeW1XT0JvRXBVcmRjVVdXOWY4WW4tdkQ3NmhuV1Y2RF9DbmhvOHBtVEVEd3hCLS1KM21ock1POUF2dzBFdDE4aUxhVkVkdFRGQURFM2lHLXFlUUx0cEl1Sjl3VW9tU081,2026-02-06T10:04:28Z
459,d0fa7c83351e0551bc19283368ac9082d40d65cd78099339535cf7a344bd4f6d,SPX Technologies (SPXC) Well-Positioned for Data Center Infrastructure Evolution,yahoo_rss,2026-02-06T08:45:43Z,0,https://finance.yahoo.com/news/spx-technologies-spxc-well-positioned-084543197.html?.tsrc=rss,"SPX Technologies (NYSE:SPXC) is one of the 15 best Industrial Machinery and Supplies stocks to buy according to Hedge Funds. As of the close of play on February 3, sentiment remains moderately bullish around SPX Technologies (NYSE:SPXC). The stock received coverage from 6 analysts, 4 of whom assigned Buy ratings and 2 Hold ratings. With […]",NVDA,yahoo_rss,a838d12b-3f4a-3e8a-939b-c57b09ffc756,2026-02-06T10:04:28Z
255,e0aff5807e9f9d3d63b46a51c2ebaf4da988b54813f6e619010273c2b418cb49,5 Reasons to Buy Google Parent Alphabet Stock on the Dip - The Motley Fool,The Motley Fool,2026-02-06T08:45:00Z,0,https://news.google.com/rss/articles/CBMimAFBVV95cUxNS0R2YVkzcFBZcUY1NGhJcWU3VXVnNG9xRjdGaDhFUWJ2ZlpDbUpNQjhia1JiUmVDTml1V0dKR1g2WnBGSWNqNG0yWHJKbVVIWmExaURCZHRXMUhmdXhoVkF1UHZHUGVORk1PUGJtajRMSzBFNjJuZ3BxbVpNa1I4WVRxdk54ZV8xbTJ1TGR4NHRSNUtCR3lVSA?oc=5,"<a href=""https://news.google.com/rss/articles/CBMimAFBVV95cUxNS0R2YVkzcFBZcUY1NGhJcWU3VXVnNG9xRjdGaDhFUWJ2ZlpDbUpNQjhia1JiUmVDTml1V0dKR1g2WnBGSWNqNG0yWHJKbVVIWmExaURCZHRXMUhmdXhoVkF1UHZHUGVORk1PUGJtajRMSzBFNjJuZ3BxbVpNa1I4WVRxdk54ZV8xbTJ1TGR4NHRSNUtCR3lVSA?oc=5"" target=""_blank"">5 Reasons to Buy Google Parent Alphabet Stock on the Dip</a>&nbsp;&nbsp;<font color=""#6f6f6f"">The Motley Fool</font>",GOOGL,google_news_rss,CBMimAFBVV95cUxNS0R2YVkzcFBZcUY1NGhJcWU3VXVnNG9xRjdGaDhFUWJ2ZlpDbUpNQjhia1JiUmVDTml1V0dKR1g2WnBGSWNqNG0yWHJKbVVIWmExaURCZHRXMUhmdXhoVkF1UHZHUGVORk1PUGJtajRMSzBFNjJuZ3BxbVpNa1I4WVRxdk54ZV8xbTJ1TGR4NHRSNUtCR3lVSA,2026-02-06T10:04:28Z
238,e40137ba02001aab04347dc0b885ec5dee125f4606d06c5d282a79380cc10410,Asian markets extend global retreat as tech worries build,yahoo_rss,2026-02-06T08:37:02Z,0,https://finance.yahoo.com/news/asian-markets-extend-global-retreat-024334995.html?.tsrc=rss,Asian equities sank again on Friday as a tech rout that battered Wall Street for the third day in a row showed no sign of letting up amid growing unease about the hundreds of billions splashed out on artificial intelligence.January's bristling rally has given way to caution this month as traders grow concerned about stretched valuations in the tech arena and the wisdom of the investments pumped into AI amid questions about when they will see returns.,GOOGL,yahoo_rss,604efc98-85e1-3dab-b4c8-d682792f256f,2026-02-06T10:04:28Z
381,1d0663ff07e8f2a1e316f1b8f4178c8d4d2317f45a2c21ae2c9635abc635079b,AMZN: Amazon Stock Tanks 12% as Spending Plans Knock Investors’ Confidence - TradingView,TradingView,2026-02-06T08:34:42Z,0,https://news.google.com/rss/articles/CBMizgFBVV95cUxNbkFkZGJMZFFqME43cXptMTNWeVBMNjY3MnJfak9qSjRxUnJUWWI5dkNjVGpqVkRUSTktdmJwVDZtbVZDTktSZzludC01N0tmMW93eEpiZlNzVUN3di04ODg3bHlyMXhaejBZZ2l5b25nd1htUDB4dnFxVFE0Qno5RkRwMEZ1R1JqcEpqWE5mdGREckx5RmR0WmdQQVdueGhTalF6bEpUZy02Zy1lSlV1YkVZSmJoT0xCTno1NXpHUW1XQXN6aTFNWTg0QTZCdw?oc=5,"<a href=""https://news.google.com/rss/articles/CBMizgFBVV95cUxNbkFkZGJMZFFqME43cXptMTNWeVBMNjY3MnJfak9qSjRxUnJUWWI5dkNjVGpqVkRUSTktdmJwVDZtbVZDTktSZzludC01N0tmMW93eEpiZlNzVUN3di04ODg3bHlyMXhaejBZZ2l5b25nd1htUDB4dnFxVFE0Qno5RkRwMEZ1R1JqcEpqWE5mdGREckx5RmR0WmdQQVdueGhTalF6bEpUZy02Zy1lSlV1YkVZSmJoT0xCTno1NXpHUW1XQXN6aTFNWTg0QTZCdw?oc=5"" target=""_blank"">AMZN: Amazon Stock Tanks 12% as Spending Plans Knock Investors’ Confidence</a>&nbsp;&nbsp;<font color=""#6f6f6f"">TradingView</font>",AMZN,google_news_rss,CBMizgFBVV95cUxNbkFkZGJMZFFqME43cXptMTNWeVBMNjY3MnJfak9qSjRxUnJUWWI5dkNjVGpqVkRUSTktdmJwVDZtbVZDTktSZzludC01N0tmMW93eEpiZlNzVUN3di04ODg3bHlyMXhaejBZZ2l5b25nd1htUDB4dnFxVFE0Qno5RkRwMEZ1R1JqcEpqWE5mdGREckx5RmR0WmdQQVdueGhTalF6bEpUZy02Zy1lSlV1YkVZSmJoT0xCTno1NXpHUW1XQXN6aTFNWTg0QTZCdw,2026-02-06T10:04:28Z
124,1abf31ea9e53b0e04aadee44fa822462f91785fdb1d86d01e5d249a4718a36d5,Amazon shares tumble after launching £147bn AI spending plan,yahoo_rss,2026-02-06T08:25:22Z,0,https://uk.finance.yahoo.com/news/amazon-shares-tumble-launching-147bn-082522640.html?.tsrc=rss,Shares in the company slid in value after it became the latest tech giant to commit to vast spending.,MSFT,yahoo_rss,a588f90b-3b93-3618-b30a-8ac989a2832e,2026-02-06T10:04:28Z
40,967ae2e2a3727cb5a6cd8bea9bb25e2aeb608fba600bad7f7bb8c2a220721214,Apple Inc. $AAPL Stake Boosted by Liberty One Investment Management LLC - MarketBeat,MarketBeat,2026-02-06T08:17:10Z,0,https://news.google.com/rss/articles/CBMiygFBVV95cUxPOW5uRS0tbGNWYUdReXgyc1hwbTdXdzN4Vk0tTnZMU1pHeEhfNXBEM0YyUGRoazZtUnVCOHJPVUlWREVsV2dna01OMTJuT24tRHAzZkhFbGdFQ2FIaE1RSW9IOWxUOGdXS1dzbHVBQTRBb0Y0Q1VvZS0yNXdETXpKT19aVTlUUk5DZkFtWmUwcE5UZUp1T1Q5OFFCblRWc1FPWlBNMEhjVHRWYlhWZUdmem9pck1yREtoVDBVYnYwa0REa1RZS2ZWTG93?oc=5,"<a href=""https://news.google.com/rss/articles/CBMiygFBVV95cUxPOW5uRS0tbGNWYUdReXgyc1hwbTdXdzN4Vk0tTnZMU1pHeEhfNXBEM0YyUGRoazZtUnVCOHJPVUlWREVsV2dna01OMTJuT24tRHAzZkhFbGdFQ2FIaE1RSW9IOWxUOGdXS1dzbHVBQTRBb0Y0Q1VvZS0yNXdETXpKT19aVTlUUk5DZkFtWmUwcE5UZUp1T1Q5OFFCblRWc1FPWlBNMEhjVHRWYlhWZUdmem9pck1yREtoVDBVYnYwa0REa1RZS2ZWTG93?oc=5"" target=""_blank"">Apple Inc. $AAPL Stake Boosted by Liberty One Investment Management LLC</a>&nbsp;&nbsp;<font color=""#6f6f6f"">MarketBeat</font>",AAPL,google_news_rss,CBMiygFBVV95cUxPOW5uRS0tbGNWYUdReXgyc1hwbTdXdzN4Vk0tTnZMU1pHeEhfNXBEM0YyUGRoazZtUnVCOHJPVUlWREVsV2dna01OMTJuT24tRHAzZkhFbGdFQ2FIaE1RSW9IOWxUOGdXS1dzbHVBQTRBb0Y0Q1VvZS0yNXdETXpKT19aVTlUUk5DZkFtWmUwcE5UZUp1T1Q5OFFCblRWc1FPWlBNMEhjVHRWYlhWZUdmem9pck1yREtoVDBVYnYwa0REa1RZS2ZWTG93,2026-02-06T10:04:28Z
37,470a51f94ca3556d19061aab4bce0d08361c54a131c040ae11e26ab18440a0e1,Apple Inc. $AAPL is Capital City Trust Co. FL's 4th Largest Position - MarketBeat,MarketBeat,2026-02-06T08:17:10Z,0,https://news.google.com/rss/articles/CBMiwwFBVV95cUxQakROQ3F6QUtWYjVkMjFFNEJZS3BEZlNmcVdpLWprY0wwMDEycXNGZ1dPcFYzS2IxbkdCN21aWVBQTHkxdThEODN5ZW9rQ3V0dE9YNWZ4bDBhX3JuNEdSOHR1Y2Y4MDN6NGFiclVDZzM1TzVRY3hIWnFGejBzYXdnaEFJRHlVTV9KQWp5VTYzNHVwZ0M1Z0Z4b3BfOHZvQ0J1c2xOTnluMktkaGFvVWxrLUw5cEg0Z2hvVXlVbUdHWXc3c2c?oc=5,"<a href=""https://news.google.com/rss/articles/CBMiwwFBVV95cUxQakROQ3F6QUtWYjVkMjFFNEJZS3BEZlNmcVdpLWprY0wwMDEycXNGZ1dPcFYzS2IxbkdCN21aWVBQTHkxdThEODN5ZW9rQ3V0dE9YNWZ4bDBhX3JuNEdSOHR1Y2Y4MDN6NGFiclVDZzM1TzVRY3hIWnFGejBzYXdnaEFJRHlVTV9KQWp5VTYzNHVwZ0M1Z0Z4b3BfOHZvQ0J1c2xOTnluMktkaGFvVWxrLUw5cEg0Z2hvVXlVbUdHWXc3c2c?oc=5"" target=""_blank"">Apple Inc. $AAPL is Capital City Trust Co. FL's 4th Largest Position</a>&nbsp;&nbsp;<font color=""#6f6f6f"">MarketBeat</font>",AAPL,google_news_rss,CBMiwwFBVV95cUxQakROQ3F6QUtWYjVkMjFFNEJZS3BEZlNmcVdpLWprY0wwMDEycXNGZ1dPcFYzS2IxbkdCN21aWVBQTHkxdThEODN5ZW9rQ3V0dE9YNWZ4bDBhX3JuNEdSOHR1Y2Y4MDN6NGFiclVDZzM1TzVRY3hIWnFGejBzYXdnaEFJRHlVTV9KQWp5VTYzNHVwZ0M1Z0Z4b3BfOHZvQ0J1c2xOTnluMktkaGFvVWxrLUw5cEg0Z2hvVXlVbUdHWXc3c2c,2026-02-06T10:04:28Z
31,016d23d7b391277422681d13e5f4a345708bfa6999361eb74312f205b9ec94fd,Apple Inc. $AAPL Shares Sold by Baugh & Associates LLC - MarketBeat,MarketBeat,2026-02-06T08:17:10Z,0,https://news.google.com/rss/articles/CBMisAFBVV95cUxOZ2JUWWlSY3VqVFJZQkZaU3VVSVgyeV9MTGhHeHgyMVVBeDNYOHRoZ25qYUE0d1hVWlZ2MlJuU0dkZDlmdlQwcmhhOE1BTlVoQjZzUHZiQmZXWFBiYlNWcDJ0QS1fd0tjLVFKUk94Sk15NmVJYVpjXy1welByeEM2UmV5YUxaRVNVNGZjTjRwRW9Fb0pBdjQ3RENsUzJ4b0d6Wlo0eXRHNW9EQmZVd0k4Yw?oc=5,"<a href=""https://news.google.com/rss/articles/CBMisAFBVV95cUxOZ2JUWWlSY3VqVFJZQkZaU3VVSVgyeV9MTGhHeHgyMVVBeDNYOHRoZ25qYUE0d1hVWlZ2MlJuU0dkZDlmdlQwcmhhOE1BTlVoQjZzUHZiQmZXWFBiYlNWcDJ0QS1fd0tjLVFKUk94Sk15NmVJYVpjXy1welByeEM2UmV5YUxaRVNVNGZjTjRwRW9Fb0pBdjQ3RENsUzJ4b0d6Wlo0eXRHNW9EQmZVd0k4Yw?oc=5"" target=""_blank"">Apple Inc. $AAPL Shares Sold by Baugh & Associates LLC</a>&nbsp;&nbsp;<font color=""#6f6f6f"">MarketBeat</font>",AAPL,google_news_rss,CBMisAFBVV95cUxOZ2JUWWlSY3VqVFJZQkZaU3VVSVgyeV9MTGhHeHgyMVVBeDNYOHRoZ25qYUE0d1hVWlZ2MlJuU0dkZDlmdlQwcmhhOE1BTlVoQjZzUHZiQmZXWFBiYlNWcDJ0QS1fd0tjLVFKUk94Sk15NmVJYVpjXy1welByeEM2UmV5YUxaRVNVNGZjTjRwRW9Fb0pBdjQ3RENsUzJ4b0d6Wlo0eXRHNW9EQmZVd0k4Yw,2026-02-06T10:04:28Z
34,ad1c90d55c9f5bee100ae284d60af09acc4bb08f43d7cd89e4fb7dac69225a7c,Apple Inc. $AAPL Shares Sold by One Day In July LLC - MarketBeat,MarketBeat,2026-02-06T08:17:09Z,0,https://news.google.com/rss/articles/CBMirwFBVV95cUxQUVVOR1cweFUwOS00Xy1adzFGWG8wbEhMMnBfNGRsdVRyVHA5ZGQ3Yl9mYnptNWpMdXFaYlBtbDFwVUVjdnRvVkNGOTJNMzNpclBtWHl0eGdTbTVvcEpHYXotdXpHWllLRGhtZGtRbUVUMzIzR0FrZHU4bmFTc3ZpdUNtXy1maDZ0YUk2N3I0NVNMSjA5Y1hCTTYwTzIyNW9qdG5TM0hLbldnWFVPenFn?oc=5,"<a href=""https://news.google.com/rss/articles/CBMirwFBVV95cUxQUVVOR1cweFUwOS00Xy1adzFGWG8wbEhMMnBfNGRsdVRyVHA5ZGQ3Yl9mYnptNWpMdXFaYlBtbDFwVUVjdnRvVkNGOTJNMzNpclBtWHl0eGdTbTVvcEpHYXotdXpHWllLRGhtZGtRbUVUMzIzR0FrZHU4bmFTc3ZpdUNtXy1maDZ0YUk2N3I0NVNMSjA5Y1hCTTYwTzIyNW9qdG5TM0hLbldnWFVPenFn?oc=5"" target=""_blank"">Apple Inc. $AAPL Shares Sold by One Day In July LLC</a>&nbsp;&nbsp;<font color=""#6f6f6f"">MarketBeat</font>",AAPL,google_news_rss,CBMirwFBVV95cUxQUVVOR1cweFUwOS00Xy1adzFGWG8wbEhMMnBfNGRsdVRyVHA5ZGQ3Yl9mYnptNWpMdXFaYlBtbDFwVUVjdnRvVkNGOTJNMzNpclBtWHl0eGdTbTVvcEpHYXotdXpHWllLRGhtZGtRbUVUMzIzR0FrZHU4bmFTc3ZpdUNtXy1maDZ0YUk2N3I0NVNMSjA5Y1hCTTYwTzIyNW9qdG5TM0hLbldnWFVPenFn,2026-02-06T10:04:28Z
25,4c41654043a7aa4cb9e2b764ba527131faadb5b627bdc2d450285d6bcccd6128,Apple Inc. $AAPL Stock Position Increased by CPC Advisors LLC - MarketBeat,MarketBeat,2026-02-06T08:17:09Z,0,https://news.google.com/rss/articles/CBMivAFBVV95cUxPUWZGcjhKM1NzOWVJTnpsSVpzNFNEVmdjVjZkSXp0dWxrX2JDLW1LbndJa2pFOXFQWG80bEh6YUtkcHVkdTBQUDZZQktRa01nNC05amRmYjQ2WVJzQVJscWY4dVVGUGl6RXNZYS02UXhKTzBfcllueDBQNGQ3R0V2UDZydUd4c1JFVHF0U3YzU2ItdjJWRkVqR1duQjBOczFPdS0wTERpd1pCRWIzZDJPZkNoWDlwOW84dVhGMA?oc=5,"<a href=""https://news.google.com/rss/articles/CBMivAFBVV95cUxPUWZGcjhKM1NzOWVJTnpsSVpzNFNEVmdjVjZkSXp0dWxrX2JDLW1LbndJa2pFOXFQWG80bEh6YUtkcHVkdTBQUDZZQktRa01nNC05amRmYjQ2WVJzQVJscWY4dVVGUGl6RXNZYS02UXhKTzBfcllueDBQNGQ3R0V2UDZydUd4c1JFVHF0U3YzU2ItdjJWRkVqR1duQjBOczFPdS0wTERpd1pCRWIzZDJPZkNoWDlwOW84dVhGMA?oc=5"" target=""_blank"">Apple Inc. $AAPL Stock Position Increased by CPC Advisors LLC</a>&nbsp;&nbsp;<font color=""#6f6f6f"">MarketBeat</font>",AAPL,google_news_rss,CBMivAFBVV95cUxPUWZGcjhKM1NzOWVJTnpsSVpzNFNEVmdjVjZkSXp0dWxrX2JDLW1LbndJa2pFOXFQWG80bEh6YUtkcHVkdTBQUDZZQktRa01nNC05amRmYjQ2WVJzQVJscWY4dVVGUGl6RXNZYS02UXhKTzBfcllueDBQNGQ3R0V2UDZydUd4c1JFVHF0U3YzU2ItdjJWRkVqR1duQjBOczFPdS0wTERpd1pCRWIzZDJPZkNoWDlwOW84dVhGMA,2026-02-06T10:04:28Z
39,20ad35aff2241cf1b05245bbaf42d6421541a36ab509ae0152fd0e68229d5ef5,Klingman & Associates LLC Has $69.29 Million Position in Apple Inc. $AAPL - MarketBeat,MarketBeat,2026-02-06T08:17:07Z,0,https://news.google.com/rss/articles/CBMixwFBVV95cUxQUW5pWHl0eWpxdUxacmpQd21GdjlSTGw3REYydVgwODNDZXMzWFBnczBvcFVXckhBakJ0c3YtNi1ZR0hvV3BmX3ZBMFRzeC1PQTBZRFcyZ2ZCN19EUWFrc29Gci1QUzNYT0hRcWluZkd1OVVOQ0w3R3BUaEtaV0ZQU2xTci1SMEJ3NmZPVGQ1MXpkSTRLc25MS29LTlVuN25aWUxiUjA2X1Awd2J6akdVU0N1T09VR2tBTk9Bckt3bm9QV3MzeEcw?oc=5,"<a href=""https://news.google.com/rss/articles/CBMixwFBVV95cUxQUW5pWHl0eWpxdUxacmpQd21GdjlSTGw3REYydVgwODNDZXMzWFBnczBvcFVXckhBakJ0c3YtNi1ZR0hvV3BmX3ZBMFRzeC1PQTBZRFcyZ2ZCN19EUWFrc29Gci1QUzNYT0hRcWluZkd1OVVOQ0w3R3BUaEtaV0ZQU2xTci1SMEJ3NmZPVGQ1MXpkSTRLc25MS29LTlVuN25aWUxiUjA2X1Awd2J6akdVU0N1T09VR2tBTk9Bckt3bm9QV3MzeEcw?oc=5"" target=""_blank"">Klingman & Associates LLC Has $69.29 Million Position in Apple Inc. $AAPL</a>&nbsp;&nbsp;<font color=""#6f6f6f"">MarketBeat</font>",AAPL,google_news_rss,CBMixwFBVV95cUxQUW5pWHl0eWpxdUxacmpQd21GdjlSTGw3REYydVgwODNDZXMzWFBnczBvcFVXckhBakJ0c3YtNi1ZR0hvV3BmX3ZBMFRzeC1PQTBZRFcyZ2ZCN19EUWFrc29Gci1QUzNYT0hRcWluZkd1OVVOQ0w3R3BUaEtaV0ZQU2xTci1SMEJ3NmZPVGQ1MXpkSTRLc25MS29LTlVuN25aWUxiUjA2X1Awd2J6akdVU0N1T09VR2tBTk9Bckt3bm9QV3MzeEcw,2026-02-06T10:04:28Z
166,53c55b7de5ab982fa255441d1925ca67d0071b7af2d83d3ff114fe2a01bd8d1b,Microsoft Corporation $MSFT is Impact Capital Partners LLC's Largest Position - MarketBeat,MarketBeat,2026-02-06T08:15:13Z,0,https://news.google.com/rss/articles/CBMi0gFBVV95cUxQZVk5dmFYR2VpNm5iMmNNZ1pIZFU5V202bG1HWXE1aXY0RlNJcVE5QUlycUMzWDdCNFQ1Z005R0pBVF9sbzF5aHZ4OTJoa2RtU09VNE9QSkpqdnA0VWpDYW84Zm9UeXhJSTVGdkhabFlWZWtkTzdkSlBSbzVKbTc2c1haQVRZdkxhRzk0d1VYTUlRUnpoSFB2UTk1N25vQktLaEhDci1EMXNNUHBQQXdoYk5jWEFrWlhrN0YzcVJpUTgxNXhwZFVMQkRwSWNFRHoxR3c?oc=5,"<a href=""https://news.google.com/rss/articles/CBMi0gFBVV95cUxQZVk5dmFYR2VpNm5iMmNNZ1pIZFU5V202bG1HWXE1aXY0RlNJcVE5QUlycUMzWDdCNFQ1Z005R0pBVF9sbzF5aHZ4OTJoa2RtU09VNE9QSkpqdnA0VWpDYW84Zm9UeXhJSTVGdkhabFlWZWtkTzdkSlBSbzVKbTc2c1haQVRZdkxhRzk0d1VYTUlRUnpoSFB2UTk1N25vQktLaEhDci1EMXNNUHBQQXdoYk5jWEFrWlhrN0YzcVJpUTgxNXhwZFVMQkRwSWNFRHoxR3c?oc=5"" target=""_blank"">Microsoft Corporation $MSFT is Impact Capital Partners LLC's Largest Position</a>&nbsp;&nbsp;<font color=""#6f6f6f"">MarketBeat</font>",MSFT,google_news_rss,CBMi0gFBVV95cUxQZVk5dmFYR2VpNm5iMmNNZ1pIZFU5V202bG1HWXE1aXY0RlNJcVE5QUlycUMzWDdCNFQ1Z005R0pBVF9sbzF5aHZ4OTJoa2RtU09VNE9QSkpqdnA0VWpDYW84Zm9UeXhJSTVGdkhabFlWZWtkTzdkSlBSbzVKbTc2c1haQVRZdkxhRzk0d1VYTUlRUnpoSFB2UTk1N25vQktLaEhDci1EMXNNUHBQQXdoYk5jWEFrWlhrN0YzcVJpUTgxNXhwZFVMQkRwSWNFRHoxR3c,2026-02-06T10:04:28Z
164,611b106337cf6fb8024422e782f01759f72c685cdc3b36f7f811a86585d500f3,Octavia Wealth Advisors LLC Raises Stock Position in Microsoft Corporation $MSFT - MarketBeat,MarketBeat,2026-02-06T08:15:12Z,0,https://news.google.com/rss/articles/CBMi1wFBVV95cUxOYmt6UkxZbkM2MWlYd3FWYXZUdmtjN2sxaXg1WDRaZGVPN2d5Zkt2OGVYNnlwQnNzVU5RVEI0ZHhkSmN2YXkyd2oxZWxJRy0xSkxpeGhkYlk4d1MxQXJzU3RzbnlPOF9uREF2VW85RGxWWTBXaFdwem5EMW1oSTFSV05admt4aWl1RjNmdExycXZOeHRiTHlVLVRZVHJTQUpqeWJ6eWt0b0tKMlk0eXRMcmcyc2dOVmRzZmROWWpINmNBYTRPWDFxMXZnVlEzdUYzUE1pYXl2MA?oc=5,"<a href=""https://news.google.com/rss/articles/CBMi1wFBVV95cUxOYmt6UkxZbkM2MWlYd3FWYXZUdmtjN2sxaXg1WDRaZGVPN2d5Zkt2OGVYNnlwQnNzVU5RVEI0ZHhkSmN2YXkyd2oxZWxJRy0xSkxpeGhkYlk4d1MxQXJzU3RzbnlPOF9uREF2VW85RGxWWTBXaFdwem5EMW1oSTFSV05admt4aWl1RjNmdExycXZOeHRiTHlVLVRZVHJTQUpqeWJ6eWt0b0tKMlk0eXRMcmcyc2dOVmRzZmROWWpINmNBYTRPWDFxMXZnVlEzdUYzUE1pYXl2MA?oc=5"" target=""_blank"">Octavia Wealth Advisors LLC Raises Stock Position in Microsoft Corporation $MSFT</a>&nbsp;&nbsp;<font color=""#6f6f6f"">MarketBeat</font>",MSFT,google_news_rss,CBMi1wFBVV95cUxOYmt6UkxZbkM2MWlYd3FWYXZUdmtjN2sxaXg1WDRaZGVPN2d5Zkt2OGVYNnlwQnNzVU5RVEI0ZHhkSmN2YXkyd2oxZWxJRy0xSkxpeGhkYlk4d1MxQXJzU3RzbnlPOF9uREF2VW85RGxWWTBXaFdwem5EMW1oSTFSV05admt4aWl1RjNmdExycXZOeHRiTHlVLVRZVHJTQUpqeWJ6eWt0b0tKMlk0eXRMcmcyc2dOVmRzZmROWWpINmNBYTRPWDFxMXZnVlEzdUYzUE1pYXl2MA,2026-02-06T10:04:28Z
611,353ab58fa84f17341e41275b33d539ed694c4efe3f6f224eabbaf935de3bef16,"Meta Platforms, Inc. $META Shares Sold by Pinnacle Investment Management Ltd - MarketBeat",MarketBeat,2026-02-06T08:11:12Z,0,https://news.google.com/rss/articles/CBMizwFBVV95cUxQamktZFFZejdzdXdJclhoazdCRFhpUVpiWXdXRHdsTjc1TjRhQnEzYXAxalFUNU5Gay1YSHh6QVJjcXktZWdUd0x0amY0b3VNd214YVFLaFp0bktwT0pfM2dFenlEY1diU1dwZ0dsbDIwS3g1TjdSYzh5RHloLUFBVS1SOWNLczU1eVh6cF9sUWJWeGhWRVRERVlPdUoxNW1WTFJyUmd6UzVwazBIam9lUEdUQUM1ZzkyeFRGV2ItOGZOTUpPSjhVQkpUTWFRdDQ?oc=5,"<a href=""https://news.google.com/rss/articles/CBMizwFBVV95cUxQamktZFFZejdzdXdJclhoazdCRFhpUVpiWXdXRHdsTjc1TjRhQnEzYXAxalFUNU5Gay1YSHh6QVJjcXktZWdUd0x0amY0b3VNd214YVFLaFp0bktwT0pfM2dFenlEY1diU1dwZ0dsbDIwS3g1TjdSYzh5RHloLUFBVS1SOWNLczU1eVh6cF9sUWJWeGhWRVRERVlPdUoxNW1WTFJyUmd6UzVwazBIam9lUEdUQUM1ZzkyeFRGV2ItOGZOTUpPSjhVQkpUTWFRdDQ?oc=5"" target=""_blank"">Meta Platforms, Inc. $META Shares Sold by Pinnacle Investment Management Ltd</a>&nbsp;&nbsp;<font color=""#6f6f6f"">MarketBeat</font>",META,google_news_rss,CBMizwFBVV95cUxQamktZFFZejdzdXdJclhoazdCRFhpUVpiWXdXRHdsTjc1TjRhQnEzYXAxalFUNU5Gay1YSHh6QVJjcXktZWdUd0x0amY0b3VNd214YVFLaFp0bktwT0pfM2dFenlEY1diU1dwZ0dsbDIwS3g1TjdSYzh5RHloLUFBVS1SOWNLczU1eVh6cF9sUWJWeGhWRVRERVlPdUoxNW1WTFJyUmd6UzVwazBIam9lUEdUQUM1ZzkyeFRGV2ItOGZOTUpPSjhVQkpUTWFRdDQ,2026-02-06T10:04:28Z
302,dc663cfffdd2d365e004947b50e92f2f1fb8cb7425c4cc15b011ea04bb609534,Myriad Asset Management US LP Makes New $6.96 Million Investment in Alphabet Inc. $GOOGL - MarketBeat,MarketBeat,2026-02-06T08:11:12Z,0,https://news.google.com/rss/articles/CBMi3gFBVV95cUxPTFhvZDNpeWoxanFMdUdnY0VWS19YSGlqbmFFWFhSV3BDY2dKRTVjV3lzdGtxNUk1ckxoY0drdFFqYVlTN2xfbXMybEh5ZlVlaWZ4Rzk3M2o5NEtiWkl4cmlJcG5JWHdZdFc3Rk4tcmpLQ3lPSkdlSDRFWWV2cnZtMzhrdmZsVHFiTEsyai1vRHNRR2VaRG1zV2FCZkZmWm8wUVdSX3dLNnZpMGwzWW9lbW5ycnJIM2dmTmtvTmgtV2ZoOEZWcHEycnVvS25FNUxWRURVbUlxUUdwT1E3d1E?oc=5,"<a href=""https://news.google.com/rss/articles/CBMi3gFBVV95cUxPTFhvZDNpeWoxanFMdUdnY0VWS19YSGlqbmFFWFhSV3BDY2dKRTVjV3lzdGtxNUk1ckxoY0drdFFqYVlTN2xfbXMybEh5ZlVlaWZ4Rzk3M2o5NEtiWkl4cmlJcG5JWHdZdFc3Rk4tcmpLQ3lPSkdlSDRFWWV2cnZtMzhrdmZsVHFiTEsyai1vRHNRR2VaRG1zV2FCZkZmWm8wUVdSX3dLNnZpMGwzWW9lbW5ycnJIM2dmTmtvTmgtV2ZoOEZWcHEycnVvS25FNUxWRURVbUlxUUdwT1E3d1E?oc=5"" target=""_blank"">Myriad Asset Management US LP Makes New $6.96 Million Investment in Alphabet Inc. $GOOGL</a>&nbsp;&nbsp;<font color=""#6f6f6f"">MarketBeat</font>",GOOGL,google_news_rss,CBMi3gFBVV95cUxPTFhvZDNpeWoxanFMdUdnY0VWS19YSGlqbmFFWFhSV3BDY2dKRTVjV3lzdGtxNUk1ckxoY0drdFFqYVlTN2xfbXMybEh5ZlVlaWZ4Rzk3M2o5NEtiWkl4cmlJcG5JWHdZdFc3Rk4tcmpLQ3lPSkdlSDRFWWV2cnZtMzhrdmZsVHFiTEsyai1vRHNRR2VaRG1zV2FCZkZmWm8wUVdSX3dLNnZpMGwzWW9lbW5ycnJIM2dmTmtvTmgtV2ZoOEZWcHEycnVvS25FNUxWRURVbUlxUUdwT1E3d1E,2026-02-06T10:04:28Z
278,2a30985bd22ab2fea79773d193669c8e834829d110fac0b2a31ff756affb47b2,"Kingdom Financial Group LLC. Purchases 4,221 Shares of Alphabet Inc. $GOOGL - MarketBeat",MarketBeat,2026-02-06T08:11:11Z,0,https://news.google.com/rss/articles/CBMizAFBVV95cUxORk9FSzlvWDZvZVNBeTlnTGZWLUZvamRNLTBPQ3pobnlzeWNDUEJQa1VjRC03OTZMTFJKNnFONDl4NU02NWthTENOWHpUZWctejdKVDFLUjgtejZDeXhLQnQ0Z0M1Z1VXSWtDQ1Y0allGSnlTd3FXVXN5bTNOQmttWHBxTzJjX0xHT2lnLUpIVF9kOS12eU5OZDFhTWVTN1o0aF85dWtFcE10YlVER1lpbzhvS051TzdCZ3JkQXMyR1hEbGxDOWlpX1BFZEw?oc=5,"<a href=""https://news.google.com/rss/articles/CBMizAFBVV95cUxORk9FSzlvWDZvZVNBeTlnTGZWLUZvamRNLTBPQ3pobnlzeWNDUEJQa1VjRC03OTZMTFJKNnFONDl4NU02NWthTENOWHpUZWctejdKVDFLUjgtejZDeXhLQnQ0Z0M1Z1VXSWtDQ1Y0allGSnlTd3FXVXN5bTNOQmttWHBxTzJjX0xHT2lnLUpIVF9kOS12eU5OZDFhTWVTN1o0aF85dWtFcE10YlVER1lpbzhvS051TzdCZ3JkQXMyR1hEbGxDOWlpX1BFZEw?oc=5"" target=""_blank"">Kingdom Financial Group LLC. Purchases 4,221 Shares of Alphabet Inc. $GOOGL</a>&nbsp;&nbsp;<font color=""#6f6f6f"">MarketBeat</font>",GOOGL,google_news_rss,CBMizAFBVV95cUxORk9FSzlvWDZvZVNBeTlnTGZWLUZvamRNLTBPQ3pobnlzeWNDUEJQa1VjRC03OTZMTFJKNnFONDl4NU02NWthTENOWHpUZWctejdKVDFLUjgtejZDeXhLQnQ0Z0M1Z1VXSWtDQ1Y0allGSnlTd3FXVXN5bTNOQmttWHBxTzJjX0xHT2lnLUpIVF9kOS12eU5OZDFhTWVTN1o0aF85dWtFcE10YlVER1lpbzhvS051TzdCZ3JkQXMyR1hEbGxDOWlpX1BFZEw,2026-02-06T10:04:28Z
269,70c21a44045298890b3f7ebcac680ad9574650210797dfb5fc3fbefa613346ae,Alphabet Inc. $GOOGL Shares Bought by Facet Wealth Inc. - MarketBeat,MarketBeat,2026-02-06T08:11:11Z,0,https://news.google.com/rss/articles/CBMiswFBVV95cUxQSVdHV3AzeEJwaWJLNEdxeVJkRFhXd203QVBDb1p4eFRfWXh2X0tWOUdpdUVjZWJ1ZDZEUTJ3U0p6ZmtsM0FGalFEUUtfMGFDZ0ozaE8tNDN3eUV1Yk00Uy1iWlB5eXN4Mm53VkpXeHl5c3QycUFaMVhJQXJ4MEZXck1QTUFGVXh1dVFYRVJGcGdVSDhKUlM4czBqSXc5dlVGR1MyM2psX2d5enRVWXJuMEJRdw?oc=5,"<a href=""https://news.google.com/rss/articles/CBMiswFBVV95cUxQSVdHV3AzeEJwaWJLNEdxeVJkRFhXd203QVBDb1p4eFRfWXh2X0tWOUdpdUVjZWJ1ZDZEUTJ3U0p6ZmtsM0FGalFEUUtfMGFDZ0ozaE8tNDN3eUV1Yk00Uy1iWlB5eXN4Mm53VkpXeHl5c3QycUFaMVhJQXJ4MEZXck1QTUFGVXh1dVFYRVJGcGdVSDhKUlM4czBqSXc5dlVGR1MyM2psX2d5enRVWXJuMEJRdw?oc=5"" target=""_blank"">Alphabet Inc. $GOOGL Shares Bought by Facet Wealth Inc.</a>&nbsp;&nbsp;<font color=""#6f6f6f"">MarketBeat</font>",GOOGL,google_news_rss,CBMiswFBVV95cUxQSVdHV3AzeEJwaWJLNEdxeVJkRFhXd203QVBDb1p4eFRfWXh2X0tWOUdpdUVjZWJ1ZDZEUTJ3U0p6ZmtsM0FGalFEUUtfMGFDZ0ozaE8tNDN3eUV1Yk00Uy1iWlB5eXN4Mm53VkpXeHl5c3QycUFaMVhJQXJ4MEZXck1QTUFGVXh1dVFYRVJGcGdVSDhKUlM4czBqSXc5dlVGR1MyM2psX2d5enRVWXJuMEJRdw,2026-02-06T10:04:28Z
499,eb4eba863a9cc4c04ef32b8e0a273356eb048459269838fc1d077e976e62cb28,Meitav Investment House Ltd. Reduces Stake in NVIDIA Corporation $NVDA - MarketBeat,MarketBeat,2026-02-06T08:11:10Z,0,https://news.google.com/rss/articles/CBMiyAFBVV95cUxOUk5jR1BKVU9NbWtvOEdRcmNhVnVteWN0WHVvWm0yQ2VydDFKbUVVTmV3TEtxczZvcFA3VWVTaFhfWi1NMEVTTkg4d0Q0QkdvSnYzUFB2b2VZeGFIbVNqaUVUamxmcVZ5bWpFSlNBcXJqcmtsYTVZYzY4RkFNTnRnd3dVRHRnWDFTcTM5VllORXN5M01SYk1UTllIVHNpSEM4VkxYYWlIbjdLdmduWHBEWmY0cGtnMGFFbmJUckpvMFE4NEpER3FLRA?oc=5,"<a href=""https://news.google.com/rss/articles/CBMiyAFBVV95cUxOUk5jR1BKVU9NbWtvOEdRcmNhVnVteWN0WHVvWm0yQ2VydDFKbUVVTmV3TEtxczZvcFA3VWVTaFhfWi1NMEVTTkg4d0Q0QkdvSnYzUFB2b2VZeGFIbVNqaUVUamxmcVZ5bWpFSlNBcXJqcmtsYTVZYzY4RkFNTnRnd3dVRHRnWDFTcTM5VllORXN5M01SYk1UTllIVHNpSEM4VkxYYWlIbjdLdmduWHBEWmY0cGtnMGFFbmJUckpvMFE4NEpER3FLRA?oc=5"" target=""_blank"">Meitav Investment House Ltd. Reduces Stake in NVIDIA Corporation $NVDA</a>&nbsp;&nbsp;<font color=""#6f6f6f"">MarketBeat</font>",NVDA,google_news_rss,CBMiyAFBVV95cUxOUk5jR1BKVU9NbWtvOEdRcmNhVnVteWN0WHVvWm0yQ2VydDFKbUVVTmV3TEtxczZvcFA3VWVTaFhfWi1NMEVTTkg4d0Q0QkdvSnYzUFB2b2VZeGFIbVNqaUVUamxmcVZ5bWpFSlNBcXJqcmtsYTVZYzY4RkFNTnRnd3dVRHRnWDFTcTM5VllORXN5M01SYk1UTllIVHNpSEM4VkxYYWlIbjdLdmduWHBEWmY0cGtnMGFFbmJUckpvMFE4NEpER3FLRA,2026-02-06T10:04:28Z
281,844cdea516cc0112547e372abbca439dbe718bc09561a3cd19c17e299cf01bf7,Northstar Asset Management Inc. Trims Stock Position in Alphabet Inc. $GOOGL - MarketBeat,MarketBeat,2026-02-06T08:11:09Z,0,https://news.google.com/rss/articles/CBMizwFBVV95cUxPZmlzZ0NCSGdqbEF3TGs5NVZmTVdlUkoyWndvWWZGTUFQd2xQM2dHb01GT1RtQk5ycjRDaEJSdnlGNFpfWkVWVlY5eVBkaWRKaDFfdGRFeUd3OC1zMGhvS05kYlFISHVjUmRTUXFycnd2NXJjWjI1Umhfa3FtZ1BjM01nOFZtSVZ0YlpyQVhFRUVVcDlLMVFkQ0o4c2gwTFNDY1R0bEZBb1ZfdnN3LU9vclItWjR1TnJsUmdkN2VRN2w3Vk9DYlFsOG1VV0tfU1U?oc=5,"<a href=""https://news.google.com/rss/articles/CBMizwFBVV95cUxPZmlzZ0NCSGdqbEF3TGs5NVZmTVdlUkoyWndvWWZGTUFQd2xQM2dHb01GT1RtQk5ycjRDaEJSdnlGNFpfWkVWVlY5eVBkaWRKaDFfdGRFeUd3OC1zMGhvS05kYlFISHVjUmRTUXFycnd2NXJjWjI1Umhfa3FtZ1BjM01nOFZtSVZ0YlpyQVhFRUVVcDlLMVFkQ0o4c2gwTFNDY1R0bEZBb1ZfdnN3LU9vclItWjR1TnJsUmdkN2VRN2w3Vk9DYlFsOG1VV0tfU1U?oc=5"" target=""_blank"">Northstar Asset Management Inc. Trims Stock Position in Alphabet Inc. $GOOGL</a>&nbsp;&nbsp;<font color=""#6f6f6f"">MarketBeat</font>",GOOGL,google_news_rss,CBMizwFBVV95cUxPZmlzZ0NCSGdqbEF3TGs5NVZmTVdlUkoyWndvWWZGTUFQd2xQM2dHb01GT1RtQk5ycjRDaEJSdnlGNFpfWkVWVlY5eVBkaWRKaDFfdGRFeUd3OC1zMGhvS05kYlFISHVjUmRTUXFycnd2NXJjWjI1Umhfa3FtZ1BjM01nOFZtSVZ0YlpyQVhFRUVVcDlLMVFkQ0o4c2gwTFNDY1R0bEZBb1ZfdnN3LU9vclItWjR1TnJsUmdkN2VRN2w3Vk9DYlFsOG1VV0tfU1U,2026-02-06T10:04:28Z
273,f820b788fed83a653ece28c384503a64b189eecbcdabdc68d28b154776a5e7da,Alphabet Inc. $GOOGL Shares Bought by Lockheed Martin Investment Management Co. - MarketBeat,MarketBeat,2026-02-06T08:11:09Z,0,https://news.google.com/rss/articles/CBMi0wFBVV95cUxPOHk5MXRTNm9iR0F6S090U0hSX2paM1N1WVYxOHpCeUVqMmRzSmtPMkM1UW5fZFVnX244d1Y0VUxZRlc2eWp3XzBKT1lJa3kzZF8xbFNxMFh0NUhTNXFUWjdvZTduSklZcGg3VGxYV1gtNDNBdjJwcmFESVlqV1U4RUk1OW1fR29DZU1TTUZDR0x2a1VET042SW1vSm80c0RsalJ6MllxRVlkMTBEZkNvS2lIOVdzN3didVNHVHFQOEV2QmNRNFBlSEdWQzlMcHVnREVJ?oc=5,"<a href=""https://news.google.com/rss/articles/CBMi0wFBVV95cUxPOHk5MXRTNm9iR0F6S090U0hSX2paM1N1WVYxOHpCeUVqMmRzSmtPMkM1UW5fZFVnX244d1Y0VUxZRlc2eWp3XzBKT1lJa3kzZF8xbFNxMFh0NUhTNXFUWjdvZTduSklZcGg3VGxYV1gtNDNBdjJwcmFESVlqV1U4RUk1OW1fR29DZU1TTUZDR0x2a1VET042SW1vSm80c0RsalJ6MllxRVlkMTBEZkNvS2lIOVdzN3didVNHVHFQOEV2QmNRNFBlSEdWQzlMcHVnREVJ?oc=5"" target=""_blank"">Alphabet Inc. $GOOGL Shares Bought by Lockheed Martin Investment Management Co.</a>&nbsp;&nbsp;<font color=""#6f6f6f"">MarketBeat</font>",GOOGL,google_news_rss,CBMi0wFBVV95cUxPOHk5MXRTNm9iR0F6S090U0hSX2paM1N1WVYxOHpCeUVqMmRzSmtPMkM1UW5fZFVnX244d1Y0VUxZRlc2eWp3XzBKT1lJa3kzZF8xbFNxMFh0NUhTNXFUWjdvZTduSklZcGg3VGxYV1gtNDNBdjJwcmFESVlqV1U4RUk1OW1fR29DZU1TTUZDR0x2a1VET042SW1vSm80c0RsalJ6MllxRVlkMTBEZkNvS2lIOVdzN3didVNHVHFQOEV2QmNRNFBlSEdWQzlMcHVnREVJ,2026-02-06T10:04:28Z
496,1328fb8b22fde55f383e00e066d3943d0dffe1543188bed1dc6a882fc18174df,"McBroom & Associates LLC Sells 8,373 Shares of NVIDIA Corporation $NVDA - MarketBeat",MarketBeat,2026-02-06T08:09:17Z,0,https://news.google.com/rss/articles/CBMixwFBVV95cUxObkJVS3FqOWdDOWdYSlpzbzNRbFlTemN1akJhV2NkVzZOaEFMc3dtbkFEUEpKNGVpRk44SHJzRTVrZjlIODg4R2kzSHE2ZmJJNDBLSWpVNVRxQTF2UWpDVG0zLTZWSjNBS09FeEg3cjZwSzJSamlTV0tNTjltOWtodkZxY2ZaMFZ6WE5SbXFYOWdscHB2Q0hSNndNMERBTkdrUGxQRk5kYWxoMzJvV05IOWM1X0xsMTB0NHliWEFVSUJWa3JxSHI4?oc=5,"<a href=""https://news.google.com/rss/articles/CBMixwFBVV95cUxObkJVS3FqOWdDOWdYSlpzbzNRbFlTemN1akJhV2NkVzZOaEFMc3dtbkFEUEpKNGVpRk44SHJzRTVrZjlIODg4R2kzSHE2ZmJJNDBLSWpVNVRxQTF2UWpDVG0zLTZWSjNBS09FeEg3cjZwSzJSamlTV0tNTjltOWtodkZxY2ZaMFZ6WE5SbXFYOWdscHB2Q0hSNndNMERBTkdrUGxQRk5kYWxoMzJvV05IOWM1X0xsMTB0NHliWEFVSUJWa3JxSHI4?oc=5"" target=""_blank"">McBroom & Associates LLC Sells 8,373 Shares of NVIDIA Corporation $NVDA</a>&nbsp;&nbsp;<font color=""#6f6f6f"">MarketBeat</font>",NVDA,google_news_rss,CBMixwFBVV95cUxObkJVS3FqOWdDOWdYSlpzbzNRbFlTemN1akJhV2NkVzZOaEFMc3dtbkFEUEpKNGVpRk44SHJzRTVrZjlIODg4R2kzSHE2ZmJJNDBLSWpVNVRxQTF2UWpDVG0zLTZWSjNBS09FeEg3cjZwSzJSamlTV0tNTjltOWtodkZxY2ZaMFZ6WE5SbXFYOWdscHB2Q0hSNndNMERBTkdrUGxQRk5kYWxoMzJvV05IOWM1X0xsMTB0NHliWEFVSUJWa3JxSHI4,2026-02-06T10:04:28Z
498,e32d198d522a6e9bfb35c195a4968dfe9394e25ef83fa0126450ba63fc54b457,NVIDIA Corporation $NVDA is Lmcg Investments LLC's 6th Largest Position - MarketBeat,MarketBeat,2026-02-06T08:09:09Z,0,https://news.google.com/rss/articles/CBMiygFBVV95cUxQRDdmb0UwOUxCM1JVLUphNjlmSmxvcTItV3VNU05mMHNNczRGeTBCNzY1Y1lPSlcyUEJRNXIxTEw4N1UzcE00cWZsSXlWemtwYVd3M0tjdVFHWGRCcnhLT0MtZVM2dEZFRlZQdGpwTFBlWmphVHNrQkUxbFVEVXpGZkwwTDVSVDNkQXNDekNEbXU3eHhfc0d0WkRJTWk2bS0yS3JuUms1ckFLbkFTNDgxSmZDMUZkUTdCbkZ0cVl4RGRycGl6S3Uza2Nn?oc=5,"<a href=""https://news.google.com/rss/articles/CBMiygFBVV95cUxQRDdmb0UwOUxCM1JVLUphNjlmSmxvcTItV3VNU05mMHNNczRGeTBCNzY1Y1lPSlcyUEJRNXIxTEw4N1UzcE00cWZsSXlWemtwYVd3M0tjdVFHWGRCcnhLT0MtZVM2dEZFRlZQdGpwTFBlWmphVHNrQkUxbFVEVXpGZkwwTDVSVDNkQXNDekNEbXU3eHhfc0d0WkRJTWk2bS0yS3JuUms1ckFLbkFTNDgxSmZDMUZkUTdCbkZ0cVl4RGRycGl6S3Uza2Nn?oc=5"" target=""_blank"">NVIDIA Corporation $NVDA is Lmcg Investments LLC's 6th Largest Position</a>&nbsp;&nbsp;<font color=""#6f6f6f"">MarketBeat</font>",NVDA,google_news_rss,CBMiygFBVV95cUxQRDdmb0UwOUxCM1JVLUphNjlmSmxvcTItV3VNU05mMHNNczRGeTBCNzY1Y1lPSlcyUEJRNXIxTEw4N1UzcE00cWZsSXlWemtwYVd3M0tjdVFHWGRCcnhLT0MtZVM2dEZFRlZQdGpwTFBlWmphVHNrQkUxbFVEVXpGZkwwTDVSVDNkQXNDekNEbXU3eHhfc0d0WkRJTWk2bS0yS3JuUms1ckFLbkFTNDgxSmZDMUZkUTdCbkZ0cVl4RGRycGl6S3Uza2Nn,2026-02-06T10:04:28Z
581,3881b9a7c474f659bbc2bb33d500ac84d25e7dc0f7cc3dea774214bd1d2c2961,Oklo (OKLO) Valuation After Uranium Sector Pullback And Goldman Sachs Outlook Cut,yahoo_rss,2026-02-06T08:09:08Z,0,https://finance.yahoo.com/news/oklo-oklo-valuation-uranium-sector-080908554.html?.tsrc=rss,"Oklo (OKLO) is back in focus after sector wide uranium weakness and renewed US Iran nuclear talks pulled nuclear energy stocks lower, even as the company continues to report federal support and a large agreement with Meta Platforms. See our latest analysis for Oklo. At a latest share price of US$62.14, Oklo has given investors a very volatile ride, with a 1 day share price return of 8.93% decline, a 30 day share price return of 35% decline and a 3 year total shareholder return above 7x that...",META,yahoo_rss,b57d413c-f4c7-379b-aedf-c7a07e732950,2026-02-06T10:04:28Z
500,25ad6d30f4fac40cde3709cbfba437facc0f9ad92ae8a11bde4f9ac6d8fba4be,"Evergreen Capital Management LLC Acquires 33,594 Shares of NVIDIA Corporation $NVDA - MarketBeat",MarketBeat,2026-02-06T08:09:08Z,0,https://news.google.com/rss/articles/CBMi2gFBVV95cUxPbG1sSEJURnZ3LXdBaFpPUlcwWmJfWmxvUXdGMURGSlV2TmJ5YjRkX29LNUFhNWRQRWlTdGFvdzdMQXJlNGJBQ0dzZ0ZGaDBBS3VZNXM3N3dvU2JGeWVsZVVDYndPbWJpcmJlbi01QzRhZVo0UGM5UHNwTG9lbTVWeEcxZ2hCZHJOZG9kUmZEU1NYT3FaekpMbDktTi1vWjQyWmdJMGpvRGZhSzg5VHFTSVBzSDVrVzhUallHMG1qOHdlUzFBMmhldHhBNXg5Y2dTN3JlVXNiOExHdw?oc=5,"<a href=""https://news.google.com/rss/articles/CBMi2gFBVV95cUxPbG1sSEJURnZ3LXdBaFpPUlcwWmJfWmxvUXdGMURGSlV2TmJ5YjRkX29LNUFhNWRQRWlTdGFvdzdMQXJlNGJBQ0dzZ0ZGaDBBS3VZNXM3N3dvU2JGeWVsZVVDYndPbWJpcmJlbi01QzRhZVo0UGM5UHNwTG9lbTVWeEcxZ2hCZHJOZG9kUmZEU1NYT3FaekpMbDktTi1vWjQyWmdJMGpvRGZhSzg5VHFTSVBzSDVrVzhUallHMG1qOHdlUzFBMmhldHhBNXg5Y2dTN3JlVXNiOExHdw?oc=5"" target=""_blank"">Evergreen Capital Management LLC Acquires 33,594 Shares of NVIDIA Corporation $NVDA</a>&nbsp;&nbsp;<font color=""#6f6f6f"">MarketBeat</font>",NVDA,google_news_rss,CBMi2gFBVV95cUxPbG1sSEJURnZ3LXdBaFpPUlcwWmJfWmxvUXdGMURGSlV2TmJ5YjRkX29LNUFhNWRQRWlTdGFvdzdMQXJlNGJBQ0dzZ0ZGaDBBS3VZNXM3N3dvU2JGeWVsZVVDYndPbWJpcmJlbi01QzRhZVo0UGM5UHNwTG9lbTVWeEcxZ2hCZHJOZG9kUmZEU1NYT3FaekpMbDktTi1vWjQyWmdJMGpvRGZhSzg5VHFTSVBzSDVrVzhUallHMG1qOHdlUzFBMmhldHhBNXg5Y2dTN3JlVXNiOExHdw,2026-02-06T10:04:28Z
501,8123c8eeb578c269bef0d5cdd9e05285fbbb355b8c05f891fef59b2059bd1339,NVIDIA Corporation $NVDA Stake Boosted by Howland Capital Management LLC - MarketBeat,MarketBeat,2026-02-06T08:09:07Z,0,https://news.google.com/rss/articles/CBMizAFBVV95cUxPMmwxdXhkZFgxQlRXbW5aNTBqQkt6QmNIRnhabER4c2JRV1lBeDFyLVNQdzZ4S3k1dG5zWWgzM08wSTk0bTRBWmZBNGJCR2RpYXNYNnN3WllUeXNuV2RWeUpKWWhCUTNiRmpCYWIyTXR1RkhwdUZxY21QUjBmRFpoVFZXQmttQ2ZfT2M5RVlaWnB3bVRJOWljbkRsRGtkRlF6YURIdk1fcUlOTTRkRnR0cHhyd1VoMFJwTl9vYjJ1bXQ4WExYbG5RaGgyUEU?oc=5,"<a href=""https://news.google.com/rss/articles/CBMizAFBVV95cUxPMmwxdXhkZFgxQlRXbW5aNTBqQkt6QmNIRnhabER4c2JRV1lBeDFyLVNQdzZ4S3k1dG5zWWgzM08wSTk0bTRBWmZBNGJCR2RpYXNYNnN3WllUeXNuV2RWeUpKWWhCUTNiRmpCYWIyTXR1RkhwdUZxY21QUjBmRFpoVFZXQmttQ2ZfT2M5RVlaWnB3bVRJOWljbkRsRGtkRlF6YURIdk1fcUlOTTRkRnR0cHhyd1VoMFJwTl9vYjJ1bXQ4WExYbG5RaGgyUEU?oc=5"" target=""_blank"">NVIDIA Corporation $NVDA Stake Boosted by Howland Capital Management LLC</a>&nbsp;&nbsp;<font color=""#6f6f6f"">MarketBeat</font>",NVDA,google_news_rss,CBMizAFBVV95cUxPMmwxdXhkZFgxQlRXbW5aNTBqQkt6QmNIRnhabER4c2JRV1lBeDFyLVNQdzZ4S3k1dG5zWWgzM08wSTk0bTRBWmZBNGJCR2RpYXNYNnN3WllUeXNuV2RWeUpKWWhCUTNiRmpCYWIyTXR1RkhwdUZxY21QUjBmRFpoVFZXQmttQ2ZfT2M5RVlaWnB3bVRJOWljbkRsRGtkRlF6YURIdk1fcUlOTTRkRnR0cHhyd1VoMFJwTl9vYjJ1bXQ4WExYbG5RaGgyUEU,2026-02-06T10:04:28Z
460,622805c70d3bd84f3e99b1fad780fd4f88a27edda8788c1a40f8e0c73a70a333,Tower Semiconductor (TSEM) Gets 6.4% Boost from Nvidia Deal,yahoo_rss,2026-02-06T08:07:08Z,0,https://finance.yahoo.com/news/tower-semiconductor-tsem-gets-6-080708473.html?.tsrc=rss,We recently published 10 Stocks Withstanding Market Turbulence. Tower Semiconductor Ltd. (NASDAQ:TSEM) was one of the best performers on Thursday. Tower Semiconductor grew its share prices by 6.43 percent on Thursday to close at $129.08 apiece as investors took heart from its partnership with Nvidia Corp. for the development of AI infrastructure with 1.6T data […],NVDA,yahoo_rss,77e6c12c-ba32-3016-af48-285a558c5d65,2026-02-06T10:04:28Z
423,703ba8457c7757e4cde723f94b3d0466e42d95013c2640da638171dd573ce2b1,Amazon (AMZN) Stock; Drops 4% Amid Massive 2026 AI Investment Plans - CoinCentral,CoinCentral,2026-02-06T08:04:33Z,0,https://news.google.com/rss/articles/CBMigwFBVV95cUxQRW1NbzZRa0haTTFMUnBIRkdlc2owdHF4WmwzUkNMVVkwU3o5bmVsaUsxa0tfZTcxRXlWaFMzdnRFVGxZUGJlZDdQeTBUdmF2cWJqQTZsS1pocEJvNXhXb1EzNkJHYTZ4dTZFdXRZV0RZTVAtQ0k1OTQ0LVJXNTN0a28yQQ?oc=5,"<a href=""https://news.google.com/rss/articles/CBMigwFBVV95cUxQRW1NbzZRa0haTTFMUnBIRkdlc2owdHF4WmwzUkNMVVkwU3o5bmVsaUsxa0tfZTcxRXlWaFMzdnRFVGxZUGJlZDdQeTBUdmF2cWJqQTZsS1pocEJvNXhXb1EzNkJHYTZ4dTZFdXRZV0RZTVAtQ0k1OTQ0LVJXNTN0a28yQQ?oc=5"" target=""_blank"">Amazon (AMZN) Stock; Drops 4% Amid Massive 2026 AI Investment Plans</a>&nbsp;&nbsp;<font color=""#6f6f6f"">CoinCentral</font>",AMZN,google_news_rss,CBMigwFBVV95cUxQRW1NbzZRa0haTTFMUnBIRkdlc2owdHF4WmwzUkNMVVkwU3o5bmVsaUsxa0tfZTcxRXlWaFMzdnRFVGxZUGJlZDdQeTBUdmF2cWJqQTZsS1pocEJvNXhXb1EzNkJHYTZ4dTZFdXRZV0RZTVAtQ0k1OTQ0LVJXNTN0a28yQQ,2026-02-06T10:04:28Z
349,3c3099ca83cf8f8496b5db6562ea43e31ca93fd3b004887ab0ad735e670178d8,Amazon’s $200bn AI bet spooks investors as shares tumble 10%,yahoo_rss,2026-02-06T07:45:00Z,0,https://www.proactiveinvestors.com/companies/news/1086941/amazon-s-200bn-ai-bet-spooks-investors-as-shares-tumble-10-1086941.html?.tsrc=rss,"Tech giants pour record sums into artificial intelligence as markets demand clearer returns Amazon.com Inc's (NASDAQ:AMZN) share price plunged more than 10% in after-hours trading on Thursday, erasing $250 billion from its market value, after the company unveiled plans to spend a record $200...",AMZN,yahoo_rss,fde69d35-521a-3358-a727-f9df0665333a,2026-02-06T10:04:28Z
443,1686a18e34fe5e5c918ff1233ca82e65278b3b49669ce53102013922c8476f07,"Amazon (AMZN) Earnings: Will Heavy AI Focus Fuel, Harm Stock? - InteractiveCrypto",InteractiveCrypto,2026-02-06T07:25:08Z,0,https://news.google.com/rss/articles/CBMipwFBVV95cUxPZnlDZVM4bUtHS09lOHNtOUVZYXRobnhOYVJQdlI5QV9EaTRUcFZxMjZEVVU0N0VaTlBUS1NoM1plbm8yb3RmSXR0Xy1lLWdGZzMtYmw1X3JERkpNWVdLLS0xMGJjUlZucG1oZnFyOFdmSWx1SHlZOUtrbWk0WkxtbHZaSnU5Ym1aV0lKWTA2SDc2LWVYd3VnQW5UdG0zeUQ0SGhIeFFYNA?oc=5,"<a href=""https://news.google.com/rss/articles/CBMipwFBVV95cUxPZnlDZVM4bUtHS09lOHNtOUVZYXRobnhOYVJQdlI5QV9EaTRUcFZxMjZEVVU0N0VaTlBUS1NoM1plbm8yb3RmSXR0Xy1lLWdGZzMtYmw1X3JERkpNWVdLLS0xMGJjUlZucG1oZnFyOFdmSWx1SHlZOUtrbWk0WkxtbHZaSnU5Ym1aV0lKWTA2SDc2LWVYd3VnQW5UdG0zeUQ0SGhIeFFYNA?oc=5"" target=""_blank"">Amazon (AMZN) Earnings: Will Heavy AI Focus Fuel, Harm Stock?</a>&nbsp;&nbsp;<font color=""#6f6f6f"">InteractiveCrypto</font>",AMZN,google_news_rss,CBMipwFBVV95cUxPZnlDZVM4bUtHS09lOHNtOUVZYXRobnhOYVJQdlI5QV9EaTRUcFZxMjZEVVU0N0VaTlBUS1NoM1plbm8yb3RmSXR0Xy1lLWdGZzMtYmw1X3JERkpNWVdLLS0xMGJjUlZucG1oZnFyOFdmSWx1SHlZOUtrbWk0WkxtbHZaSnU5Ym1aV0lKWTA2SDc2LWVYd3VnQW5UdG0zeUQ0SGhIeFFYNA,2026-02-06T10:04:28Z
937,3be2b73e708a1d434ed2eb70baddb1e72f95d49102fde3c0a8542d2cab41e0de,Cake Digital Bank pioneers bank-led cross-border receivables with Visa,yahoo_rss,2026-02-06T07:15:00Z,0,https://finance.yahoo.com/news/cake-digital-bank-pioneers-bank-071500230.html?.tsrc=rss,"Cake Digital Bank (Cake) is among the first digital banks in Vietnam to pursue a bank-led approach to cross-border receivables, preparing to roll out a solution in collaboration with Visa as cross-border e-commerce and the digital economy continue to expand across Vietnam and Southeast Asia.",V,yahoo_rss,bdf75316-046c-3d24-9219-cc3afaa3b94f,2026-02-06T10:04:28Z
125,282539f6539ba59ace18d0bf74789a2776a5bdf10091178e9d6d1cd15945a950,Arista Networks (ANET) Is Down 13.1% After AI Data Center Hype Meets Pre-Earnings Reality - What's Changed,yahoo_rss,2026-02-06T07:06:08Z,0,https://finance.yahoo.com/news/arista-networks-anet-down-13-070608095.html?.tsrc=rss,"In early February 2026, Arista Networks drew increased attention as analysts and institutional investors highlighted its debt-free balance sheet, sizable liquidity, and central role supplying AI-focused networking gear to hyperscalers such as Meta and Microsoft ahead of its February 12 earnings release. An interesting angle is how Arista’s shift toward higher-margin software and recurring revenue, alongside its AI data center exposure, is becoming a core pillar of many professional...",MSFT,yahoo_rss,9e8d1bb2-8f88-30a8-89ee-6cde465fd5e8,2026-02-06T10:04:28Z
126,b573d5a750f730e9e991051a2460cdec8d2718fd52881b9bc5105dc9a89980fc,The Software Apocalypse Will Be a Buying Opportunity—Eventually,yahoo_rss,2026-02-06T07:00:00Z,0,https://finance.yahoo.com/m/5a3b302c-e67d-3dcf-89b3-e36e6b2b16c6/the-software-apocalypse-will.html?.tsrc=rss,The tech stock panic stems from a misunderstanding about AI models like Claude ChatGPT. It’s making for some very cheap stocks.,MSFT,yahoo_rss,5a3b302c-e67d-3dcf-89b3-e36e6b2b16c6,2026-02-06T10:04:28Z
405,97859ca049e9fa8ae59ccb194ab4712c123442891eb7e499a35d405c587a8ae3,AMZN Stock Today: February 06 — 10% Drop on $200B 2026 Capex Shock - Meyka,Meyka,2026-02-06T06:57:36Z,0,https://news.google.com/rss/articles/CBMilAFBVV95cUxNbHNPTUNTSmV4VkZRbHJVS2VEbWxCRWNqcWU1d3Ffa0ZLVnJ5NXRaT1Y2WGNqeVBsU1JDaFhaM3A2czJ4QjhJN2gxWFBkNE9BSU1rdUkxYWZodVNjbzNfN3BOZGRrR1hCQmdBUDMyU0FyQzU4VV9ycUlaMnFRUGo1QTVvWENKN3I0c3RuNTU5alhRalBS?oc=5,"<a href=""https://news.google.com/rss/articles/CBMilAFBVV95cUxNbHNPTUNTSmV4VkZRbHJVS2VEbWxCRWNqcWU1d3Ffa0ZLVnJ5NXRaT1Y2WGNqeVBsU1JDaFhaM3A2czJ4QjhJN2gxWFBkNE9BSU1rdUkxYWZodVNjbzNfN3BOZGRrR1hCQmdBUDMyU0FyQzU4VV9ycUlaMnFRUGo1QTVvWENKN3I0c3RuNTU5alhRalBS?oc=5"" target=""_blank"">AMZN Stock Today: February 06 — 10% Drop on $200B 2026 Capex Shock</a>&nbsp;&nbsp;<font color=""#6f6f6f"">Meyka</font>",AMZN,google_news_rss,CBMilAFBVV95cUxNbHNPTUNTSmV4VkZRbHJVS2VEbWxCRWNqcWU1d3Ffa0ZLVnJ5NXRaT1Y2WGNqeVBsU1JDaFhaM3A2czJ4QjhJN2gxWFBkNE9BSU1rdUkxYWZodVNjbzNfN3BOZGRrR1hCQmdBUDMyU0FyQzU4VV9ycUlaMnFRUGo1QTVvWENKN3I0c3RuNTU5alhRalBS,2026-02-06T10:04:28Z
256,f061e7e0f67871d74997dfe332689a925ef9e436f221141774f0176bbc0aa811,"Alphabet Stock Surged 70%, Here’s Why - Trefis",Trefis,2026-02-06T06:56:46Z,0,https://news.google.com/rss/articles/CBMioAFBVV95cUxOS3dMSG9hXzJtVW5YRXNqdzV3VjF3b1pTSTl0dkxLMEtRdmdqa2d6VGJYZkYwZ0VmbExydnBpa0xleHhmcWFDZm9HZnpLbHBkOVZQb1FYMVhhb2pJamptWFhaRG5laTFKdHhVRmNqNjhhLXVJUVJwNlYzRVhYUnV1U1VscjdYNjFxZlpaYjVfMnlLa25qbnhRYmVDOVc5UHJ3?oc=5,"<a href=""https://news.google.com/rss/articles/CBMioAFBVV95cUxOS3dMSG9hXzJtVW5YRXNqdzV3VjF3b1pTSTl0dkxLMEtRdmdqa2d6VGJYZkYwZ0VmbExydnBpa0xleHhmcWFDZm9HZnpLbHBkOVZQb1FYMVhhb2pJamptWFhaRG5laTFKdHhVRmNqNjhhLXVJUVJwNlYzRVhYUnV1U1VscjdYNjFxZlpaYjVfMnlLa25qbnhRYmVDOVc5UHJ3?oc=5"" target=""_blank"">Alphabet Stock Surged 70%, Here’s Why</a>&nbsp;&nbsp;<font color=""#6f6f6f"">Trefis</font>",GOOGL,google_news_rss,CBMioAFBVV95cUxOS3dMSG9hXzJtVW5YRXNqdzV3VjF3b1pTSTl0dkxLMEtRdmdqa2d6VGJYZkYwZ0VmbExydnBpa0xleHhmcWFDZm9HZnpLbHBkOVZQb1FYMVhhb2pJamptWFhaRG5laTFKdHhVRmNqNjhhLXVJUVJwNlYzRVhYUnV1U1VscjdYNjFxZlpaYjVfMnlLa25qbnhRYmVDOVc5UHJ3,2026-02-06T10:04:28Z
375,0ae63186b46917305afd7dfd4744e640e64d7e26d985ddd4d9ec73fead0b0ea6,Why Amazon’s falling share price after strong Q4 earnings could be good news - Yahoo Finance UK,Yahoo Finance UK,2026-02-06T06:50:00Z,0,https://news.google.com/rss/articles/CBMihgFBVV95cUxQZy1FUERkNERsZ3NIQkNFYzNTQXhTNFN3bkQ4eFRQejctYWE0OHhuTUZ0Tmt5Z0NXZE1VY0VFZVhEYUtpRU9hbG95bzR0cFJTOTZMb3o4X2NscWVuQVNmd2lrWTFkVndXRmxCTk1YdlZLdzFubWRkNEU1bGNPTjZ2UWhwT0JiUQ?oc=5,"<a href=""https://news.google.com/rss/articles/CBMihgFBVV95cUxQZy1FUERkNERsZ3NIQkNFYzNTQXhTNFN3bkQ4eFRQejctYWE0OHhuTUZ0Tmt5Z0NXZE1VY0VFZVhEYUtpRU9hbG95bzR0cFJTOTZMb3o4X2NscWVuQVNmd2lrWTFkVndXRmxCTk1YdlZLdzFubWRkNEU1bGNPTjZ2UWhwT0JiUQ?oc=5"" target=""_blank"">Why Amazon’s falling share price after strong Q4 earnings could be good news</a>&nbsp;&nbsp;<font color=""#6f6f6f"">Yahoo Finance UK</font>",AMZN,google_news_rss,CBMihgFBVV95cUxQZy1FUERkNERsZ3NIQkNFYzNTQXhTNFN3bkQ4eFRQejctYWE0OHhuTUZ0Tmt5Z0NXZE1VY0VFZVhEYUtpRU9hbG95bzR0cFJTOTZMb3o4X2NscWVuQVNmd2lrWTFkVndXRmxCTk1YdlZLdzFubWRkNEU1bGNPTjZ2UWhwT0JiUQ,2026-02-06T10:04:28Z
2751,7477264479acd1116305722d718066dce0342034386291e8072f511c1286ef4f,"Amazon, AutoNation And 3 Stocks To Watch Heading Into Friday - Amazon.com (NASDAQ:AMZN) - Benzinga",Benzinga,2026-02-06T06:41:52Z,0,https://news.google.com/rss/articles/CBMitwFBVV95cUxPdkpYWEY3Y3p0UFBuazE3blJ1bDVYaFJDMHhUVnlGMWR5T1FGWS1LYjFsVXRIcy1QT1hvTXVtWFRsRXFOQjVWVzJ6QTYtbkJYY2xDNG9BaXZQRXl2RFZuMFBHb0dlRTJqWldiUjZmc251OUpXNTVMc2RsR3RBRXhiRlpmZm5RdWx2czNxTE1FdjJ2SlA5QzBsVGpHNUU2aGs0NC1meFpwSGx3UVRpLXNsRWIyS1RoUnM?oc=5,"<a href=""https://news.google.com/rss/articles/CBMitwFBVV95cUxPdkpYWEY3Y3p0UFBuazE3blJ1bDVYaFJDMHhUVnlGMWR5T1FGWS1LYjFsVXRIcy1QT1hvTXVtWFRsRXFOQjVWVzJ6QTYtbkJYY2xDNG9BaXZQRXl2RFZuMFBHb0dlRTJqWldiUjZmc251OUpXNTVMc2RsR3RBRXhiRlpmZm5RdWx2czNxTE1FdjJ2SlA5QzBsVGpHNUU2aGs0NC1meFpwSGx3UVRpLXNsRWIyS1RoUnM?oc=5"" target=""_blank"">Amazon, AutoNation And 3 Stocks To Watch Heading Into Friday - Amazon.com (NASDAQ:AMZN)</a>&nbsp;&nbsp;<font color=""#6f6f6f"">Benzinga</font>",AMZN,google_news_rss,CBMitwFBVV95cUxPdkpYWEY3Y3p0UFBuazE3blJ1bDVYaFJDMHhUVnlGMWR5T1FGWS1LYjFsVXRIcy1QT1hvTXVtWFRsRXFOQjVWVzJ6QTYtbkJYY2xDNG9BaXZQRXl2RFZuMFBHb0dlRTJqWldiUjZmc251OUpXNTVMc2RsR3RBRXhiRlpmZm5RdWx2czNxTE1FdjJ2SlA5QzBsVGpHNUU2aGs0NC1meFpwSGx3UVRpLXNsRWIyS1RoUnM,2026-02-06T19:12:42Z
2862,314b98605f22de162fbb564318003491272f2eaf83b47fabe347c43fef53a24c,7 Nvidia (NVDA) Stock Value Predictions in 2026: Could it Rise 60%-70% or More? - Pintu,Pintu,2026-02-06T06:39:55Z,0,https://news.google.com/rss/articles/CBMirAFBVV95cUxNOVNTbkxrRFRxS2xxbmRzZXhOd0ZBSkdueGszYlRsc1FDcW5mT0xxSW9DWUxEMEV2OXowa19jd2o3UG9LZjVBcmtKUVJpT3NyYThmcWg1aG8xNlJwZzgtWHowVTM4dnRlX3FJRWxaWjFlelJlTHhISmVNbERrQ1pvU3pDTUhLUEd2a2dmXzVzeUdiNXFlQzA3OUNIQ0lBNGU5b1BXSVJ6MDhGY3pC0gGyAUFVX3lxTE9jVTVuLXg5TWRsUFc3VmRnTFo5c0FKRjZIUzJfdWZldm54a2dXMmJTV214aG1HaXRfVHVsSEhxNEV0OVpkMUx1TDNLTUtjQTkyYUdiZThrNzhvT1VjeTV4VDAwc2pZejEwU21yWTBKdmppaXBkRWsycHlDVk5JMkRYVlJjMXRhV2lrTXlHQ25OMng1VVZtMWowam9qbGNKOGZrNXlDLV9fNUYybjZiRWdwdGc?oc=5,"<a href=""https://news.google.com/rss/articles/CBMirAFBVV95cUxNOVNTbkxrRFRxS2xxbmRzZXhOd0ZBSkdueGszYlRsc1FDcW5mT0xxSW9DWUxEMEV2OXowa19jd2o3UG9LZjVBcmtKUVJpT3NyYThmcWg1aG8xNlJwZzgtWHowVTM4dnRlX3FJRWxaWjFlelJlTHhISmVNbERrQ1pvU3pDTUhLUEd2a2dmXzVzeUdiNXFlQzA3OUNIQ0lBNGU5b1BXSVJ6MDhGY3pC0gGyAUFVX3lxTE9jVTVuLXg5TWRsUFc3VmRnTFo5c0FKRjZIUzJfdWZldm54a2dXMmJTV214aG1HaXRfVHVsSEhxNEV0OVpkMUx1TDNLTUtjQTkyYUdiZThrNzhvT1VjeTV4VDAwc2pZejEwU21yWTBKdmppaXBkRWsycHlDVk5JMkRYVlJjMXRhV2lrTXlHQ25OMng1VVZtMWowam9qbGNKOGZrNXlDLV9fNUYybjZiRWdwdGc?oc=5"" target=""_blank"">7 Nvidia (NVDA) Stock Value Predictions in 2026: Could it Rise 60%-70% or More?</a>&nbsp;&nbsp;<font color=""#6f6f6f"">Pintu</font>",NVDA,google_news_rss,CBMirAFBVV95cUxNOVNTbkxrRFRxS2xxbmRzZXhOd0ZBSkdueGszYlRsc1FDcW5mT0xxSW9DWUxEMEV2OXowa19jd2o3UG9LZjVBcmtKUVJpT3NyYThmcWg1aG8xNlJwZzgtWHowVTM4dnRlX3FJRWxaWjFlelJlTHhISmVNbERrQ1pvU3pDTUhLUEd2a2dmXzVzeUdiNXFlQzA3OUNIQ0lBNGU5b1BXSVJ6MDhGY3pC0gGyAUFVX3lxTE9jVTVuLXg5TWRsUFc3VmRnTFo5c0FKRjZIUzJfdWZldm54a2dXMmJTV214aG1HaXRfVHVsSEhxNEV0OVpkMUx1TDNLTUtjQTkyYUdiZThrNzhvT1VjeTV4VDAwc2pZejEwU21yWTBKdmppaXBkRWsycHlDVk5JMkRYVlJjMXRhV2lrTXlHQ25OMng1VVZtMWowam9qbGNKOGZrNXlDLV9fNUYybjZiRWdwdGc,2026-02-06T19:12:42Z
368,70047fb1bc128e81bd88718ba030cc761f7f32c7ae1dd98128fe35bfd3a37ed0,Is Amazon Stock (AMZN) a Buy Ahead of Earnings? Wall Street Stays Bullish - TipRanks,TipRanks,2026-02-06T06:26:47Z,0,https://news.google.com/rss/articles/CBMiogFBVV95cUxQQ01WZDJDNXhSTHJqcDBYYUN4S1R1R0tOeERSOS14N1RzV1dzZHVVM1ZkamFnWkp0TFltZzU0MTctSDdZYXR4WHpScGYxcWtlZHpZT2JyM0Y0ZEhBZk1VQ0E5QmFiSVhESEVrRHNKc0h0YlhkNlVpci1fS2xCVHlaZkFLMUdzZWR4RHZhdG1EekNyTDJfZC00SU9rdHduLThNblE?oc=5,"<a href=""https://news.google.com/rss/articles/CBMiogFBVV95cUxQQ01WZDJDNXhSTHJqcDBYYUN4S1R1R0tOeERSOS14N1RzV1dzZHVVM1ZkamFnWkp0TFltZzU0MTctSDdZYXR4WHpScGYxcWtlZHpZT2JyM0Y0ZEhBZk1VQ0E5QmFiSVhESEVrRHNKc0h0YlhkNlVpci1fS2xCVHlaZkFLMUdzZWR4RHZhdG1EekNyTDJfZC00SU9rdHduLThNblE?oc=5"" target=""_blank"">Is Amazon Stock (AMZN) a Buy Ahead of Earnings? Wall Street Stays Bullish</a>&nbsp;&nbsp;<font color=""#6f6f6f"">TipRanks</font>",AMZN,google_news_rss,CBMiogFBVV95cUxQQ01WZDJDNXhSTHJqcDBYYUN4S1R1R0tOeERSOS14N1RzV1dzZHVVM1ZkamFnWkp0TFltZzU0MTctSDdZYXR4WHpScGYxcWtlZHpZT2JyM0Y0ZEhBZk1VQ0E5QmFiSVhESEVrRHNKc0h0YlhkNlVpci1fS2xCVHlaZkFLMUdzZWR4RHZhdG1EekNyTDJfZC00SU9rdHduLThNblE,2026-02-06T10:04:28Z
2655,a6c21d07f88d20ec56dbfe40341583a607288e99bd76d08dc23629fe575bd658,Decoding Alphabet Inc (GOOGL): A Strategic SWOT Insight - GuruFocus,GuruFocus,2026-02-06T06:19:45Z,0,https://news.google.com/rss/articles/CBMilgFBVV95cUxONEhfeG96a2JlcWhWMTV6QlEySzJFMWJROGVrMHdqTzQxb21OMkdJOVRzWmRjTkpPdTRMeUF6WjdWRUJReWdxa1hhTkhTeWpQV1lac29YOUIwRDVJSUhhZjE1cWFKTFpGVmdjbmJtcWNMWER6NUFYVTVaS2lYeVIxMFo4eW9kVzJXMzNESGxIYlBpV1FzZUE?oc=5,"<a href=""https://news.google.com/rss/articles/CBMilgFBVV95cUxONEhfeG96a2JlcWhWMTV6QlEySzJFMWJROGVrMHdqTzQxb21OMkdJOVRzWmRjTkpPdTRMeUF6WjdWRUJReWdxa1hhTkhTeWpQV1lac29YOUIwRDVJSUhhZjE1cWFKTFpGVmdjbmJtcWNMWER6NUFYVTVaS2lYeVIxMFo4eW9kVzJXMzNESGxIYlBpV1FzZUE?oc=5"" target=""_blank"">Decoding Alphabet Inc (GOOGL): A Strategic SWOT Insight</a>&nbsp;&nbsp;<font color=""#6f6f6f"">GuruFocus</font>",GOOGL,google_news_rss,CBMilgFBVV95cUxONEhfeG96a2JlcWhWMTV6QlEySzJFMWJROGVrMHdqTzQxb21OMkdJOVRzWmRjTkpPdTRMeUF6WjdWRUJReWdxa1hhTkhTeWpQV1lac29YOUIwRDVJSUhhZjE1cWFKTFpGVmdjbmJtcWNMWER6NUFYVTVaS2lYeVIxMFo4eW9kVzJXMzNESGxIYlBpV1FzZUE,2026-02-06T19:12:42Z
487,0782e2aa42a97c6479fe462c9ef28eaaeb30c09793eadea936636d313c0b3d2e,Is NVIDIA Stock Built to Withstand More Downside? - Trefis,Trefis,2026-02-06T06:18:19Z,0,https://news.google.com/rss/articles/CBMirwFBVV95cUxQdDV1bEtSMF9wd3ROdFUyQVRYNVNaVFQ3cmtSWlBaTmgxT1Y2Sk9JY29Uc0t6TEJpb1ZyeDNweTVsTEdMSW95NEFhTjRKOWhrVWhVcGxGTXRqclZHTDQzY1ZPdUJXN2xJc2hfRGNVcHZRamZoMldzblE3QzlsN2JfQnJiTEcxVktyTjlMWEE3ZVVPRmpqUWFsVHVMZU1BQ2RwNmtSbm01d1ZqYjdFOUhB?oc=5,"<a href=""https://news.google.com/rss/articles/CBMirwFBVV95cUxQdDV1bEtSMF9wd3ROdFUyQVRYNVNaVFQ3cmtSWlBaTmgxT1Y2Sk9JY29Uc0t6TEJpb1ZyeDNweTVsTEdMSW95NEFhTjRKOWhrVWhVcGxGTXRqclZHTDQzY1ZPdUJXN2xJc2hfRGNVcHZRamZoMldzblE3QzlsN2JfQnJiTEcxVktyTjlMWEE3ZVVPRmpqUWFsVHVMZU1BQ2RwNmtSbm01d1ZqYjdFOUhB?oc=5"" target=""_blank"">Is NVIDIA Stock Built to Withstand More Downside?</a>&nbsp;&nbsp;<font color=""#6f6f6f"">Trefis</font>",NVDA,google_news_rss,CBMirwFBVV95cUxQdDV1bEtSMF9wd3ROdFUyQVRYNVNaVFQ3cmtSWlBaTmgxT1Y2Sk9JY29Uc0t6TEJpb1ZyeDNweTVsTEdMSW95NEFhTjRKOWhrVWhVcGxGTXRqclZHTDQzY1ZPdUJXN2xJc2hfRGNVcHZRamZoMldzblE3QzlsN2JfQnJiTEcxVktyTjlMWEE3ZVVPRmpqUWFsVHVMZU1BQ2RwNmtSbm01d1ZqYjdFOUhB,2026-02-06T10:04:28Z
492,f651016aa56e8b804702327834e6782e00ab1b16cc2a4a725f974886a7fe21fe,How Does NVIDIA Stock Compare With Peers? - Trefis,Trefis,2026-02-06T06:18:07Z,0,https://news.google.com/rss/articles/CBMisAFBVV95cUxQZjJIcFdsR2l3b2FiT1ZUMGU4QkxYM1hIVXJTNmVKZ0d3d3N0enZacW8wclBoUGRFeS1HUzlBZXBlUHNJZFhxSUZuVjRvV2VhNHFscGdITXpDdXFsUTUyUXpDVGNmYVNvdUxCcG44aTYxbTJjV01ONkNMeWhvdlg0VGVnVEhGbUNwUXJYUG9KWnRId29JT0tkaEo2WmZrOG0xWkdHZWItRmhNWjBCdHhZMg?oc=5,"<a href=""https://news.google.com/rss/articles/CBMisAFBVV95cUxQZjJIcFdsR2l3b2FiT1ZUMGU4QkxYM1hIVXJTNmVKZ0d3d3N0enZacW8wclBoUGRFeS1HUzlBZXBlUHNJZFhxSUZuVjRvV2VhNHFscGdITXpDdXFsUTUyUXpDVGNmYVNvdUxCcG44aTYxbTJjV01ONkNMeWhvdlg0VGVnVEhGbUNwUXJYUG9KWnRId29JT0tkaEo2WmZrOG0xWkdHZWItRmhNWjBCdHhZMg?oc=5"" target=""_blank"">How Does NVIDIA Stock Compare With Peers?</a>&nbsp;&nbsp;<font color=""#6f6f6f"">Trefis</font>",NVDA,google_news_rss,CBMisAFBVV95cUxQZjJIcFdsR2l3b2FiT1ZUMGU4QkxYM1hIVXJTNmVKZ0d3d3N0enZacW8wclBoUGRFeS1HUzlBZXBlUHNJZFhxSUZuVjRvV2VhNHFscGdITXpDdXFsUTUyUXpDVGNmYVNvdUxCcG44aTYxbTJjV01ONkNMeWhvdlg0VGVnVEhGbUNwUXJYUG9KWnRId29JT0tkaEo2WmZrOG0xWkdHZWItRmhNWjBCdHhZMg,2026-02-06T10:04:28Z
240,77c03595aaf8d90e0d114ba828570451912c68b83757df7d17f8e40e21fd6442,Dow Jones Futures Off Lows As Bitcoin Bounces; Amazon Tumbles On This,yahoo_rss,2026-02-06T06:08:28Z,0,https://finance.yahoo.com/m/3cceb1e3-5945-374a-b030-90cd21da5783/dow-jones-futures-off-lows-as.html?.tsrc=rss,Futures pared losses while bitcoin bounced slightly as Amazon fell on huge capital spending after the stock market broke key levels.,GOOGL,yahoo_rss,3cceb1e3-5945-374a-b030-90cd21da5783,2026-02-06T10:04:28Z
2,c336944e8a5f9edc3c6319a2ad1d977ead812a37e9a5c5ee8bf94ae75a2e67d5,How the 'five-minute face' made Sculpted by Aimee millions,yahoo_rss,2026-02-06T06:00:52Z,0,https://uk.finance.yahoo.com/news/make-up-sculpted-by-aimee-060052114.html?.tsrc=rss,How Irish make-up brand Sculpted by Aimee has grown from being self-funded to selling millions over a decade.,AAPL,yahoo_rss,cd60928c-3751-4de0-921e-188a7032f41c,2026-02-06T10:04:28Z
818,e3d235dd30e3595030bebb35dc5129aa89eb62b1c1dc3e9a2df731c6e7e8b3bb,Most popular stocks and funds investors bought in January,yahoo_rss,2026-02-06T06:00:29Z,0,https://uk.finance.yahoo.com/news/most-popular-stocks-funds-investing-january-2026-060029084.html?.tsrc=rss,"January proved to be a volatile start to the year, as heightened geopolitical tensions rattled stock markets and drove investors to gold.",JPM,yahoo_rss,f293a91e-6d53-48f2-abfc-98f9aceb7bcf,2026-02-06T10:04:28Z
3,a5cf7d28ca0d8aaffea226eccecb9bc96d55f91139fb39923fe52f5b83874d5b,'Everybody talks about Eddie the Eagle – our snow sports narrative must change in Britain',yahoo_rss,2026-02-06T06:00:28Z,0,https://uk.finance.yahoo.com/news/gb-snowsport-winter-olympics-ceo-eddie-the-eagle-060028259.html?.tsrc=rss,GB Snowsport CEO Vicky Gosling charts the rise of Britain's Winter Olympics Alpine snow team against a backdrop of funding cuts.,AAPL,yahoo_rss,5b21a11c-f794-42b9-9165-ef236e6fb8f1,2026-02-06T10:04:28Z
461,e727dbeb5cce6b71271b06de014806bfc49238c286cd3314b8d3c030dd0287fe,"The Robot Revolution Is Real. Tesla, Hyundai, and More Stocks to Play It.",yahoo_rss,2026-02-06T06:00:00Z,0,https://finance.yahoo.com/m/2f4b559e-b426-3efd-911e-0deb2a756756/the-robot-revolution-is-real..html?.tsrc=rss,"Once the domain of science fiction, autonomous robots—think C-3PO from Star Wars or Baymax from Big Hero 6—are getting closer by the year.  At 2025’s CES electronics conference, there were a handful of humanoids, none of which seemed to catch the world’s attention.  At January’s conference, robots, including Boston Dynamics’ Atlas, a 6-foot-2-inch automaton weighing in at just under 200 pounds with a digital smiley face, were the stars.",NVDA,yahoo_rss,2f4b559e-b426-3efd-911e-0deb2a756756,2026-02-06T10:04:28Z
241,f694a4321fdbbb12706c58f1b26e73e89e2235c285a8f91e8b2ccd2699bffd34,Amazon shares tank on investor jitters over AI spending,yahoo_rss,2026-02-06T05:53:00Z,0,https://finance.yahoo.com/video/amazon-shares-tank-investor-jitters-055300467.html?.tsrc=rss,"<p>STORY: Amazon shares plunged in after-hours trade Thursday, falling around 11%.</p><p>The tumble came after it projected a surge of more than 50% in capital expenditures this year.</p><p>The e-commerce giant plans to pump $200 billion into its AI efforts in 2026, joining other tech giants in a spending spree to build out artificial-intelligence infrastructure.</p><p>That has some investors worried about returns on the investment. </p><p>Amazon Web Services' revenue grew to $35.6 billion in the December quarter.</p><p>While that marked a rise of 24%, the pace of increase was slower than rivals like Google and the figure was overshadowed by the company's capital spending surge.</p><p>Speaking to analysts, Chief Executive Andy Jassy said it was easier for smaller competitors to post stellar growth rates. </p><p>But the numbers will concern investors, with AWS accounting for over 60% of the firm's operating profits. </p><p>The results are the latest sign that Big Tech will not be halting AI investments any time soon. </p><p>The top four so-called 'hyperscalers' - Amazon, Microsoft, Google and Meta - are expected to collectively spend more than $630 billion this year.</p><p>One analyst told Reuters that ""Amazon has to invest at these levels just to stay in the race.""</p><p>But this week's earnings suggest Wall Street has a message for tech titans: keep spending if you like, but we want to see signs that returns are coming. </p>",GOOGL,yahoo_rss,7b9195a2-cd42-3607-9f83-0e2222a6925c,2026-02-06T10:04:28Z
721,a651884aadece7e407d8e334a17312c46e7f4a5057e0628c2d98dca289cfaccf,TSLA Stock Is Down Over 11% In 2026 So Far: Gary Black Suggests Elon Musk Should Do This To Reverse The Slide - Benzinga,Benzinga,2026-02-06T05:42:29Z,0,https://news.google.com/rss/articles/CBMi8gFBVV95cUxPc1d4TnI1WXVKbmVnV1NaZzRtdWoyQTRkLVUwWUI2MUVwVFMxcXJKUll4ajNQblh1dFVITDFrQVhjcHZqVUN4cjliS1VGQ1BaSGlkZ0dWNHJxS2YxN1VOMVpOMENQMkVYRzVHTWd0dDBONDlOQ0dNcXhoOTBwMDNubEROTE9yaGlNXzdxMUNHTWcyNWlObGwzQnluVGE3R3I4eVVaVTdhWlJBVXVrcHNnV0xmeE1Fa01ETmJ3NjFwSmZ2VUtHNklYRC13WE1meGRNWmpoa0tTSkQ4VHM5STJYQ0NVaGMyTmRQLW1pN1NRZzdRUQ?oc=5,"<a href=""https://news.google.com/rss/articles/CBMi8gFBVV95cUxPc1d4TnI1WXVKbmVnV1NaZzRtdWoyQTRkLVUwWUI2MUVwVFMxcXJKUll4ajNQblh1dFVITDFrQVhjcHZqVUN4cjliS1VGQ1BaSGlkZ0dWNHJxS2YxN1VOMVpOMENQMkVYRzVHTWd0dDBONDlOQ0dNcXhoOTBwMDNubEROTE9yaGlNXzdxMUNHTWcyNWlObGwzQnluVGE3R3I4eVVaVTdhWlJBVXVrcHNnV0xmeE1Fa01ETmJ3NjFwSmZ2VUtHNklYRC13WE1meGRNWmpoa0tTSkQ4VHM5STJYQ0NVaGMyTmRQLW1pN1NRZzdRUQ?oc=5"" target=""_blank"">TSLA Stock Is Down Over 11% In 2026 So Far: Gary Black Suggests Elon Musk Should Do This To Reverse The Slide</a>&nbsp;&nbsp;<font color=""#6f6f6f"">Benzinga</font>",TSLA,google_news_rss,CBMi8gFBVV95cUxPc1d4TnI1WXVKbmVnV1NaZzRtdWoyQTRkLVUwWUI2MUVwVFMxcXJKUll4ajNQblh1dFVITDFrQVhjcHZqVUN4cjliS1VGQ1BaSGlkZ0dWNHJxS2YxN1VOMVpOMENQMkVYRzVHTWd0dDBONDlOQ0dNcXhoOTBwMDNubEROTE9yaGlNXzdxMUNHTWcyNWlObGwzQnluVGE3R3I4eVVaVTdhWlJBVXVrcHNnV0xmeE1Fa01ETmJ3NjFwSmZ2VUtHNklYRC13WE1meGRNWmpoa0tTSkQ4VHM5STJYQ0NVaGMyTmRQLW1pN1NRZzdRUQ,2026-02-06T10:04:28Z
462,8c9e4085b0b4936da2653e1c2415be157e8d44c7bfba61de096b8870a1d3a2fd,"UBS Maintains Buy Rating On Uber (UBER) Citing Near-Term Margin Concerns, Gross Bookings Forecasts",yahoo_rss,2026-02-06T05:39:44Z,0,https://finance.yahoo.com/news/ubs-maintains-buy-rating-uber-121844568.html?.tsrc=rss,"Uber Technologies Inc. (NYSE:UBER) is one of the stocks that should double by 2030. On February 2, UBS lowered the firm’s price target on Uber to $111 from $122 while maintaining a Buy rating. Earlier on January 30, Bank of America Securities lowered Uber’s price target to $93 from $96 while maintaining a Buy rating. […]",NVDA,yahoo_rss,9fe3733a-fe08-383e-8257-642667b067cd,2026-02-06T10:04:28Z
699,aef43bf7f6db4422ea17afe3afc9bf6060b2b6d93bd3f30272ea6cf0d78f5334,Elon Musk Makes a Bold Claim for Tesla in 2026. It Could Make the Stock a Scorching-Hot Buy.,yahoo_rss,2026-02-06T05:35:00Z,0,https://www.fool.com/investing/2026/02/06/elon-musk-makes-a-bold-claim-for-tesla-in-2026-it/?.tsrc=rss,Musk is expecting a lot of growth in Tesla's robotaxi business this year.,TSLA,yahoo_rss,ac771f9e-2e97-3819-b780-25386879930c,2026-02-06T10:04:28Z
2760,59dee01fe89b4de3d9ce6fa3d20d180ffb7a040538ade23a5593ee343ba89d14,AMZN Stock Down 8% after Earnings — What Spooked Investors - TipRanks,TipRanks,2026-02-06T05:17:03Z,0,https://news.google.com/rss/articles/CBMikgFBVV95cUxOZThYdEVlNUxUNFZHWnpoV2lNLTgtdDFXemJWVTYzQ3RUVkx5dkN3NkdKa2puYk9qMDdyNkJwOHhYY3ppU1NoemMzbTF2Sl9sMmVXX29XV3ZfTkNBYjhSWERuNUFYTUxpNFBEZ2lCVmNWSU1SbnA5ZkZFVUwyX1BuUTlnTTY0dklZVkR4Y0tEYVhKZw?oc=5,"<a href=""https://news.google.com/rss/articles/CBMikgFBVV95cUxOZThYdEVlNUxUNFZHWnpoV2lNLTgtdDFXemJWVTYzQ3RUVkx5dkN3NkdKa2puYk9qMDdyNkJwOHhYY3ppU1NoemMzbTF2Sl9sMmVXX29XV3ZfTkNBYjhSWERuNUFYTUxpNFBEZ2lCVmNWSU1SbnA5ZkZFVUwyX1BuUTlnTTY0dklZVkR4Y0tEYVhKZw?oc=5"" target=""_blank"">AMZN Stock Down 8% after Earnings — What Spooked Investors</a>&nbsp;&nbsp;<font color=""#6f6f6f"">TipRanks</font>",AMZN,google_news_rss,CBMikgFBVV95cUxOZThYdEVlNUxUNFZHWnpoV2lNLTgtdDFXemJWVTYzQ3RUVkx5dkN3NkdKa2puYk9qMDdyNkJwOHhYY3ppU1NoemMzbTF2Sl9sMmVXX29XV3ZfTkNBYjhSWERuNUFYTUxpNFBEZ2lCVmNWSU1SbnA5ZkZFVUwyX1BuUTlnTTY0dklZVkR4Y0tEYVhKZw,2026-02-06T19:12:42Z
400,ca985785f55b289709018e7e555b0fda69c19fa39e141cb1d89fd5b096bec0e5,AMZN Stock Slides 11% after Earnings — What Spooked Investors - TipRanks,TipRanks,2026-02-06T05:17:03Z,0,https://news.google.com/rss/articles/CBMikgFBVV95cUxOZThYdEVlNUxUNFZHWnpoV2lNLTgtdDFXemJWVTYzQ3RUVkx5dkN3NkdKa2puYk9qMDdyNkJwOHhYY3ppU1NoemMzbTF2Sl9sMmVXX29XV3ZfTkNBYjhSWERuNUFYTUxpNFBEZ2lCVmNWSU1SbnA5ZkZFVUwyX1BuUTlnTTY0dklZVkR4Y0tEYVhKZw?oc=5,"<a href=""https://news.google.com/rss/articles/CBMikgFBVV95cUxOZThYdEVlNUxUNFZHWnpoV2lNLTgtdDFXemJWVTYzQ3RUVkx5dkN3NkdKa2puYk9qMDdyNkJwOHhYY3ppU1NoemMzbTF2Sl9sMmVXX29XV3ZfTkNBYjhSWERuNUFYTUxpNFBEZ2lCVmNWSU1SbnA5ZkZFVUwyX1BuUTlnTTY0dklZVkR4Y0tEYVhKZw?oc=5"" target=""_blank"">AMZN Stock Slides 11% after Earnings — What Spooked Investors</a>&nbsp;&nbsp;<font color=""#6f6f6f"">TipRanks</font>",AMZN,google_news_rss,CBMikgFBVV95cUxOZThYdEVlNUxUNFZHWnpoV2lNLTgtdDFXemJWVTYzQ3RUVkx5dkN3NkdKa2puYk9qMDdyNkJwOHhYY3ppU1NoemMzbTF2Sl9sMmVXX29XV3ZfTkNBYjhSWERuNUFYTUxpNFBEZ2lCVmNWSU1SbnA5ZkZFVUwyX1BuUTlnTTY0dklZVkR4Y0tEYVhKZw,2026-02-06T10:04:28Z
352,f108a89747c085ea5a4687126d40c595040b396a832958287c234e4152171a98,BARK Inc (BARK) Q3 2026 Earnings Call Highlights: Navigating Challenges with Strategic Adjustments,yahoo_rss,2026-02-06T05:04:18Z,0,https://finance.yahoo.com/news/bark-inc-bark-q3-2026-050418410.html?.tsrc=rss,BARK Inc (BARK) focuses on profitability and operational efficiency amid revenue shortfall and marketing spend reduction.,AMZN,yahoo_rss,28d06083-3052-3c3d-bbfc-88696928a3ee,2026-02-06T10:04:28Z
353,4b72ad5acb8987a9b15dbac10fcfe4cd3a3d55033b2b3c58de8bfa53effd27ff,Coty Inc (COTY) Q2 2026 Earnings Call Highlights: Strategic Shifts Amid Market Challenges,yahoo_rss,2026-02-06T05:04:02Z,0,https://finance.yahoo.com/news/coty-inc-coty-q2-2026-050402593.html?.tsrc=rss,Coty Inc (COTY) focuses on innovation and AI integration to drive growth despite facing market pressures and inconsistent US performance.,AMZN,yahoo_rss,c867fd16-2a34-3559-9208-a3c45804d94f,2026-02-06T10:04:28Z
354,1e73749e79ae6fb5f7fc5cc10db9e06483a77dbd8780219a312f59ed232e977e,Amazon.com Inc (AMZN) Q4 2025 Earnings Call Highlights: Strong Revenue Growth and AI Expansion,yahoo_rss,2026-02-06T05:03:41Z,0,https://finance.yahoo.com/news/amazon-com-inc-amzn-q4-050341458.html?.tsrc=rss,"Amazon.com Inc (AMZN) reports a 12% revenue increase and accelerated AWS growth, while navigating special charges and capital expenditure demands.",AMZN,yahoo_rss,a88b144b-78fe-3045-bf38-6110d04930e1,2026-02-06T10:04:28Z
700,6ac060120ee2e64f73b5af4352c47595e787ba3c5e144f202cd7481e60c8ddb1,BYD’s $60 Billion Wipeout Points to Deeper Turmoil for China EVs,yahoo_rss,2026-02-06T04:59:21Z,0,https://finance.yahoo.com/news/byd-60-billion-wipeout-points-045921915.html?.tsrc=rss,"BYD’s Hong Kong-listed shares are down this week after disappointing sales data, extending a selloff that has shaved off more than $60 billion in market value since May. The slump reverberated across EV peers, compounding woes for a stock market also grappling with fresh concerns over taxes and business disruption from artificial intelligence.  Adding to the strain, soaring costs for battery materials and memory chips are likely to squeeze automakers’ margins even further.",TSLA,yahoo_rss,699105e4-5bff-3253-b220-8227d128877b,2026-02-06T10:04:28Z
408,f32bb931534b4cd275d700c9a9fc7ec18345bfbbaee3d69a31f208bce14eaaf1,AMZN Stock Today: February 6 — 10% Slide on $200B 2026 Capex Guide - Meyka,Meyka,2026-02-06T04:36:11Z,0,https://news.google.com/rss/articles/CBMilAFBVV95cUxQa2FSS0wxN2l1R3dIV3VGQUxmS01YcUhTRFdRcjdZcEgwaE0tRDlfc3ZRUFpCQk9wai1DMU56ZUNxYWdRM0JRNExuWWtGZEdOanlrVDJqV3FxQ0lFeDN5MzJhc3E5S3ZtV0hqX0VsVzNySFhtVXpVRm9faTlsX2x2WmctalpqYjBRUkFQOWJiQ3JaSXot?oc=5,"<a href=""https://news.google.com/rss/articles/CBMilAFBVV95cUxQa2FSS0wxN2l1R3dIV3VGQUxmS01YcUhTRFdRcjdZcEgwaE0tRDlfc3ZRUFpCQk9wai1DMU56ZUNxYWdRM0JRNExuWWtGZEdOanlrVDJqV3FxQ0lFeDN5MzJhc3E5S3ZtV0hqX0VsVzNySFhtVXpVRm9faTlsX2x2WmctalpqYjBRUkFQOWJiQ3JaSXot?oc=5"" target=""_blank"">AMZN Stock Today: February 6 — 10% Slide on $200B 2026 Capex Guide</a>&nbsp;&nbsp;<font color=""#6f6f6f"">Meyka</font>",AMZN,google_news_rss,CBMilAFBVV95cUxQa2FSS0wxN2l1R3dIV3VGQUxmS01YcUhTRFdRcjdZcEgwaE0tRDlfc3ZRUFpCQk9wai1DMU56ZUNxYWdRM0JRNExuWWtGZEdOanlrVDJqV3FxQ0lFeDN5MzJhc3E5S3ZtV0hqX0VsVzNySFhtVXpVRm9faTlsX2x2WmctalpqYjBRUkFQOWJiQ3JaSXot,2026-02-06T10:04:28Z
4,6c88c412380748854c1d42a6437f28fcf78ede147c28afc2e8f4d8d74920df38,Walmart’s $1T valuation: A bet on high-income shoppers,yahoo_rss,2026-02-06T04:33:00Z,0,https://www.thestreet.com/latest-news/walmarts-1t-valuation-a-bet-on-high-income-shoppers?.tsrc=rss,"For years, the trillion-dollar club was an exclusive playground for tech giants, with their big spends and even bigger revenues. So when a healthcare company like Eli Lilly crossed that threshold and became the first in its sector to reach those numbers, it raised questions. And the answers ...",AAPL,yahoo_rss,78949b54-045f-3ee3-ae64-94b4e0591ef4,2026-02-06T10:04:28Z
320,2b5b486e1fb66525fef9b63d69ba9cf473f615e63732ff961a29410a22f6b352,Alphabet Just Delivered Great News for Nvidia Stock Investors - The Globe and Mail,The Globe and Mail,2026-02-06T04:06:57Z,0,https://news.google.com/rss/articles/CBMi3gFBVV95cUxPUXE0ZDM2YkJDb2F6N2Y4ZldOOEJFNE1YQTlKV0EwVkd6ODVmODd3bkxPckhBX3pHdkRUQXAxUVFNVk5iUVJFTUZnRWZDV2JxY3FfbGhZdXJNZy1fSDdGTVEwOTlReXl1Q0o3TUtWSVZXamhLX1RzTFBRVmFDd0oyazNsVUVLWmU2cWdrVTdudXZNb1pRamwzMVJyOHA2dkZxS2NZOU1PdTBfa1lRS2p6ak9wak10N2lmdWtUbjA0S1RIalY4RC1LOG9JeUxlN082VjV3YWQ0MDJVNm5naVE?oc=5,"<a href=""https://news.google.com/rss/articles/CBMi3gFBVV95cUxPUXE0ZDM2YkJDb2F6N2Y4ZldOOEJFNE1YQTlKV0EwVkd6ODVmODd3bkxPckhBX3pHdkRUQXAxUVFNVk5iUVJFTUZnRWZDV2JxY3FfbGhZdXJNZy1fSDdGTVEwOTlReXl1Q0o3TUtWSVZXamhLX1RzTFBRVmFDd0oyazNsVUVLWmU2cWdrVTdudXZNb1pRamwzMVJyOHA2dkZxS2NZOU1PdTBfa1lRS2p6ak9wak10N2lmdWtUbjA0S1RIalY4RC1LOG9JeUxlN082VjV3YWQ0MDJVNm5naVE?oc=5"" target=""_blank"">Alphabet Just Delivered Great News for Nvidia Stock Investors</a>&nbsp;&nbsp;<font color=""#6f6f6f"">The Globe and Mail</font>",GOOGL,google_news_rss,CBMi3gFBVV95cUxPUXE0ZDM2YkJDb2F6N2Y4ZldOOEJFNE1YQTlKV0EwVkd6ODVmODd3bkxPckhBX3pHdkRUQXAxUVFNVk5iUVJFTUZnRWZDV2JxY3FfbGhZdXJNZy1fSDdGTVEwOTlReXl1Q0o3TUtWSVZXamhLX1RzTFBRVmFDd0oyazNsVUVLWmU2cWdrVTdudXZNb1pRamwzMVJyOHA2dkZxS2NZOU1PdTBfa1lRS2p6ak9wak10N2lmdWtUbjA0S1RIalY4RC1LOG9JeUxlN082VjV3YWQ0MDJVNm5naVE,2026-02-06T10:04:28Z
2842,f32e49471863d7bbef30f0c4109df8bdd8a25424e7b24e0c732d7652986f0169,Alphabet Just Delivered Great News for Nvidia Stock Investors - Yahoo Finance,Yahoo Finance,2026-02-06T03:50:00Z,0,https://news.google.com/rss/articles/CBMihwFBVV95cUxQc2htN3BwZ25nNThhWlRzSGNLN1YwdXplRENhQ2NvR1VKTHRxUjFoWmlkRFltR2ZzVUx5X2NNTlkzSTlPQ2lwWVRMUmc0b0lOWjV0M0lNSkg5d0NSS0NndU1jUC1ZTmlsbjF5NE1DYmgzTmExRjViVE5pRzRWdUdILW9YNEg2TzQ?oc=5,"<a href=""https://news.google.com/rss/articles/CBMihwFBVV95cUxQc2htN3BwZ25nNThhWlRzSGNLN1YwdXplRENhQ2NvR1VKTHRxUjFoWmlkRFltR2ZzVUx5X2NNTlkzSTlPQ2lwWVRMUmc0b0lOWjV0M0lNSkg5d0NSS0NndU1jUC1ZTmlsbjF5NE1DYmgzTmExRjViVE5pRzRWdUdILW9YNEg2TzQ?oc=5"" target=""_blank"">Alphabet Just Delivered Great News for Nvidia Stock Investors</a>&nbsp;&nbsp;<font color=""#6f6f6f"">Yahoo Finance</font>",NVDA,google_news_rss,CBMihwFBVV95cUxQc2htN3BwZ25nNThhWlRzSGNLN1YwdXplRENhQ2NvR1VKTHRxUjFoWmlkRFltR2ZzVUx5X2NNTlkzSTlPQ2lwWVRMUmc0b0lOWjV0M0lNSkg5d0NSS0NndU1jUC1ZTmlsbjF5NE1DYmgzTmExRjViVE5pRzRWdUdILW9YNEg2TzQ,2026-02-06T19:12:42Z
243,83f8576aee6171bd772782653e9defa70c05c22d49e91376becbd772d5b83833,Alphabet Just Delivered Great News for Nvidia Stock Investors,yahoo_rss,2026-02-06T03:50:00Z,0,https://www.fool.com/investing/2026/02/05/alphabet-just-delivered-great-news-for-nvidia-stoc/?.tsrc=rss,Alphabet is doubling its capex spend to $175 billion-$185 billion this year.,GOOGL,yahoo_rss,f648cc23-1094-3dc6-b7ca-b47912f730e4,2026-02-06T10:04:28Z
403,a6be3022f0f8944e8789337120ae38291d0ead389db124c465c3c0a3aeef96e6,Amazon Inc. (AMZN) Stock Analysis After Earnings Report - The Globe and Mail,The Globe and Mail,2026-02-06T03:42:50Z,0,https://news.google.com/rss/articles/CBMi0AFBVV95cUxPN0xxaVV4OW5XdTV4T0EyRm1JWFQ3Y18xNUt4X2FuUjR6R04yTzdEejI0bDZ5dEdvZW5WSi13TmtEZ0RlcV9KSWNRVEtNbEN2YjRlUlRkaE8xbzQ0dmlwVUZLQWhYSnVNQnFGZjMwajNOY29IMFBTZko3Q1NEaXVnaDhuQmFLQ3h6WUthb3c4RUhHLXJoVXZMTGh4VHhvalZLQW5WTmRialFLYnVSaUlkbzgxcDZqeDBLZnhNTlBXU2JJU1RlRVJlelBqZy0xOXhv?oc=5,"<a href=""https://news.google.com/rss/articles/CBMi0AFBVV95cUxPN0xxaVV4OW5XdTV4T0EyRm1JWFQ3Y18xNUt4X2FuUjR6R04yTzdEejI0bDZ5dEdvZW5WSi13TmtEZ0RlcV9KSWNRVEtNbEN2YjRlUlRkaE8xbzQ0dmlwVUZLQWhYSnVNQnFGZjMwajNOY29IMFBTZko3Q1NEaXVnaDhuQmFLQ3h6WUthb3c4RUhHLXJoVXZMTGh4VHhvalZLQW5WTmRialFLYnVSaUlkbzgxcDZqeDBLZnhNTlBXU2JJU1RlRVJlelBqZy0xOXhv?oc=5"" target=""_blank"">Amazon Inc. (AMZN) Stock Analysis After Earnings Report</a>&nbsp;&nbsp;<font color=""#6f6f6f"">The Globe and Mail</font>",AMZN,google_news_rss,CBMi0AFBVV95cUxPN0xxaVV4OW5XdTV4T0EyRm1JWFQ3Y18xNUt4X2FuUjR6R04yTzdEejI0bDZ5dEdvZW5WSi13TmtEZ0RlcV9KSWNRVEtNbEN2YjRlUlRkaE8xbzQ0dmlwVUZLQWhYSnVNQnFGZjMwajNOY29IMFBTZko3Q1NEaXVnaDhuQmFLQ3h6WUthb3c4RUhHLXJoVXZMTGh4VHhvalZLQW5WTmRialFLYnVSaUlkbzgxcDZqeDBLZnhNTlBXU2JJU1RlRVJlelBqZy0xOXhv,2026-02-06T10:04:28Z
160,5f6ed76bfe469c0d87ac4236d03fd237f527080d9c057be6b9d324b6f0b4447c,"Down 28% From Its Highs, Is Microsoft Stock a Buy? - The Globe and Mail",The Globe and Mail,2026-02-06T03:40:26Z,0,https://news.google.com/rss/articles/CBMizAFBVV95cUxObHY0ZjFkMWhPUXFJTUpUNWRlbTlNZDJ1ZGgwVHRIQnluWFFWUFkzY0R5bVhUNmZlZFRfZ3hQa1RMVHhGa1JtU0IzUW1zX3dhZU9PelZ0SUlhV21fNGtsZHRFN0RLRjRScDlfS1dLb1dKUVVOaWNmNFA5N3RrMUxvWlpXUm1LRUJXaEttSFVva0VLSDlKY2xFdkV6emoyVjBuNFhXNzVUQjJyTzNPQnd4SGxBaDlSVzdpcXBPRnlQbk5LZnVzN2hjR1NYYmM?oc=5,"<a href=""https://news.google.com/rss/articles/CBMizAFBVV95cUxObHY0ZjFkMWhPUXFJTUpUNWRlbTlNZDJ1ZGgwVHRIQnluWFFWUFkzY0R5bVhUNmZlZFRfZ3hQa1RMVHhGa1JtU0IzUW1zX3dhZU9PelZ0SUlhV21fNGtsZHRFN0RLRjRScDlfS1dLb1dKUVVOaWNmNFA5N3RrMUxvWlpXUm1LRUJXaEttSFVva0VLSDlKY2xFdkV6emoyVjBuNFhXNzVUQjJyTzNPQnd4SGxBaDlSVzdpcXBPRnlQbk5LZnVzN2hjR1NYYmM?oc=5"" target=""_blank"">Down 28% From Its Highs, Is Microsoft Stock a Buy?</a>&nbsp;&nbsp;<font color=""#6f6f6f"">The Globe and Mail</font>",MSFT,google_news_rss,CBMizAFBVV95cUxObHY0ZjFkMWhPUXFJTUpUNWRlbTlNZDJ1ZGgwVHRIQnluWFFWUFkzY0R5bVhUNmZlZFRfZ3hQa1RMVHhGa1JtU0IzUW1zX3dhZU9PelZ0SUlhV21fNGtsZHRFN0RLRjRScDlfS1dLb1dKUVVOaWNmNFA5N3RrMUxvWlpXUm1LRUJXaEttSFVva0VLSDlKY2xFdkV6emoyVjBuNFhXNzVUQjJyTzNPQnd4SGxBaDlSVzdpcXBPRnlQbk5LZnVzN2hjR1NYYmM,2026-02-06T10:04:28Z
329,045cfe4116a960e2a9126818bca299a95ff20f31f38681a412c05bbceded5bd1,"JPM Reiterates Alphabet (GOOGL.US) Overweight Rating, Elevates TP to US$395 - AASTOCKS.com",AASTOCKS.com,2026-02-06T03:34:00Z,0,https://news.google.com/rss/articles/CBMiiwFBVV95cUxQSGVWQS1zNEVzSW5JWXg5bkNFTUVSWHB4alZ5TWNYM09GNW11T2xpTlZFWWZhTTFDRmtHOHB5SVUyRDZMYnl5UWxXaUduMVZEdHY1WHZHdTI3T1M0ZjRaOURyaW5BdmpVbmpuV1EzTmplWlJZeF8tRGdjYm5ocmd3eWtiRDYtRTByZjZV?oc=5,"<a href=""https://news.google.com/rss/articles/CBMiiwFBVV95cUxQSGVWQS1zNEVzSW5JWXg5bkNFTUVSWHB4alZ5TWNYM09GNW11T2xpTlZFWWZhTTFDRmtHOHB5SVUyRDZMYnl5UWxXaUduMVZEdHY1WHZHdTI3T1M0ZjRaOURyaW5BdmpVbmpuV1EzTmplWlJZeF8tRGdjYm5ocmd3eWtiRDYtRTByZjZV?oc=5"" target=""_blank"">JPM Reiterates Alphabet (GOOGL.US) Overweight Rating, Elevates TP to US$395</a>&nbsp;&nbsp;<font color=""#6f6f6f"">AASTOCKS.com</font>",GOOGL,google_news_rss,CBMiiwFBVV95cUxQSGVWQS1zNEVzSW5JWXg5bkNFTUVSWHB4alZ5TWNYM09GNW11T2xpTlZFWWZhTTFDRmtHOHB5SVUyRDZMYnl5UWxXaUduMVZEdHY1WHZHdTI3T1M0ZjRaOURyaW5BdmpVbmpuV1EzTmplWlJZeF8tRGdjYm5ocmd3eWtiRDYtRTByZjZV,2026-02-06T10:04:28Z
274,1e8ba2a7c41eadcf52233ad3b084fb2d29fca49825ed1e6ee68f1136b0c221d8,Alphabet Just Delivered Great News for Nvidia Stock Investors - The Motley Fool,The Motley Fool,2026-02-06T03:30:00Z,0,https://news.google.com/rss/articles/CBMimAFBVV95cUxOVGpvVWp1Z0hnMzhnTVBfMWZZNXc2amU4NVd0Zk5aMHpuNk9ycHYtcW53MExBTWJWa1B6LVFBbzZ6YlQxRWtoNVRNRHZQSjNMc01tYkMxZTFGeW9EYkdGRGE5Q1VjMng1ZEpsc0N0SnhrNFBEaWNoXzluYXlxYi1YWmJiazJaekNOanJrMHpzWkgtNFBVTmJ0Sg?oc=5,"<a href=""https://news.google.com/rss/articles/CBMimAFBVV95cUxOVGpvVWp1Z0hnMzhnTVBfMWZZNXc2amU4NVd0Zk5aMHpuNk9ycHYtcW53MExBTWJWa1B6LVFBbzZ6YlQxRWtoNVRNRHZQSjNMc01tYkMxZTFGeW9EYkdGRGE5Q1VjMng1ZEpsc0N0SnhrNFBEaWNoXzluYXlxYi1YWmJiazJaekNOanJrMHpzWkgtNFBVTmJ0Sg?oc=5"" target=""_blank"">Alphabet Just Delivered Great News for Nvidia Stock Investors</a>&nbsp;&nbsp;<font color=""#6f6f6f"">The Motley Fool</font>",GOOGL,google_news_rss,CBMimAFBVV95cUxOVGpvVWp1Z0hnMzhnTVBfMWZZNXc2amU4NVd0Zk5aMHpuNk9ycHYtcW53MExBTWJWa1B6LVFBbzZ6YlQxRWtoNVRNRHZQSjNMc01tYkMxZTFGeW9EYkdGRGE5Q1VjMng1ZEpsc0N0SnhrNFBEaWNoXzluYXlxYi1YWmJiazJaekNOanJrMHpzWkgtNFBVTmJ0Sg,2026-02-06T10:04:28Z
127,ec2d779703480cc11d0f03c7e33ac776870842a77b13e980a58e06a74d28a0a0,Constellation Energy Expands For AI Power Demand As Valuation Draws Scrutiny,yahoo_rss,2026-02-06T03:08:44Z,0,https://finance.yahoo.com/news/constellation-energy-expands-ai-power-030844492.html?.tsrc=rss,"Constellation Energy is expanding its footprint through an acquisition of Calpine, adding substantial generation assets focused on serving growing power needs from technology companies. The company has entered into long term agreements with Microsoft and Meta to supply electricity for AI focused data centers. Plans to restart the Three Mile Island nuclear reactor are aimed at providing additional low carbon capacity to meet rising demand from artificial intelligence. Constellation Energy,...",MSFT,yahoo_rss,979858de-ce36-3ad7-b375-8357e5ec8646,2026-02-06T10:04:28Z
128,37d69302db8f6bf418ea7a79ebcd26de6d1f72087a6c3420c2cb1055d9d4ebb3,Why IREN (IREN) Is Down 33.5% After Pivoting From Bitcoin Mining To Microsoft-Funded AI Cloud Expansion,yahoo_rss,2026-02-06T03:07:25Z,0,https://finance.yahoo.com/news/why-iren-iren-down-33-030725098.html?.tsrc=rss,"In the past week, IREN reported Q2 FY26 results showing a shift away from Bitcoin mining toward AI cloud infrastructure, underpinned by its multi-year US$9.70 billion Microsoft contract, US$3.60 billion in GPU financing commitments, and plans to deploy 140,000 GPUs supported by more than 4.50 gigawatts of secured power capacity. An interesting element is that Microsoft has already provided US$1.90 billion in customer prepayments, meaning a major AI hyperscaler is effectively funding a large...",MSFT,yahoo_rss,4ec8181d-52fa-33e5-9756-f58164f2878c,2026-02-06T10:04:28Z
181,49f3f0c0e19c4adfd125747b84911ca97406ec616787fce733f6b49f97443432,Yacktman Asset Management LP trims Microsoft stake significantly - The Globe and Mail,The Globe and Mail,2026-02-06T03:06:46Z,0,https://news.google.com/rss/articles/CBMi4AFBVV95cUxPLVRQZ2FVSVh3dXBYdkpReDZyVlRISE5iNzF3TUZSbi1fa1g0RmRUc3lJWEJRUmFYZUgzSnhVQWw0OFJ2cnQ2NWdlcFl6QlJVYWNUQmZRSmdnbl8wODI5Z3NCeUhKcjZQMVB3YndmZWhHcUN1UTJPbFNTWlltR0c0MzdZU2FhaFdiNFBha0Qzb1F6ZHdwTGROSVB5bmdpOWZXZ3VLM1phbGJjM1BtdmpDdm5CVkdXYXY3Ymd6OVNsNkN0X3BqSnV0MGlEWWRSVl83MDgybHQzSWh1MkJEM0dpVg?oc=5,"<a href=""https://news.google.com/rss/articles/CBMi4AFBVV95cUxPLVRQZ2FVSVh3dXBYdkpReDZyVlRISE5iNzF3TUZSbi1fa1g0RmRUc3lJWEJRUmFYZUgzSnhVQWw0OFJ2cnQ2NWdlcFl6QlJVYWNUQmZRSmdnbl8wODI5Z3NCeUhKcjZQMVB3YndmZWhHcUN1UTJPbFNTWlltR0c0MzdZU2FhaFdiNFBha0Qzb1F6ZHdwTGROSVB5bmdpOWZXZ3VLM1phbGJjM1BtdmpDdm5CVkdXYXY3Ymd6OVNsNkN0X3BqSnV0MGlEWWRSVl83MDgybHQzSWh1MkJEM0dpVg?oc=5"" target=""_blank"">Yacktman Asset Management LP trims Microsoft stake significantly</a>&nbsp;&nbsp;<font color=""#6f6f6f"">The Globe and Mail</font>",MSFT,google_news_rss,CBMi4AFBVV95cUxPLVRQZ2FVSVh3dXBYdkpReDZyVlRISE5iNzF3TUZSbi1fa1g0RmRUc3lJWEJRUmFYZUgzSnhVQWw0OFJ2cnQ2NWdlcFl6QlJVYWNUQmZRSmdnbl8wODI5Z3NCeUhKcjZQMVB3YndmZWhHcUN1UTJPbFNTWlltR0c0MzdZU2FhaFdiNFBha0Qzb1F6ZHdwTGROSVB5bmdpOWZXZ3VLM1phbGJjM1BtdmpDdm5CVkdXYXY3Ymd6OVNsNkN0X3BqSnV0MGlEWWRSVl83MDgybHQzSWh1MkJEM0dpVg,2026-02-06T10:04:28Z
129,8736afd27734abfb95ed5f3debc0ebfff70408e7b2e103d66bc6c1741726fb0e,"Down 28% From Its Highs, Is Microsoft Stock a Buy?",yahoo_rss,2026-02-06T03:06:00Z,0,https://www.fool.com/investing/2026/02/05/down-28-from-its-highs-is-microsoft-stock-a-buy/?.tsrc=rss,"After a rough start to 2026, is the software giant's stock attractive as it invests heavily in AI?",MSFT,yahoo_rss,ba17e1e7-19e4-335e-9af6-1a46ca3774e6,2026-02-06T10:04:28Z
306,d5d21971c963956173acb6022a59364df3fbf7c0a47d091aceb47f20716556b9,First Eagle Investment Trims Alphabet Inc. Class A Stake - TipRanks,TipRanks,2026-02-06T03:05:37Z,0,https://news.google.com/rss/articles/CBMiqwFBVV95cUxNSXBfVndJMFlVdzYwV0dYSTdDUk9nMG1USlJMU0JaVGw1Yk1QZXdmck1leTdxUlFkTEZGbmQzTjl3T1JFT3JrYXdOd2lkWjlFMUlUU3VINDdVUzVfNS01OGtHV29WdHdCVkdSZWE3SkN1MEp3RTV6Q0YtZG01bXliMmJLd3N1ZlYyZXlUa1ZIOHNqNWxPZ1lNWHlWV0w3alhSVjBwaWREZzFyc1E?oc=5,"<a href=""https://news.google.com/rss/articles/CBMiqwFBVV95cUxNSXBfVndJMFlVdzYwV0dYSTdDUk9nMG1USlJMU0JaVGw1Yk1QZXdmck1leTdxUlFkTEZGbmQzTjl3T1JFT3JrYXdOd2lkWjlFMUlUU3VINDdVUzVfNS01OGtHV29WdHdCVkdSZWE3SkN1MEp3RTV6Q0YtZG01bXliMmJLd3N1ZlYyZXlUa1ZIOHNqNWxPZ1lNWHlWV0w3alhSVjBwaWREZzFyc1E?oc=5"" target=""_blank"">First Eagle Investment Trims Alphabet Inc. Class A Stake</a>&nbsp;&nbsp;<font color=""#6f6f6f"">TipRanks</font>",GOOGL,google_news_rss,CBMiqwFBVV95cUxNSXBfVndJMFlVdzYwV0dYSTdDUk9nMG1USlJMU0JaVGw1Yk1QZXdmck1leTdxUlFkTEZGbmQzTjl3T1JFT3JrYXdOd2lkWjlFMUlUU3VINDdVUzVfNS01OGtHV29WdHdCVkdSZWE3SkN1MEp3RTV6Q0YtZG01bXliMmJLd3N1ZlYyZXlUa1ZIOHNqNWxPZ1lNWHlWV0w3alhSVjBwaWREZzFyc1E,2026-02-06T10:04:28Z
305,0d28c48c96a600a1e448424a3d7c7396c32d795dab3b0b7266e7fa5764823266,Manning & Napier Advisors trims Alphabet Inc. Class A - TipRanks,TipRanks,2026-02-06T03:05:37Z,0,https://news.google.com/rss/articles/CBMipAFBVV95cUxPLV9ma3VUUlE4TWN6aE1mZklHYkVWWUZNSDJRNTZPMW9rRmZqNEgzTXZqa0owQWxTMTVIUGJGQ1RyU3VqdThRakRwWU94TW50N1loWlk2U1hnOHc4MXRpZ1V3dEJSTUQ4aEZ5eGs1bWpET3lYOXdOLWUwY19ZeV9id2Joc1JNX2NmaURMQzlEWlZ6czYwUmk5ajVyYlZYV0N1bU1Lag?oc=5,"<a href=""https://news.google.com/rss/articles/CBMipAFBVV95cUxPLV9ma3VUUlE4TWN6aE1mZklHYkVWWUZNSDJRNTZPMW9rRmZqNEgzTXZqa0owQWxTMTVIUGJGQ1RyU3VqdThRakRwWU94TW50N1loWlk2U1hnOHc4MXRpZ1V3dEJSTUQ4aEZ5eGs1bWpET3lYOXdOLWUwY19ZeV9id2Joc1JNX2NmaURMQzlEWlZ6czYwUmk5ajVyYlZYV0N1bU1Lag?oc=5"" target=""_blank"">Manning & Napier Advisors trims Alphabet Inc. Class A</a>&nbsp;&nbsp;<font color=""#6f6f6f"">TipRanks</font>",GOOGL,google_news_rss,CBMipAFBVV95cUxPLV9ma3VUUlE4TWN6aE1mZklHYkVWWUZNSDJRNTZPMW9rRmZqNEgzTXZqa0owQWxTMTVIUGJGQ1RyU3VqdThRakRwWU94TW50N1loWlk2U1hnOHc4MXRpZ1V3dEJSTUQ4aEZ5eGs1bWpET3lYOXdOLWUwY19ZeV9id2Joc1JNX2NmaURMQzlEWlZ6czYwUmk5ajVyYlZYV0N1bU1Lag,2026-02-06T10:04:28Z
141,ef14f4f539d5a91ed12818ee8a07f0835c97cedce9e6cbe43973a40ba6d293a4,"Down 28% From Its Highs, Is Microsoft Stock a Buy? - The Motley Fool",The Motley Fool,2026-02-06T02:46:00Z,0,https://news.google.com/rss/articles/CBMilAFBVV95cUxNN0kyZENyRnJFelAyWXk3MXoydlV0Vnl0WS1aYV9faVRZUTQ4azVrcjBZT0JmT3g5MXpRdXhKV2k0SEVaV0dST2o1QUVYdzJDNkZ6MVhfVDJDcC10YUpaa2dRQktVS2o5YXY5cEpNS1ZhTE52akNXSDRLMTZjVXZFYUNzMENTeHhsWXRybENIX0dhUGEw?oc=5,"<ol><li><a href=""https://news.google.com/rss/articles/CBMilAFBVV95cUxNN0kyZENyRnJFelAyWXk3MXoydlV0Vnl0WS1aYV9faVRZUTQ4azVrcjBZT0JmT3g5MXpRdXhKV2k0SEVaV0dST2o1QUVYdzJDNkZ6MVhfVDJDcC10YUpaa2dRQktVS2o5YXY5cEpNS1ZhTE52akNXSDRLMTZjVXZFYUNzMENTeHhsWXRybENIX0dhUGEw?oc=5"" target=""_blank"">Down 28% From Its Highs, Is Microsoft Stock a Buy?</a>&nbsp;&nbsp;<font color=""#6f6f6f"">The Motley Fool</font></li><li><a href=""https://news.google.com/rss/articles/CBMiqAFBVV95cUxNZ0xhYll1RzY5c0RWWnExS3BpOW1QSElFemVQVzAtYWQwdHVtenFOVXhoeHhCMmlFaWlWbWJKLXlkaGRyRXVjWUVkWXFkd2o2cW9oUnpzLTBwcURTWTRUU3RlbFhzQWtZbUtPMC1JRHhTa2FJMWF3NFJSdjF2SDdDR01sRXBWRjRTRnYyYnZ2ZWZFdzVCdXlFZGwzZjFqTXNIOXZHRG5qVUU?oc=5"" target=""_blank"">Microsoft Plunges 14% Post Q2 Earnings: Buy, Sell or Hold the Stock?</a>&nbsp;&nbsp;<font color=""#6f6f6f"">Zacks Investment Research</font></li><li><a href=""https://news.google.com/rss/articles/CBMijwNBVV95cUxPQThwQlZmWmdObDBRNzhrQURZLXZIbkljb3EzaENhenVUMmI2clloRHZHN1M2WHJ1VDd2RWhhb01lb0VkRHp5NEt0MUh3bXFhV2JfWUhIUmdjR0dxU0xlZUk1bDl5LTFUTDhqdVZOWklyaEFYU01Mb21pNVNBUnYwcG1OVjVnUi1BX1BqbDNtR3JQeEQwTUkya29tLVVyYWRJWDN2NWRIR1VPTFJndEZwSjNIcFZ6TWF5YUJSMUczcGhjNFo4aDVhTmpwRXNEeHVLN3BobjRMUXlaOC1RVnNHaDloTmVETlQ0VFkwUnFKMmFEcHZHN1lSaGxaTEhGbm1SdnRyS2hVMnR2V0VVMWhIQThscHdhNWdFWG1LVzJpdXlkcjdyUjVYa0QtT0RYMy15U2FBQlpWbjZvU0VhTkVvdWE4a292RDM3QUJTd0JEbUg2ak5vd3ZLX3ZtYkpXSTNXamJ2UlpsZ2xxVW5vamtoanZmOUtSRTItS012cW9xMU5ZaHdmdGRKcEtlOEQ5UE0?oc=5"" target=""_blank"">Microsoft Stock Gets a Downgrade. Why the Azure Maker Is Unlikely to Lead in AI.</a>&nbsp;&nbsp;<font color=""#6f6f6f"">Barron's</font></li><li><a href=""https://news.google.com/rss/articles/CBMivgNBVV95cUxONGJHSGRvREw2aEN3N0FpV0RMMUEzV3RmQ0JoaWEzQ2NqNXV4bXd5a0o2OW5fVUhfazJRZUM2WDFQSVd6MTh5eV9KMkVqUGQ1QzVWb1RJNGtrLUpKTXFzMEpZOVBDYUlXNkVyaTZNejJ2a0J3QlYtR1UtTFpkZjhDWFFWUEJhal9LUGtScE5waHF6X3Q5bTZjdFc0SzhUNWZVb3AzMTFuRWtYWGVQNVIzVm1zZDBUUnJhZkNvMENneFZieTBsakl6b21ISGpxbVI5bWxHUnVkTk5mMG9mN0hNWEctLUFkenVHNnIyTV9qU1lfaDN0MmljSEg1Z01TWmpRV180Qkszam5PQmtxZWdEcVljTEh6T1dWYmppcU9PMGdWVmJWU3NmQ0JTblhObTlsVVUxcWRsWWpsWS1LTXVxVEFRajVfWEZ5M0JJMDVNYnlHb01nQ0ZkeC1SelNpWjZzSkpRZ2hlWGNEQlpQMUVJR0RkaGZjVXFzbm9VT1N0emIxYkkyaDdZSHFBeHhzTG50TWRUNWc5OTd3bHpEeG1KaVhHc0NYZE15SFNxSS04QURrZ1V5a0VjWS1sV0hMQQ?oc=5"" target=""_blank"">Why Microsoft’s stock just lost a big fan in the wake of Alphabet’s earnings</a>&nbsp;&nbsp;<font color=""#6f6f6f"">MarketWatch</font></li><li><a href=""https://news.google.com/rss/articles/CBMiowFBVV95cUxOdTdpT2ZjeTZJY0JJc1VPN2taZkgzR0VrTC15TENWS25iMDNFWVFSZmlmV0tKVkFDdXdlTHhYOUV1ajFJby1lM3l1X0NCaG9tbVlldHRjM1o5UVdXcy1ZZFlvSlV4YzdGVVh4YzcyYzV2SXAtNV9IM21uVWNvSFBaRHN2REhlTkxyV1dXZjVhRmVWTDVyVGFWOXdoNXZrQUNRQ0h3?oc=5"" target=""_blank"">What Could Drag Microsoft Stock Even Lower?</a>&nbsp;&nbsp;<font color=""#6f6f6f"">Forbes</font></li><li><a href=""https://news.google.com/rss/articles/CBMiekFVX3lxTFBSdzlLRDhtckdGaVg3UjFxZmZuZExkR1ZHNS1GOElMbGNEUTdoeU5XNTBrRG1ubW9STmZwajdZV1pUVE5SS2dWVE4yUFJfN2E2TmxxTmNIaUZDRGlUejRiU2VOenpFMmtiMDVzdFVIOVVvM3RKbFBkSGx3?oc=5"" target=""_blank"">Why Microsoft Stock Slumped by 5% on Thursday</a>&nbsp;&nbsp;<font color=""#6f6f6f"">Nasdaq</font></li><li><a href=""https://news.google.com/rss/articles/CBMiiAFBVV95cUxOOS1KdkNIdFBUekdLbU83TWVTdjV2WW5HTkFKMklMZEVXbHZVQUV2eWo3RVFEelMtcHVaS0xlbDZJQ3VucnNTclFrM3c5NUxKcHVSYXFrbXBoalI0SE05c0FqMGxvYXc1T18wa24yZlhDSTN4WnZtbE1ET2tMM25CQXJVUmNRZjJW?oc=5"" target=""_blank"">Microsoft: It Is Just A Dip, Not A Bargain (NASDAQ:MSFT)</a>&nbsp;&nbsp;<font color=""#6f6f6f"">Seeking Alpha</font></li><li><a href=""https://news.google.com/rss/articles/CBMinAFBVV95cUxOUG1QVVlUeXRJNUFhZ1RRZHpIUURqdnhxdldkSTFrekJYMk1EUklqdFFFUi05eXVNanlrRGFRaTM5UDF3U0JFM1pFUGFPXzRtRTZ6MUdGNXVNeVlXZVpaWVNBRTU4em5xeEJzV1l0V3N0WUp6YmV4R0RrQ0FsM3h6YlkyaDdDR25pc0RsU0xqQ2hydHdJNnRIZGlyeHg?oc=5"" target=""_blank"">After Earnings, Is Microsoft Stock a Buy, a Sell, or Fairly Valued?</a>&nbsp;&nbsp;<font color=""#6f6f6f"">morningstar.com</font></li><li><a href=""https://news.google.com/rss/articles/CBMixgFBVV95cUxPZkVHY2c2bmNRT2c2czJyQkhBWWlJbVhjMjdaZmhKQ3VhQnh0M3hiRmZUME5XSUZKMGRidUd2S3VNYWNWbFdzSG5kRWQ4dWtsYkdiSEZxZ3RkblVuMV9KWWFXWS16amJUMGZTdW9HaEwzWXhTc2pWajJEdUZhby1MdGIyNldQNUtEdE51NTc4QVlZZFU4cEo5dzlTV1JzQWlFM3R2d3dCTGxlcFIxdVZaWXlXbmtpZGR3OWxiYkJQaUtNdjNfMnc?oc=5"" target=""_blank"">Assessing Microsoft (MSFT) Valuation After Recent Share Price Pullback</a>&nbsp;&nbsp;<font color=""#6f6f6f"">simplywall.st</font></li></ol>",MSFT,google_news_rss,CBMilAFBVV95cUxNN0kyZENyRnJFelAyWXk3MXoydlV0Vnl0WS1aYV9faVRZUTQ4azVrcjBZT0JmT3g5MXpRdXhKV2k0SEVaV0dST2o1QUVYdzJDNkZ6MVhfVDJDcC10YUpaa2dRQktVS2o5YXY5cEpNS1ZhTE52akNXSDRLMTZjVXZFYUNzMENTeHhsWXRybENIX0dhUGEw,2026-02-06T10:04:28Z
244,5f91fe457907b853d75afd7692fc66de05f2d75f01ec5dd4cd9215c2a717031c,S&P 500 Remains Strong as Bitcoin Slides to a 1-Year Low,yahoo_rss,2026-02-06T02:35:10Z,0,https://beincrypto.com/us-stocks-hit-highs-bitcoin-slumps-risk-divergence/?.tsrc=rss,"US stocks push toward record highs on strong earnings while Bitcoin slides to a one-year low, signaling a sharp risk split.",GOOGL,yahoo_rss,c499a6e3-9399-335e-b116-2b3589d64ed0,2026-02-06T10:04:28Z
245,2aaba3c0f744ecddd292504fe04691a916cb7e91f214e3425ae2721f303a1b18,"Cathie Wood Loads Up On Coinbase, Circle, Robinhood As Crypto Market Gripped By 'Extreme Fear' Amid Bitcoin Crash",yahoo_rss,2026-02-06T02:31:14Z,0,https://finance.yahoo.com/news/cathie-wood-loads-coinbase-circle-023114763.html?.tsrc=rss,"On Tuesday, Cathie Wood-led Ark Invest executed significant trades, including purchases of Circle Internet Group Inc. (NYSE:CRCL), Coinbase Global Inc. (NASDAQ:COIN), Robinhood Markets Inc. (NASDAQ:HOOD), ARK 21Shares Bitcoin ETF (BATS:ARKB), and Bitmine Immersion Technologies Inc. (NYSE:BMNR). These trades occurred as the cryptocurrency market faced extreme volatility, with major cryptocurrencies like Bitcoin experiencing notable declines. Leading cryptocurrencies extended their selloff as Bitc",GOOGL,yahoo_rss,0f220dca-5bd1-374c-838a-a5e54a09f873,2026-02-06T10:04:28Z
333,742deb762b239aca76cfaeac37b5ceccc3cda2afebe78c4fbb18b30f0b7fe584,"UBS Lifts Alphabet (GOOGL.US) TP to US$348, Keeps Neutral Rating - AASTOCKS.com",AASTOCKS.com,2026-02-06T02:31:00Z,0,https://news.google.com/rss/articles/CBMiiwFBVV95cUxQVjJqQ0VtMUxZSTRnYklkU0JiNHZvUFozbWxQRHBydk4xck1PdDAwZ2pxNnF0SzdRUkM5LTRCMXprUWMtdTRLaU92Tjg0R1dXS3lZRWl4bEctVnRpRXBsZEt3bkRTRG9pZV85Yk9nUlBwWG91Zl9tcHpueGlMZ3VLbm9tMFNRWXRmY0pZ?oc=5,"<a href=""https://news.google.com/rss/articles/CBMiiwFBVV95cUxQVjJqQ0VtMUxZSTRnYklkU0JiNHZvUFozbWxQRHBydk4xck1PdDAwZ2pxNnF0SzdRUkM5LTRCMXprUWMtdTRLaU92Tjg0R1dXS3lZRWl4bEctVnRpRXBsZEt3bkRTRG9pZV85Yk9nUlBwWG91Zl9tcHpueGlMZ3VLbm9tMFNRWXRmY0pZ?oc=5"" target=""_blank"">UBS Lifts Alphabet (GOOGL.US) TP to US$348, Keeps Neutral Rating</a>&nbsp;&nbsp;<font color=""#6f6f6f"">AASTOCKS.com</font>",GOOGL,google_news_rss,CBMiiwFBVV95cUxQVjJqQ0VtMUxZSTRnYklkU0JiNHZvUFozbWxQRHBydk4xck1PdDAwZ2pxNnF0SzdRUkM5LTRCMXprUWMtdTRLaU92Tjg0R1dXS3lZRWl4bEctVnRpRXBsZEt3bkRTRG9pZV85Yk9nUlBwWG91Zl9tcHpueGlMZ3VLbm9tMFNRWXRmY0pZ,2026-02-06T10:04:28Z
299,5296599660a79f925847bbb388fa9b46da9fb90b36ae55b98d0b4d6571af1cb7,"Cathie Wood Goes Big On Google And Broadcom, Dumps Qualcomm Stock - Benzinga",Benzinga,2026-02-06T02:26:38Z,0,https://news.google.com/rss/articles/CBMiywFBVV95cUxNNmcwNzZUeU5HX2MyMm84dzhvTXpmZWRxLVEybFl3cTBtTldDTTNNTHRER1FpdHZFclB4dUc5Mm9URzViZ1pBMm1iNzNnbHAwYUdtYUlWX3JBVmtMV3VibFh3ZXNVOVpjUUxxLVdhbFhUVUtQTTIyX25UQ2FMUzE1QzVtd2ZGTkNsbFdFUEswT05XTFFhTWs3R19ieENmU2tvbFhHTkJSZlpXT3ctc29XVjdLM0ZQc1dpQVpDLTNBME1SYUxTNEx5NTVjNA?oc=5,"<a href=""https://news.google.com/rss/articles/CBMiywFBVV95cUxNNmcwNzZUeU5HX2MyMm84dzhvTXpmZWRxLVEybFl3cTBtTldDTTNNTHRER1FpdHZFclB4dUc5Mm9URzViZ1pBMm1iNzNnbHAwYUdtYUlWX3JBVmtMV3VibFh3ZXNVOVpjUUxxLVdhbFhUVUtQTTIyX25UQ2FMUzE1QzVtd2ZGTkNsbFdFUEswT05XTFFhTWs3R19ieENmU2tvbFhHTkJSZlpXT3ctc29XVjdLM0ZQc1dpQVpDLTNBME1SYUxTNEx5NTVjNA?oc=5"" target=""_blank"">Cathie Wood Goes Big On Google And Broadcom, Dumps Qualcomm Stock</a>&nbsp;&nbsp;<font color=""#6f6f6f"">Benzinga</font>",GOOGL,google_news_rss,CBMiywFBVV95cUxNNmcwNzZUeU5HX2MyMm84dzhvTXpmZWRxLVEybFl3cTBtTldDTTNNTHRER1FpdHZFclB4dUc5Mm9URzViZ1pBMm1iNzNnbHAwYUdtYUlWX3JBVmtMV3VibFh3ZXNVOVpjUUxxLVdhbFhUVUtQTTIyX25UQ2FMUzE1QzVtd2ZGTkNsbFdFUEswT05XTFFhTWs3R19ieENmU2tvbFhHTkJSZlpXT3ctc29XVjdLM0ZQc1dpQVpDLTNBME1SYUxTNEx5NTVjNA,2026-02-06T10:04:28Z
819,2a333ab98730923859f338d3008de150ce35018063b4d62769ee1698ad7aef93,Why Analysts See GSK (LSE:GSK) Differently As The Fair Value Story Starts To Shift,yahoo_rss,2026-02-06T02:13:30Z,0,https://finance.yahoo.com/news/why-analysts-see-gsk-lse-021330683.html?.tsrc=rss,"The fair value estimate for GSK has been nudged to £18.83 from £18.73, a small move that reflects a tug of war between more optimistic price target hikes and ongoing caution around the company’s pipeline and execution. Supportive target changes, such as JPMorgan’s move to 1,500 GBp from 1,400 GBp even while staying cautious, sit alongside Underweight ratings that flag execution risk and limited upcoming readouts. Stay with this article to see how you can keep on top of these shifting signals...",JPM,yahoo_rss,ab6ed439-17e2-3c0d-ad52-3f290c2c04cf,2026-02-06T10:04:28Z
130,8fa338927fcecf6e83fda605bb3a60f7898a4f4203fd00a3ef51e037b9ba956e,IREN Q2 Earnings Call Highlights,yahoo_rss,2026-02-06T01:58:02Z,0,https://www.marketbeat.com/instant-alerts/iren-q2-earnings-call-highlights-2026-02-05/?utm_source=yahoofinance&utm_medium=yahoofinance&.tsrc=rss,"IREN (NASDAQ:IREN) used its fiscal second-quarter 2026 earnings call to emphasize progress in its shift from Bitcoin mining to what management described as a vertically integrated AI cloud platform, highlighting new GPU financing commitments, additional secured power capacity, and continued customer",MSFT,yahoo_rss,850e3f5d-41f4-3621-8426-611bd37a46db,2026-02-06T10:04:28Z
356,6036c6ae60ae331f8c8f9d9bd5492a99d9b6afc5850945bb4396990936b23e87,"Amazon Is Now Offering Novo Nordisk's Wegovy Pill in Its Pharmacy. Here's How That Could Affect Hims & Hers, WW International, and GoodRx Holdings.",yahoo_rss,2026-02-06T01:35:00Z,0,https://www.fool.com/investing/2026/02/05/amazon-novo-nordisk-wegovy-pill-pharmacy-hims/?.tsrc=rss,There's another fight brewing around GLP-1 drugs -- this time on the delivery side.,AMZN,yahoo_rss,3f720066-32aa-322e-a081-64bf6fc5e79a,2026-02-06T10:04:28Z
246,ca2d3425de7b3d0e6021cddae6477accc392c20e809c9462e32ad1fafbf0a2d3,"Amazon's Bull Case Hinges On 'Two Things' Holding, Says Futurum Equities: 'Does Not Need A Recession To...'",yahoo_rss,2026-02-06T01:31:32Z,0,https://finance.yahoo.com/news/amazons-bull-case-hinges-two-013132339.html?.tsrc=rss,"As Amazon.com Inc. (NASDAQ:AMZN) is set to report its quarterly earnings on Thursday, Futurum CEO Daniel Newman and Chief Market Strategist Shay Boloor share their thoughts on what investors should watch out for. AWS And Consumer Both Must Hold Amazon's earnings hinge on “two things staying true at once,” which are strong AWS demand and a resilient U.S. consumer. While performance has beaten expectations, the stock has lagged as lofty consensus leaves little room for upside surprises. Bull Case",GOOGL,yahoo_rss,63e9317e-c8b3-36ab-ad36-f59db655bf3e,2026-02-06T10:04:28Z
398,8840b7c69179836f1f1f297933eab41f227e75d3b2d785f941809ea437ffbcda,Stock Market Futures Slip as Amazon (AMZN) Earnings Weigh on Tech Stocks - TipRanks,TipRanks,2026-02-06T01:30:08Z,0,https://news.google.com/rss/articles/CBMiogFBVV95cUxNaVJTX3VBNm9MRERWdXA1OEx4TTROZDhfd2VMeFI4RXJoNTF1RHg2U2xtZDZ1NjNMelRlamE0aF9qdmM2N2dTeURDV3RSQVhCeGhsUkhsU0l5aEtxU2pmYjhZU3lodkd4SGVvdnBTTTVpV1czYlhVZWt0WVpaWUpJVUZsTWVXOUhqNEJPM2w1VFgxbEdwY1JENGJxd1RTN1JKdXc?oc=5,"<a href=""https://news.google.com/rss/articles/CBMiogFBVV95cUxNaVJTX3VBNm9MRERWdXA1OEx4TTROZDhfd2VMeFI4RXJoNTF1RHg2U2xtZDZ1NjNMelRlamE0aF9qdmM2N2dTeURDV3RSQVhCeGhsUkhsU0l5aEtxU2pmYjhZU3lodkd4SGVvdnBTTTVpV1czYlhVZWt0WVpaWUpJVUZsTWVXOUhqNEJPM2w1VFgxbEdwY1JENGJxd1RTN1JKdXc?oc=5"" target=""_blank"">Stock Market Futures Slip as Amazon (AMZN) Earnings Weigh on Tech Stocks</a>&nbsp;&nbsp;<font color=""#6f6f6f"">TipRanks</font>",AMZN,google_news_rss,CBMiogFBVV95cUxNaVJTX3VBNm9MRERWdXA1OEx4TTROZDhfd2VMeFI4RXJoNTF1RHg2U2xtZDZ1NjNMelRlamE0aF9qdmM2N2dTeURDV3RSQVhCeGhsUkhsU0l5aEtxU2pmYjhZU3lodkd4SGVvdnBTTTVpV1czYlhVZWt0WVpaWUpJVUZsTWVXOUhqNEJPM2w1VFgxbEdwY1JENGJxd1RTN1JKdXc,2026-02-06T10:04:28Z
131,41a413bdbbac18a3d6f60539ac57bb5841f74cb4b97d43e9ed4f527c4f63b51d,Big Tech to Spend $650 Billion This Year as AI Race Intensifies,yahoo_rss,2026-02-06T01:27:16Z,0,https://finance.yahoo.com/news/big-tech-spend-650-billion-012716850.html?.tsrc=rss,"The spending planned by Alphabet Inc., Amazon.com Inc., Meta Platforms Inc. and Microsoft Corp., all in pursuit of dominance in the still-nascent market for AI tools, is a boom without a parallel this century.  Each of the companies’ estimated outlay for this year would set a high-water mark for capital spending by any single corporation in any one of the past 10 years, according to Bloomberg data.",MSFT,yahoo_rss,c0ea0302-e36d-364c-8d8a-fec96646047f,2026-02-06T10:04:28Z
248,75e27c21f15ae3904f96ce4e866e4c845997ae138f5557a215c57026b99ec053,Hut 8 Refocuses On AI Data Centers As Power Plants Go On Block,yahoo_rss,2026-02-06T01:26:25Z,0,https://finance.yahoo.com/news/hut-8-refocuses-ai-data-012625799.html?.tsrc=rss,"Hut 8 (NasdaqGS:HUT) has agreed a 15 year lease for a large scale data center in partnership with Fluidstack, which is backed by Google. The company plans to sell four natural gas fired power plants as it repositions toward digital infrastructure and AI focused operations. Hut 8 has also proposed a 500MW data center development in New York, drawing both economic optimism and local concern about its impact. For investors watching Hut 8 at a share price of $44.48, this shift marks a move away...",GOOGL,yahoo_rss,1167d7c9-f9c4-30ca-9483-d6916a671383,2026-02-06T10:04:28Z
466,994168d4583128a01504282c08b2549ad185d4c1234ce339b76ada58b8d072c7,Nvidia Physical AI Partnerships Shape Lab Robotics Industrial Automation Outlook,yahoo_rss,2026-02-06T01:25:14Z,0,https://finance.yahoo.com/news/nvidia-physical-ai-partnerships-shape-012514722.html?.tsrc=rss,"Nvidia is expanding physical AI through new partnerships in lab robotics and industrial automation. The company is working with Opentrons Labworks Inc. to use Nvidia Isaac and Cosmos in automated laboratory experiments. An ongoing collaboration with Dassault Systèmes focuses on combining Virtual Twins with AI infrastructure for industrial use. Nvidia, traded as NasdaqGS:NVDA, is pushing further into real world AI applications as its technology moves beyond data centers and into laboratories...",NVDA,yahoo_rss,00d2bf27-3514-38d4-a8fa-b2728537ea4a,2026-02-06T10:04:28Z
701,57120d5f12405864d9c90f71288068f065cfcacf5a9046f2dfd2088415372d15,Better EV Stock: Rivian or Tesla?​,yahoo_rss,2026-02-06T01:25:00Z,0,https://www.fool.com/investing/2026/02/05/better-ev-stock-rivian-or-tesla/?.tsrc=rss,"Tesla was a trailblazer in the EV market, with Rivian now trying to follow the same path.",TSLA,yahoo_rss,4379f6dd-66c9-3f66-bc69-36d42409cbd3,2026-02-06T10:04:28Z
420,e84ced6c3b2d8311c300359a3621896a31aea86384f3ccbefaee8c5aa39e78d0,"Amazon (NASDAQ:AMZN) Down 9%, Is Capex Becoming the Story? - Stocks Down Under",Stocks Down Under,2026-02-06T01:18:55Z,0,https://news.google.com/rss/articles/CBMieEFVX3lxTE9USG5YVDNGdU9sQ0tsdm1mTm9VR3YyTDFVajVQbFFKX2lTekZ5bXN3RUNfdjVoLUZidGhoUFZ6LXR4RGV2dlRaaXJFQ2d1czcwdllBMy1SQWZNTnRzUHlrcnZFY2NybmdoNjB0aTlFdDM5M1lMN1dlVw?oc=5,"<a href=""https://news.google.com/rss/articles/CBMieEFVX3lxTE9USG5YVDNGdU9sQ0tsdm1mTm9VR3YyTDFVajVQbFFKX2lTekZ5bXN3RUNfdjVoLUZidGhoUFZ6LXR4RGV2dlRaaXJFQ2d1czcwdllBMy1SQWZNTnRzUHlrcnZFY2NybmdoNjB0aTlFdDM5M1lMN1dlVw?oc=5"" target=""_blank"">Amazon (NASDAQ:AMZN) Down 9%, Is Capex Becoming the Story?</a>&nbsp;&nbsp;<font color=""#6f6f6f"">Stocks Down Under</font>",AMZN,google_news_rss,CBMieEFVX3lxTE9USG5YVDNGdU9sQ0tsdm1mTm9VR3YyTDFVajVQbFFKX2lTekZ5bXN3RUNfdjVoLUZidGhoUFZ6LXR4RGV2dlRaaXJFQ2d1czcwdllBMy1SQWZNTnRzUHlrcnZFY2NybmdoNjB0aTlFdDM5M1lMN1dlVw,2026-02-06T10:04:28Z
359,5f5592e4b15d62f123535135607f1e025b5cb16d9d19b459cf1265aced075a1a,Amazon.com Q4 Earnings Call Highlights,yahoo_rss,2026-02-06T01:06:27Z,0,https://www.marketbeat.com/instant-alerts/amazoncom-q4-earnings-call-highlights-2026-02-05/?utm_source=yahoofinance&utm_medium=yahoofinance&.tsrc=rss,"Amazon.com (NASDAQ:AMZN) executives highlighted accelerating AWS growth, expanding retail and advertising momentum, and heavy capital investment plans during the company’s fourth-quarter 2025 earnings call on February 5, 2026. Management reported $213.4 billion in quarterly revenue and pointed to de",AMZN,yahoo_rss,dfd83a36-2ecb-3a22-8ad3-98946ee36278,2026-02-06T10:04:28Z
132,8c2d24bf255765447749998270cda8894524c4d3b5df09dc902c2ae445b2bad5,IREN (IREN) Q2 2026 Earnings Call Transcript,yahoo_rss,2026-02-06T01:05:28Z,0,https://www.fool.com/earnings/call-transcripts/2026/02/05/iren-iren-q2-2026-earnings-call-transcript/?.tsrc=rss,"Daniel Roberts: Thanks, Mike, and thank you, everyone, for joining us today.  Fiscal Quarter 2 was an important quarter for IREN as we made meaningful progress as a vertically integrated AI cloud platform.  Firstly, we secured underwriting commitments for $3.6 billion of GPU financing at an interest rate of less than 6%.",MSFT,yahoo_rss,8f559d67-77d8-3e2a-aad6-5484154d888e,2026-02-06T10:04:28Z
249,30a86c099d2b05e13845306782f19a005183f29e835958268738eec17a85f1e0,Cohesity Collaborates with Google Cloud to Deliver Secure Sandbox Capabilities and Comprehensive Threat Insights Designed to Eliminate Hidden Malware,yahoo_rss,2026-02-06T01:00:00Z,0,https://finance.yahoo.com/news/cohesity-collaborates-google-cloud-deliver-010000616.html?.tsrc=rss,"Cohesity, the leader in AI-powered data security, today announced significant threat protection enhancements to the Cohesity Data Cloud, including a contextual display of Google Threat Intelligence insights and incorporating Google Private Scanning. These capabilities enable organizations to better identify, analyze, and eradicate malware before it can initiate a destructive cyberattack.",GOOGL,yahoo_rss,c4089d35-63be-3245-85ce-0ffeb9aed738,2026-02-06T10:04:28Z
360,9c10dd4100037af4014650859e6fa8ba7326f5eafd6ddbbc6b9b63bfffb53e0a,Review & Preview: Utilities Are the New Bitcoin,yahoo_rss,2026-02-06T00:55:00Z,0,https://finance.yahoo.com/m/2a460882-2171-3928-bab2-749324a39242/review-%26-preview%3A-utilities.html?.tsrc=rss,"The tech selloff continued on Thursday, spreading to other sectors. Plus, a sneak peek into retail earnings season.",AMZN,yahoo_rss,2a460882-2171-3928-bab2-749324a39242,2026-02-06T10:04:28Z
361,5a3bb9fcc6a815824bb0b8fc024aa034340887da46acf64705bc00b04b9e5695,Amazon (AMZN) Q4 2025 Earnings Call Transcript,yahoo_rss,2026-02-06T00:52:33Z,0,https://www.fool.com/earnings/call-transcripts/2026/02/05/amazon-amzn-q4-2025-earnings-call-transcript/?.tsrc=rss,"Joining us today to answer your questions is Andrew Jassy, our CEO, and Brian T. Olsavsky, our CFO.  As you listen to today's conference call, we encourage you to have our press release in front of you, which includes our financial results as well as metrics and commentary on the quarter.  Additional information about factors that could potentially impact our financial results is included in today's press release and our filings with the SEC, including our most recent annual report on Form 10-K and subsequent filings.",AMZN,yahoo_rss,699d3811-252c-3037-9a92-80bbf065e355,2026-02-06T10:04:28Z
133,37763f0052baf941b5a5a828f36f45ea2bf5def866288a759aaf81b0acd0f0fd,Amazon shares plunge as AI costs climb,yahoo_rss,2026-02-06T00:36:33Z,0,https://finance.yahoo.com/news/amazon-shares-plunge-ai-costs-003633877.html?.tsrc=rss,"Amazon shares dove more than 11 percent on Thursday as the computing and retail titan reported strong sales but significantly boosted spending estimates.Amazon reported a profit of $21.2 billion on net sales of $213.4 billion in the recently ended quarter as its AWS cloud computing, retail, advertising, and chips businesses thrived.",MSFT,yahoo_rss,39e96a48-cca7-35a3-add5-6d427a41ed44,2026-02-06T10:04:28Z
2727,3e3f5219cabad11b84fd74c2510206b7d8d5337987f146aa93b4d09c26d7b3bd,"Amazon Q4: Mixed Report, Scary Guide, But Now A Buy (Rating Upgrade) - Seeking Alpha",Seeking Alpha,2026-02-06T00:33:31Z,0,https://news.google.com/rss/articles/CBMimwFBVV95cUxOb24yQm5vTjNtc3lva29xUUNuTGRJRERUdkREOG5ZdVVTbEhrbVE0Znp3a20wbVRNSkN5V0NYUTd6TVdWdjl3VUtpZk9jMnZvVzc3YUdtYTI3WGhHMHJqZFh4STRyQmYwVFBNQWh6NEhRbTFhM280Y0NISE9aVktZbld0ZWxvNXVSZjZJZjJ3Mk9pN01mLVEyUzJyMA?oc=5,"<a href=""https://news.google.com/rss/articles/CBMimwFBVV95cUxOb24yQm5vTjNtc3lva29xUUNuTGRJRERUdkREOG5ZdVVTbEhrbVE0Znp3a20wbVRNSkN5V0NYUTd6TVdWdjl3VUtpZk9jMnZvVzc3YUdtYTI3WGhHMHJqZFh4STRyQmYwVFBNQWh6NEhRbTFhM280Y0NISE9aVktZbld0ZWxvNXVSZjZJZjJ3Mk9pN01mLVEyUzJyMA?oc=5"" target=""_blank"">Amazon Q4: Mixed Report, Scary Guide, But Now A Buy (Rating Upgrade)</a>&nbsp;&nbsp;<font color=""#6f6f6f"">Seeking Alpha</font>",AMZN,google_news_rss,CBMimwFBVV95cUxOb24yQm5vTjNtc3lva29xUUNuTGRJRERUdkREOG5ZdVVTbEhrbVE0Znp3a20wbVRNSkN5V0NYUTd6TVdWdjl3VUtpZk9jMnZvVzc3YUdtYTI3WGhHMHJqZFh4STRyQmYwVFBNQWh6NEhRbTFhM280Y0NISE9aVktZbld0ZWxvNXVSZjZJZjJ3Mk9pN01mLVEyUzJyMA,2026-02-06T19:12:42Z
467,8270d2bed00ebfedc28bd4eeb8bdf7c27fbd237529e2a80668551f484aa354f5,Nvidia Reportedly Nears Record $20 Billion OpenAI Investment As Jensen Huang And Sam Altman Deny Reports Of Strained Partnership,yahoo_rss,2026-02-06T00:31:24Z,0,https://finance.yahoo.com/news/nvidia-reportedly-nears-record-20-003124239.html?.tsrc=rss,"Jensen Huang-led Nvidia Corp (NASDAQ:NVDA) is reportedly planning to invest $20 billion in ChatGPT-maker OpenAI. Nvidia's Biggest Bet Yet On The AI Boom As part of OpenAI's latest funding round, Nvidia is close to finalizing a $20 billion investment in the AI startup, reported Bloomberg on Tuesday, citing people familiar with the matter. This investment, if completed, would mark Nvidia's single largest investment in OpenAI to date. Don't Miss: Missed Nvidia and Tesla? RAD Intel Could Be the Next",NVDA,yahoo_rss,14f5bb0d-e9d4-304a-8984-89634128434b,2026-02-06T10:04:28Z
363,7e74bc7999ace3ee3c2c69f63b5820eb18016a252ed797d9dd6f6d59efefdf6e,Amazon’s US$200b Capex Puts AI Growth And Regulation In Focus,yahoo_rss,2026-02-06T00:23:41Z,0,https://finance.yahoo.com/news/amazon-us-200b-capex-puts-002341055.html?.tsrc=rss,"Amazon.com (NasdaqGS:AMZN) plans to spend about US$200b in capital expenditure in 2026. The company aims to fund artificial intelligence, chip development, robotics, and infrastructure projects. This announcement follows a modest Q4 earnings miss and growing investor focus on returns from AI spending. At the same time, Germany's antitrust regulator is imposing restrictions and fines on Amazon's marketplace practices. For you as an investor, this combination of very large planned spending...",AMZN,yahoo_rss,49e0bba5-57a9-367d-a6fe-9c192fae7bfe,2026-02-06T10:04:28Z
251,a6c141e4dbf36574ccd0ad44d6dc3f6e30ff3167e2f9113ffc8321a60c4f07a3,This Mobile App Marketing Firm Is Holding Off an IPO for Now,yahoo_rss,2026-02-06T00:23:00Z,0,https://finance.yahoo.com/m/0631b4b0-6a91-32ab-b006-7307955d9093/this-mobile-app-marketing.html?.tsrc=rss,"Liftoff Mobile has postponed its initial public offering, citing market conditions after another day of sharp declines in stocks.  “Given current market conditions, we have made a business decision to take additional time before listing,” the company said in a statement emailed to Barron’s. “We are encouraged by the strong interest and positive feedback we have received from investors.”  Stocks of peer companies such as  AppLovin  and  Unity Software  have fallen along with the tech sector in recent weeks, pressured by concerns over how artificial intelligence is going to transform the industry.",GOOGL,yahoo_rss,0631b4b0-6a91-32ab-b006-7307955d9093,2026-02-06T10:04:28Z
364,f546bdcda9d790a611ba834ea80ddaa7a31e3f11a2c687dc18e62540fe3d8e30,Amazon posts Q4 gains from fulfillment orders and faster last-mile delivery,yahoo_rss,2026-02-06T00:21:05Z,0,https://finance.yahoo.com/news/amazon-posts-q4-gains-fulfillment-002105305.html?.tsrc=rss,Amazon said its regionalized fulfillment network and expanding same-day delivery helped boost fourth-quarter results to $213.4 billion in net sales. The post Amazon posts Q4 gains from fulfillment orders and faster last-mile delivery appeared first on FreightWaves.,AMZN,yahoo_rss,ee0e53f8-c70a-316b-bc9c-00a7ea70d2bd,2026-02-06T10:04:28Z
134,016d171f5b40a092315eaedc8d081495cfad78a0c0c6a8d57a0d940116e381fb,Buy Alphabet Stock After Strong Q4 Results or is it Too Soon?,yahoo_rss,2026-02-06T00:13:00Z,0,https://finance.yahoo.com/news/buy-alphabet-stock-strong-q4-001300837.html?.tsrc=rss,"Posting strong Q4 results yesterday evening, Alphabet (GOOGL) stock still dipped half a percentage point in Thursday's trading session as investors pondered its massive spending plans.",MSFT,yahoo_rss,28b4c1da-8d49-3c9b-9ae1-ccb6ab792b2e,2026-02-06T10:04:28Z
589,3c713a6e5ddd93f7b74561cdd2288d73ae148b56b9864eb49694db13717342af,Constellation Energy Corporation (CEG): A Bull Case Theory,yahoo_rss,2026-02-06T00:11:07Z,0,https://finance.yahoo.com/news/constellation-energy-corporation-ceg-bull-001107341.html?.tsrc=rss,"We came across a bullish thesis on Constellation Energy Corporation on Crack The Market’s Substack by Ozeco and The Black Line. In this article, we will summarize the bulls’ thesis on CEG. Constellation Energy Corporation’s share was trading at $250.46 as of February 4th. CEG’s trailing and forward P/E were 30.75 and 23.87 respectively according to Yahoo Finance. […]",META,yahoo_rss,8230fd85-d3e0-3ec8-8453-3d451c575543,2026-02-06T10:04:28Z
1079,407b0f59977fa289cd0c596447bee9fbb28a3988c8f5c88c2f94b3bc99f8dde7,Exxon Mobil stock price slips after oil drops; XOM traders brace for U.S.-Iran talks - TechStock²,TechStock²,2026-02-05T23:46:00Z,0,https://news.google.com/rss/articles/CBMipgFBVV95cUxPX0lISHVvWnBoZFJRRHYtYkVPM0Z3MzBuLWxDOENhQ0dGUWJOdzQ4azVYRmxFY1d0NWdBYTRrRW9xazE5UjZ4RFZ0SG9SSXN1eFVKdERfeUxpTDJlOU5wWENMYlExdzBOMExyRFpRZ2JNN0ZpZGwtcFVUUUxZeUZnUDFXbzdnUmEzbHVxSi0tRFFYVW5Ra0FVa1kzRE5lRnJrNTJia0tR?oc=5,"<a href=""https://news.google.com/rss/articles/CBMipgFBVV95cUxPX0lISHVvWnBoZFJRRHYtYkVPM0Z3MzBuLWxDOENhQ0dGUWJOdzQ4azVYRmxFY1d0NWdBYTRrRW9xazE5UjZ4RFZ0SG9SSXN1eFVKdERfeUxpTDJlOU5wWENMYlExdzBOMExyRFpRZ2JNN0ZpZGwtcFVUUUxZeUZnUDFXbzdnUmEzbHVxSi0tRFFYVW5Ra0FVa1kzRE5lRnJrNTJia0tR?oc=5"" target=""_blank"">Exxon Mobil stock price slips after oil drops; XOM traders brace for U.S.-Iran talks</a>&nbsp;&nbsp;<font color=""#6f6f6f"">TechStock²</font>",XOM,google_news_rss,CBMipgFBVV95cUxPX0lISHVvWnBoZFJRRHYtYkVPM0Z3MzBuLWxDOENhQ0dGUWJOdzQ4azVYRmxFY1d0NWdBYTRrRW9xazE5UjZ4RFZ0SG9SSXN1eFVKdERfeUxpTDJlOU5wWENMYlExdzBOMExyRFpRZ2JNN0ZpZGwtcFVUUUxZeUZnUDFXbzdnUmEzbHVxSi0tRFFYVW5Ra0FVa1kzRE5lRnJrNTJia0tR,2026-02-06T10:04:28Z
374,cb958bb8db12759c22f1ead13a92b798637bc54a8fe5f481a139566260230ace,"Amazon: Strong Business, Worsening Risk/Reward (Downgrade) (NASDAQ:AMZN) - Seeking Alpha",Seeking Alpha,2026-02-05T23:45:16Z,0,https://news.google.com/rss/articles/CBMimwFBVV95cUxPRVIweEN5dXFpWE9CbUtVUjMyMW5COXdEd0MtMC1oUjhEdVR0clVvRDVzLXRLMXpSdzhJeld2MGJkQUhnUDZqalFCalB2WlRkOGd4cjA4QWRKajVqSmw4UWthY0pIZkRKMHo0WktyR0ZSTTFtd3pzTVhnT0hHSGxaTk9WSWk0dXozamdPX05mSW5WWnRSMHFFbU13WQ?oc=5,"<a href=""https://news.google.com/rss/articles/CBMimwFBVV95cUxPRVIweEN5dXFpWE9CbUtVUjMyMW5COXdEd0MtMC1oUjhEdVR0clVvRDVzLXRLMXpSdzhJeld2MGJkQUhnUDZqalFCalB2WlRkOGd4cjA4QWRKajVqSmw4UWthY0pIZkRKMHo0WktyR0ZSTTFtd3pzTVhnT0hHSGxaTk9WSWk0dXozamdPX05mSW5WWnRSMHFFbU13WQ?oc=5"" target=""_blank"">Amazon: Strong Business, Worsening Risk/Reward (Downgrade) (NASDAQ:AMZN)</a>&nbsp;&nbsp;<font color=""#6f6f6f"">Seeking Alpha</font>",AMZN,google_news_rss,CBMimwFBVV95cUxPRVIweEN5dXFpWE9CbUtVUjMyMW5COXdEd0MtMC1oUjhEdVR0clVvRDVzLXRLMXpSdzhJeld2MGJkQUhnUDZqalFCalB2WlRkOGd4cjA4QWRKajVqSmw4UWthY0pIZkRKMHo0WktyR0ZSTTFtd3pzTVhnT0hHSGxaTk9WSWk0dXozamdPX05mSW5WWnRSMHFFbU13WQ,2026-02-06T10:04:28Z
968,adcacf1dbc4e82e64af0e34628f9738f9a821225fd6e3a67ab38f9395a47145c,Visa stock price dips after hours — what traders watch after Visa & Main’s $100 million small-business push - TechStock²,TechStock²,2026-02-05T23:35:00Z,0,https://news.google.com/rss/articles/CBMivwFBVV95cUxQSjRGdVpYcnJvT3VTaTg3eEV1U1J0RUVVU2lsUVhTazlFQ2FfQlA1bW9CbGQ1dk1LZlJpWENocnlCUEpJMFFtVWJ4c2RHcF8wem1xTGx1NUxzSFExcy1JQ1NwcUtaWVhscWNFUEc0YmhCVnBOM0VpMUxSZGN1bmFnREYwbFBDcTdDaFFqQTZfRXl6Tm1Dc1RNNnNUVGtrWDNUVnZ1MzZGWEZoNEhiVFZtVlVvcVdkLUlQYl9BdWRoQQ?oc=5,"<a href=""https://news.google.com/rss/articles/CBMivwFBVV95cUxQSjRGdVpYcnJvT3VTaTg3eEV1U1J0RUVVU2lsUVhTazlFQ2FfQlA1bW9CbGQ1dk1LZlJpWENocnlCUEpJMFFtVWJ4c2RHcF8wem1xTGx1NUxzSFExcy1JQ1NwcUtaWVhscWNFUEc0YmhCVnBOM0VpMUxSZGN1bmFnREYwbFBDcTdDaFFqQTZfRXl6Tm1Dc1RNNnNUVGtrWDNUVnZ1MzZGWEZoNEhiVFZtVlVvcVdkLUlQYl9BdWRoQQ?oc=5"" target=""_blank"">Visa stock price dips after hours — what traders watch after Visa & Main’s $100 million small-business push</a>&nbsp;&nbsp;<font color=""#6f6f6f"">TechStock²</font>",V,google_news_rss,CBMivwFBVV95cUxQSjRGdVpYcnJvT3VTaTg3eEV1U1J0RUVVU2lsUVhTazlFQ2FfQlA1bW9CbGQ1dk1LZlJpWENocnlCUEpJMFFtVWJ4c2RHcF8wem1xTGx1NUxzSFExcy1JQ1NwcUtaWVhscWNFUEc0YmhCVnBOM0VpMUxSZGN1bmFnREYwbFBDcTdDaFFqQTZfRXl6Tm1Dc1RNNnNUVGtrWDNUVnZ1MzZGWEZoNEhiVFZtVlVvcVdkLUlQYl9BdWRoQQ,2026-02-06T10:04:28Z
468,7187398b14ceb811ed3d088f1d0d751ea486c61dc3f1819da0ed020183bc6180,1 Important Number Nvidia Investors Should Watch on Feb. 25 -- and Nobody Is Talking About It,yahoo_rss,2026-02-05T23:35:00Z,0,https://www.fool.com/investing/2026/02/05/1-number-nvidia-watch-feb-25-nobody-talking-about/?.tsrc=rss,There might be a key risk hiding in Nvidia's upcoming 10-K filing with the Securities and Exchange Commission.,NVDA,yahoo_rss,8d094b4e-c6bf-3143-8ad8-4afdecf4078c,2026-02-06T10:04:28Z
261,e7a8fb9846304489ac5ca5d8ceecbfbb4a0af211c76d9bd4c6b7be71b8c2c239,Buy Alphabet Stock After Strong Q4 Results or is it Too Soon? - Zacks Investment Research,Zacks Investment Research,2026-02-05T23:31:33Z,0,https://news.google.com/rss/articles/CBMiowFBVV95cUxOSGtZOUJzWDFpMkNVZEtPVms0U2RyY01aSXlzWU1Sb21ONnpVcURfbml6eXBlRkFWX2xnRFRVLWpibFNnYnp5clBob09CWE84N1pNZG9kYXREWWZPMV9GOV9oSGFLT0F4Q05MZlVaai1vcV8zaUtiZUxOVlFFeGd5eWk0a3Z4TEFyTW81bnBUd29oMXh3SFRwTXpteXZhcGR3S2Rr?oc=5,"<a href=""https://news.google.com/rss/articles/CBMiowFBVV95cUxOSGtZOUJzWDFpMkNVZEtPVms0U2RyY01aSXlzWU1Sb21ONnpVcURfbml6eXBlRkFWX2xnRFRVLWpibFNnYnp5clBob09CWE84N1pNZG9kYXREWWZPMV9GOV9oSGFLT0F4Q05MZlVaai1vcV8zaUtiZUxOVlFFeGd5eWk0a3Z4TEFyTW81bnBUd29oMXh3SFRwTXpteXZhcGR3S2Rr?oc=5"" target=""_blank"">Buy Alphabet Stock After Strong Q4 Results or is it Too Soon?</a>&nbsp;&nbsp;<font color=""#6f6f6f"">Zacks Investment Research</font>",GOOGL,google_news_rss,CBMiowFBVV95cUxOSGtZOUJzWDFpMkNVZEtPVms0U2RyY01aSXlzWU1Sb21ONnpVcURfbml6eXBlRkFWX2xnRFRVLWpibFNnYnp5clBob09CWE84N1pNZG9kYXREWWZPMV9GOV9oSGFLT0F4Q05MZlVaai1vcV8zaUtiZUxOVlFFeGd5eWk0a3Z4TEFyTW81bnBUd29oMXh3SFRwTXpteXZhcGR3S2Rr,2026-02-06T10:04:28Z
5,7ea2ac6e0417102b4b3377672666b79415109ed168f8d2187d2fc2c7575e9adc,Warren Buffett Knocked Out Of Top 10 Richest People List Thanks To Walmart,yahoo_rss,2026-02-05T23:31:12Z,0,https://finance.yahoo.com/news/warren-buffett-knocked-top-10-233112682.html?.tsrc=rss,"Legendary investor Warren Buffett ended his run as the CEO of Berkshire Hathaway (NYSE:BRK)(NYSE:BRK) at the end of 2025. Buffett may have another long run coming to an end as of Tuesday. Buffett Drops Out Of Top 10 Richest Once the richest person in the world, Buffett finished 2025 ranked 10th at a net worth of $151 billion, up $9.44 billion for the year. Just over one month into 2026, Buffett has fallen out of the top 10 richest people in the world, with Walmart Inc (NYSE:WMT) heir Jim Walton",AAPL,yahoo_rss,8a17b328-02d7-3188-8f44-aa6547d0f72d,2026-02-06T10:04:28Z
163,f22394e013f97fb1f30ed5fb848b0be0c7ae537f8aec661a569ad295157128a1,Why Microsoft Stock Slumped by 5% on Thursday - The Globe and Mail,The Globe and Mail,2026-02-05T23:29:48Z,0,https://news.google.com/rss/articles/CBMiyAFBVV95cUxPTThXZnZqTmRRZUNTLURQdFN5S09PeHRoOWUzWXFUY0JBNTcyR1Q4QkhNQW5rbVVBVEI4UEM4TjY0WTNscGVUVFlCRUxoRVRTNTNwajBieldDREFTSFE1WktuX0NIaGlKQTNoN0dzRVc5dDZ3UXJrV0hBYWVmRGdrMnQtaEdpZmIydXpDWHdWVzM0SHRmT3ZGRHpFSUk0S04ybnRIOXh5TVVLcV80SGhqall3TTNEb3NsYkFiZGxySzgtWWh1NndwVQ?oc=5,"<a href=""https://news.google.com/rss/articles/CBMiyAFBVV95cUxPTThXZnZqTmRRZUNTLURQdFN5S09PeHRoOWUzWXFUY0JBNTcyR1Q4QkhNQW5rbVVBVEI4UEM4TjY0WTNscGVUVFlCRUxoRVRTNTNwajBieldDREFTSFE1WktuX0NIaGlKQTNoN0dzRVc5dDZ3UXJrV0hBYWVmRGdrMnQtaEdpZmIydXpDWHdWVzM0SHRmT3ZGRHpFSUk0S04ybnRIOXh5TVVLcV80SGhqall3TTNEb3NsYkFiZGxySzgtWWh1NndwVQ?oc=5"" target=""_blank"">Why Microsoft Stock Slumped by 5% on Thursday</a>&nbsp;&nbsp;<font color=""#6f6f6f"">The Globe and Mail</font>",MSFT,google_news_rss,CBMiyAFBVV95cUxPTThXZnZqTmRRZUNTLURQdFN5S09PeHRoOWUzWXFUY0JBNTcyR1Q4QkhNQW5rbVVBVEI4UEM4TjY0WTNscGVUVFlCRUxoRVRTNTNwajBieldDREFTSFE1WktuX0NIaGlKQTNoN0dzRVc5dDZ3UXJrV0hBYWVmRGdrMnQtaEdpZmIydXpDWHdWVzM0SHRmT3ZGRHpFSUk0S04ybnRIOXh5TVVLcV80SGhqall3TTNEb3NsYkFiZGxySzgtWWh1NndwVQ,2026-02-06T10:04:28Z
820,c42b2dfdb04ca99f6bcaf0b0d5e665762134e76dd4c6f91c5b8e37db3231855a,JPMorgan revisits Bitcoin forecast after crash,yahoo_rss,2026-02-05T23:28:26Z,0,https://www.thestreet.com/crypto/markets/jpmorgan-revisits-bitcoin-forecast-after-crash?.tsrc=rss,"Just to give you an update before we even get into forecasts or fundamentals, Bitcoin (BTC) is trading around $65,000 right now. In mid-January, Bitcoin was hovering near $75,000. Since then, it hasn’t fallen off a cliff; it's been slowly, uncomfortably bleeding lower. First $72K. Then $70K. Then ...",JPM,yahoo_rss,a5f9c2d6-b4a5-3d70-be79-913469a88c48,2026-02-06T10:04:28Z
399,8980360d1b6a94120d88321d16f6abd0807c7cd6832a09d428d55e86243bda67,"Earnings call transcript: Amazon’s Q4 2025 revenue beats forecast, stock dips - Investing.com",Investing.com,2026-02-05T23:27:00Z,0,https://news.google.com/rss/articles/CBMiygFBVV95cUxQcFVFWFpSYjZLTlNZS1U2STNreGh5dUVOUXJaanJDMlU3R3d5eHlva3E5NnpiV1hQU2hvaElyU05wdnlnbmt6WE5kaTU1NjdFTGNIaV9RdHQ1aE1ZRWJDM2V5Z2dDTG9vbnRjQWRLNU5BWXh6MG1GdHJPZUZ5aUlYY2dwV3paNFUzdzI4SWRhaVNidWZXa2RndVFRZ2R4WFhnYnJGNG9waWZkdFh5WFpXcmlFUWFPbU5QVzVDRHdEa1UxMGFtOHdyNHBB?oc=5,"<a href=""https://news.google.com/rss/articles/CBMiygFBVV95cUxQcFVFWFpSYjZLTlNZS1U2STNreGh5dUVOUXJaanJDMlU3R3d5eHlva3E5NnpiV1hQU2hvaElyU05wdnlnbmt6WE5kaTU1NjdFTGNIaV9RdHQ1aE1ZRWJDM2V5Z2dDTG9vbnRjQWRLNU5BWXh6MG1GdHJPZUZ5aUlYY2dwV3paNFUzdzI4SWRhaVNidWZXa2RndVFRZ2R4WFhnYnJGNG9waWZkdFh5WFpXcmlFUWFPbU5QVzVDRHdEa1UxMGFtOHdyNHBB?oc=5"" target=""_blank"">Earnings call transcript: Amazon’s Q4 2025 revenue beats forecast, stock dips</a>&nbsp;&nbsp;<font color=""#6f6f6f"">Investing.com</font>",AMZN,google_news_rss,CBMiygFBVV95cUxQcFVFWFpSYjZLTlNZS1U2STNreGh5dUVOUXJaanJDMlU3R3d5eHlva3E5NnpiV1hQU2hvaElyU05wdnlnbmt6WE5kaTU1NjdFTGNIaV9RdHQ1aE1ZRWJDM2V5Z2dDTG9vbnRjQWRLNU5BWXh6MG1GdHJPZUZ5aUlYY2dwV3paNFUzdzI4SWRhaVNidWZXa2RndVFRZ2R4WFhnYnJGNG9waWZkdFh5WFpXcmlFUWFPbU5QVzVDRHdEa1UxMGFtOHdyNHBB,2026-02-06T10:04:28Z
136,5d42f6e6d03cf2a8d4b5dbc4526e7dbaf9c54b97f0ad139208143a7b086a7f90,Why Microsoft Stock Slumped by 5% on Thursday,yahoo_rss,2026-02-05T23:26:49Z,0,https://www.fool.com/investing/2026/02/05/why-microsoft-stock-slumped-by-5-on-thursday/?.tsrc=rss,An analyst downgrade exacerbated negative sentiment on companies such as the veteran tech titan.,MSFT,yahoo_rss,37e29103-5eab-373d-9a12-7411f4389672,2026-02-06T10:04:28Z
137,e71a844ca47e25cb28c8f87154ad767250bb1dd89016a23ace94d4a66d54dc95,Amazon Shares Sink as Company Boosts AI Spending by Nearly 60%,yahoo_rss,2026-02-05T23:20:00Z,0,https://finance.yahoo.com/m/f17c0bc0-d0da-3328-89b7-ad5f20481566/amazon-shares-sink-as-company.html?.tsrc=rss,"Amazon.com  shares fell sharply after the technology giant unveiled plans for a massive increase in AI-related spending and fourth-quarter growth in its cloud-computing unit that was slower than rivals.  The company said it expects $200 billion in 2026 capital spending, a nearly 60% increase from last year and far above Wall Street expectations.  Amazon’s stock fell by about 10% in after-hours trading.",MSFT,yahoo_rss,f17c0bc0-d0da-3328-89b7-ad5f20481566,2026-02-06T10:04:28Z
402,637a2883796376d63cc3779e45f2ff09746eab0d3e8adfa0e3eb8035442b1230,"AMZN Amazon.com, Inc. (NASDAQ) 05 Feb 2026 earnings close: AWS margin outlook key - Meyka",Meyka,2026-02-05T23:11:12Z,0,https://news.google.com/rss/articles/CBMipwFBVV95cUxQSDE1MHRpdEdhNTFuSnV3Z010aVROTmRCLTZqMjJBNUQ0eS1Ba0dFUU1DTEFrVUNXN0E0TmptU0tobEZfdjl4T1B5eFNOdEJSQVJIX1UzYmJMWlBWcl9raktEblJDNjJDdFZCbmF5ZnE1UmxpTXZMMUF6Y2xDek1xSXlVQjNRYWY2cERtNVYwYkNINDVkbWVNSjZSR2JZZDhwNmpIU0ZiTQ?oc=5,"<a href=""https://news.google.com/rss/articles/CBMipwFBVV95cUxQSDE1MHRpdEdhNTFuSnV3Z010aVROTmRCLTZqMjJBNUQ0eS1Ba0dFUU1DTEFrVUNXN0E0TmptU0tobEZfdjl4T1B5eFNOdEJSQVJIX1UzYmJMWlBWcl9raktEblJDNjJDdFZCbmF5ZnE1UmxpTXZMMUF6Y2xDek1xSXlVQjNRYWY2cERtNVYwYkNINDVkbWVNSjZSR2JZZDhwNmpIU0ZiTQ?oc=5"" target=""_blank"">AMZN Amazon.com, Inc. (NASDAQ) 05 Feb 2026 earnings close: AWS margin outlook key</a>&nbsp;&nbsp;<font color=""#6f6f6f"">Meyka</font>",AMZN,google_news_rss,CBMipwFBVV95cUxQSDE1MHRpdEdhNTFuSnV3Z010aVROTmRCLTZqMjJBNUQ0eS1Ba0dFUU1DTEFrVUNXN0E0TmptU0tobEZfdjl4T1B5eFNOdEJSQVJIX1UzYmJMWlBWcl9raktEblJDNjJDdFZCbmF5ZnE1UmxpTXZMMUF6Y2xDek1xSXlVQjNRYWY2cERtNVYwYkNINDVkbWVNSjZSR2JZZDhwNmpIU0ZiTQ,2026-02-06T10:04:28Z
146,63e06e47c8978c728df1a26d1b7eef5c2ab7dee2a7c42be666778f5503c38b09,Why Microsoft Stock Slumped by 5% on Thursday - The Motley Fool,The Motley Fool,2026-02-05T23:06:00Z,0,https://news.google.com/rss/articles/CBMikAFBVV95cUxNRGJqQ1pOckc1NGp6dkhJRmphUllOTzRfanFfY0NvaXczSUJlaHJFWVJJWWhwekZKemN5V0JubGpHdUlPYUtKRDJxT2Y2ekE4UDVrOVZFS1pFLTNZa3ZzejBBRnIyeF9nUGJUclBlVFJneFJWR05QTjNoSmNGT2NDRTUtWEp3RlVIWTQtbS1sbm0?oc=5,"<a href=""https://news.google.com/rss/articles/CBMikAFBVV95cUxNRGJqQ1pOckc1NGp6dkhJRmphUllOTzRfanFfY0NvaXczSUJlaHJFWVJJWWhwekZKemN5V0JubGpHdUlPYUtKRDJxT2Y2ekE4UDVrOVZFS1pFLTNZa3ZzejBBRnIyeF9nUGJUclBlVFJneFJWR05QTjNoSmNGT2NDRTUtWEp3RlVIWTQtbS1sbm0?oc=5"" target=""_blank"">Why Microsoft Stock Slumped by 5% on Thursday</a>&nbsp;&nbsp;<font color=""#6f6f6f"">The Motley Fool</font>",MSFT,google_news_rss,CBMikAFBVV95cUxNRGJqQ1pOckc1NGp6dkhJRmphUllOTzRfanFfY0NvaXczSUJlaHJFWVJJWWhwekZKemN5V0JubGpHdUlPYUtKRDJxT2Y2ekE4UDVrOVZFS1pFLTNZa3ZzejBBRnIyeF9nUGJUclBlVFJneFJWR05QTjNoSmNGT2NDRTUtWEp3RlVIWTQtbS1sbm0,2026-02-06T10:04:28Z
592,43f09df278aa71d83e0c3a72cd9eb04fa06de4862f3f87b0f511be3ea2a37f91,"Stock Market Today, Feb. 5: Alphabet Rallies Back to Even After Unveiling 2026 AI Spending Plan Near $185 Billion",yahoo_rss,2026-02-05T23:03:38Z,0,https://www.fool.com/coverage/stock-market-today/2026/02/05/stock-market-today-feb-5-alphabet-rallies-back-to-even-after-unveiling-2026-ai-spending-plan-near-usd185-billion/?.tsrc=rss,"Alphabet’s massive 2026 AI build-out is testing how much near-term cash flow pressure investors will tolerate, today, Feb. 5, 2026.",META,yahoo_rss,e73a2805-6b08-303c-9043-dd932b2544dc,2026-02-06T10:04:28Z
373,f138c2f619374e83f95f83a0bd218dd1c07f51c8e646efb974dd4a4df535c317,"Stock Market Today, Feb. 5: Amazon Shares Drop on Tech Sell-Off Ahead of Earnings and AWS Growth Outlook - Yahoo Finance",Yahoo Finance,2026-02-05T23:02:50Z,0,https://news.google.com/rss/articles/CBMiekFVX3lxTE55amFJd19WaXJ5QWhILW82ZUVzNWp6bmkybm5BMU92TEYxNUJ6ODN2QzhNc1hNTnhWSjJUYXcyY1FoY0xoM21XYm1FWjZ4N3Y3d2tHalpEQ1BCSDRFWXhBYzliZElXMm5DN2JDOHo4c0h2T3BEMEJsajV3?oc=5,"<a href=""https://news.google.com/rss/articles/CBMiekFVX3lxTE55amFJd19WaXJ5QWhILW82ZUVzNWp6bmkybm5BMU92TEYxNUJ6ODN2QzhNc1hNTnhWSjJUYXcyY1FoY0xoM21XYm1FWjZ4N3Y3d2tHalpEQ1BCSDRFWXhBYzliZElXMm5DN2JDOHo4c0h2T3BEMEJsajV3?oc=5"" target=""_blank"">Stock Market Today, Feb. 5: Amazon Shares Drop on Tech Sell-Off Ahead of Earnings and AWS Growth Outlook</a>&nbsp;&nbsp;<font color=""#6f6f6f"">Yahoo Finance</font>",AMZN,google_news_rss,CBMiekFVX3lxTE55amFJd19WaXJ5QWhILW82ZUVzNWp6bmkybm5BMU92TEYxNUJ6ODN2QzhNc1hNTnhWSjJUYXcyY1FoY0xoM21XYm1FWjZ4N3Y3d2tHalpEQ1BCSDRFWXhBYzliZElXMm5DN2JDOHo4c0h2T3BEMEJsajV3,2026-02-06T10:04:28Z
396,b5013fd1069f1e8433d7a9a347063aff39463d6c9f4fce7f87b46d56862b03f5,Amazon: Gigantic $200 Billion Spending Plan Sends Shares Lower (NASDAQ:AMZN) - Seeking Alpha,Seeking Alpha,2026-02-05T23:00:03Z,0,https://news.google.com/rss/articles/CBMiowFBVV95cUxNcVZWdVkwZnlfWHdGRC1UTEhBZ1NsdkRXM1pFNWdsWFVzalBPNXlqWnNhb1VNUGhZVVQ5b3R5U05ZX3RDSGpxTHN0OGRxLW94c3RodGVlSi1MZzlCT2JjeEtFb3NBNFZOVkRHV293a3VWa0pXT2VuLWUwZFdWS1MyUjJJaU1MZG9SX1d1TURsNlN6RTNIYld6X0l4dGN6NklpUGVR?oc=5,"<a href=""https://news.google.com/rss/articles/CBMiowFBVV95cUxNcVZWdVkwZnlfWHdGRC1UTEhBZ1NsdkRXM1pFNWdsWFVzalBPNXlqWnNhb1VNUGhZVVQ5b3R5U05ZX3RDSGpxTHN0OGRxLW94c3RodGVlSi1MZzlCT2JjeEtFb3NBNFZOVkRHV293a3VWa0pXT2VuLWUwZFdWS1MyUjJJaU1MZG9SX1d1TURsNlN6RTNIYld6X0l4dGN6NklpUGVR?oc=5"" target=""_blank"">Amazon: Gigantic $200 Billion Spending Plan Sends Shares Lower (NASDAQ:AMZN)</a>&nbsp;&nbsp;<font color=""#6f6f6f"">Seeking Alpha</font>",AMZN,google_news_rss,CBMiowFBVV95cUxNcVZWdVkwZnlfWHdGRC1UTEhBZ1NsdkRXM1pFNWdsWFVzalBPNXlqWnNhb1VNUGhZVVQ5b3R5U05ZX3RDSGpxTHN0OGRxLW94c3RodGVlSi1MZzlCT2JjeEtFb3NBNFZOVkRHV293a3VWa0pXT2VuLWUwZFdWS1MyUjJJaU1MZG9SX1d1TURsNlN6RTNIYld6X0l4dGN6NklpUGVR,2026-02-06T10:04:28Z
593,3a58dcd925e3b5b790404e74b94cf02d95d9a5da5c6a0e81a3152fb8e8dd12fd,Heard on the Street Recap: Chomping at the Bitcoin,yahoo_rss,2026-02-05T23:00:02Z,0,https://finance.yahoo.com/m/368d2563-a21a-3a81-8b2d-ce75f3256521/heard-on-the-street-recap%3A.html?.tsrc=rss,"A broad array of AI-exposed companies saw their shares decline, including software companies, data service firms, hyperscalers, and fund managers that invest in software companies.  Thomson Reuters on its Thursday earnings call argued that their legal-research business cannot be replaced by general-purpose AI models.  The Nasdaq composite and the S&amp;P 500 fell for the third consecutive trading day.",META,yahoo_rss,368d2563-a21a-3a81-8b2d-ce75f3256521,2026-02-06T10:04:28Z
485,5f75b43faaa45a2f1cab888454c06c52816bd964941fe7ad2943507fa4793c8a,NVIDIA (NASDAQ:NVDA) Shares Down 1.4% - Here's Why - MarketBeat,MarketBeat,2026-02-05T22:55:37Z,0,https://news.google.com/rss/articles/CBMinAFBVV95cUxPMkVjdGE1RUp1NmZXS1prMW5MaWhIM1Jib0g5ZDB0RHFBT3pTNGQ3ZkRVbFBKaTlNR1JFaWQ2OXFUV1pjWDVIY25BUXVZbEd5SGs4MEZ5bE1uUk1TRkp5enNubTlzalQ5Nm1IcmRrbVp1Sm5iUXZVbTlyV3ZKLUZnc1dXcXhMd2xKV2c1a1FlS251Tk9VM0U4b3g1WkY?oc=5,"<a href=""https://news.google.com/rss/articles/CBMinAFBVV95cUxPMkVjdGE1RUp1NmZXS1prMW5MaWhIM1Jib0g5ZDB0RHFBT3pTNGQ3ZkRVbFBKaTlNR1JFaWQ2OXFUV1pjWDVIY25BUXVZbEd5SGs4MEZ5bE1uUk1TRkp5enNubTlzalQ5Nm1IcmRrbVp1Sm5iUXZVbTlyV3ZKLUZnc1dXcXhMd2xKV2c1a1FlS251Tk9VM0U4b3g1WkY?oc=5"" target=""_blank"">NVIDIA (NASDAQ:NVDA) Shares Down 1.4% - Here's Why</a>&nbsp;&nbsp;<font color=""#6f6f6f"">MarketBeat</font>",NVDA,google_news_rss,CBMinAFBVV95cUxPMkVjdGE1RUp1NmZXS1prMW5MaWhIM1Jib0g5ZDB0RHFBT3pTNGQ3ZkRVbFBKaTlNR1JFaWQ2OXFUV1pjWDVIY25BUXVZbEd5SGs4MEZ5bE1uUk1TRkp5enNubTlzalQ5Nm1IcmRrbVp1Sm5iUXZVbTlyV3ZKLUZnc1dXcXhMd2xKV2c1a1FlS251Tk9VM0U4b3g1WkY,2026-02-06T10:04:28Z
1080,104c9d51d8dfec96ab1856c991df20e2a03f2e7c99170c05d563a7cf2331bdc6,Exxon Mobil (NYSE:XOM) Stock Price Down 1% - Here's Why - MarketBeat,MarketBeat,2026-02-05T22:54:44Z,0,https://news.google.com/rss/articles/CBMipAFBVV95cUxNLWdfbHkyNmJWbThQSTNGNlBnVDN4ZnFpMEtBUzhJNXl0eTV6Nzk1NWQ3SVlNek9OMDZCZzRTM0d0LV9UZ1F6aFRHc1FleWRXNHZfM1VIX2FXdXJ0bmszdmtBSklTS29RQWtQM01BOG11c1prWlVGV084dmVBNFpKZVZFRzc2NVVHdTlxOHhuWk9GckYtM2V4b05zNWJrdktENzZhdA?oc=5,"<a href=""https://news.google.com/rss/articles/CBMipAFBVV95cUxNLWdfbHkyNmJWbThQSTNGNlBnVDN4ZnFpMEtBUzhJNXl0eTV6Nzk1NWQ3SVlNek9OMDZCZzRTM0d0LV9UZ1F6aFRHc1FleWRXNHZfM1VIX2FXdXJ0bmszdmtBSklTS29RQWtQM01BOG11c1prWlVGV084dmVBNFpKZVZFRzc2NVVHdTlxOHhuWk9GckYtM2V4b05zNWJrdktENzZhdA?oc=5"" target=""_blank"">Exxon Mobil (NYSE:XOM) Stock Price Down 1% - Here's Why</a>&nbsp;&nbsp;<font color=""#6f6f6f"">MarketBeat</font>",XOM,google_news_rss,CBMipAFBVV95cUxNLWdfbHkyNmJWbThQSTNGNlBnVDN4ZnFpMEtBUzhJNXl0eTV6Nzk1NWQ3SVlNek9OMDZCZzRTM0d0LV9UZ1F6aFRHc1FleWRXNHZfM1VIX2FXdXJ0bmszdmtBSklTS29RQWtQM01BOG11c1prWlVGV084dmVBNFpKZVZFRzc2NVVHdTlxOHhuWk9GckYtM2V4b05zNWJrdktENzZhdA,2026-02-06T10:04:28Z
2614,88a5f2d37fbb10b9853a2a03e5dabb5c3d12d401a8461bcb3f0a608add4e6d72,Alphabet Stock Is Taking a Hit After Strong Earnings. Don’t Panic. - Barron's,Barron's,2026-02-05T22:52:00Z,0,https://news.google.com/rss/articles/CBMihANBVV95cUxQRkgtMV9LamJYLWxwRHVmRUxOdmktQllocmVORFEyRWtzdTd4dU5QWlVEOWFlcktBV1BqVFk2OER5b0VZRmJSYVBUZjRXS183ampSSDN0d2lvUW5QbE55MXFvb3c5dllHcFhnVWdoa1c3LU1TMzllN0Z0dnA4ZWl2NWx1VDN4aUQ5ampIdk9pLW9tMVFpZTBnR2w1WC1XbEt3ZUpNaWRuRHVaQmt4Q0xBYTFZZTlLaEQ4aW81c0VHR054SWI3cVF1amRNR2kyQm40bzluZHVDMmFjQ1lmX01hdU4yQVNFcXlMNWVvV1gwTWJtRFhrdE5KN29YUE5uY0pheGZhRlgwdjhfVnVuS2tndFlfb0xnU0IyakRmUGRRbEFjYmdQQWVOVm5XYXZqOHd1TUFXSDJ3RUZZVF9WVldVREdJaTNLdy00eFV0Y0NYOXA3MUFZb2FKUG8zTU5yMExFblJFR25BWDV3Z3JCU1BoOGVvOFdLODA1UUhNTkRDSDQ4S0Rl?oc=5,"<a href=""https://news.google.com/rss/articles/CBMihANBVV95cUxQRkgtMV9LamJYLWxwRHVmRUxOdmktQllocmVORFEyRWtzdTd4dU5QWlVEOWFlcktBV1BqVFk2OER5b0VZRmJSYVBUZjRXS183ampSSDN0d2lvUW5QbE55MXFvb3c5dllHcFhnVWdoa1c3LU1TMzllN0Z0dnA4ZWl2NWx1VDN4aUQ5ampIdk9pLW9tMVFpZTBnR2w1WC1XbEt3ZUpNaWRuRHVaQmt4Q0xBYTFZZTlLaEQ4aW81c0VHR054SWI3cVF1amRNR2kyQm40bzluZHVDMmFjQ1lmX01hdU4yQVNFcXlMNWVvV1gwTWJtRFhrdE5KN29YUE5uY0pheGZhRlgwdjhfVnVuS2tndFlfb0xnU0IyakRmUGRRbEFjYmdQQWVOVm5XYXZqOHd1TUFXSDJ3RUZZVF9WVldVREdJaTNLdy00eFV0Y0NYOXA3MUFZb2FKUG8zTU5yMExFblJFR25BWDV3Z3JCU1BoOGVvOFdLODA1UUhNTkRDSDQ4S0Rl?oc=5"" target=""_blank"">Alphabet Stock Is Taking a Hit After Strong Earnings. Don’t Panic.</a>&nbsp;&nbsp;<font color=""#6f6f6f"">Barron's</font>",GOOGL,google_news_rss,CBMihANBVV95cUxQRkgtMV9LamJYLWxwRHVmRUxOdmktQllocmVORFEyRWtzdTd4dU5QWlVEOWFlcktBV1BqVFk2OER5b0VZRmJSYVBUZjRXS183ampSSDN0d2lvUW5QbE55MXFvb3c5dllHcFhnVWdoa1c3LU1TMzllN0Z0dnA4ZWl2NWx1VDN4aUQ5ampIdk9pLW9tMVFpZTBnR2w1WC1XbEt3ZUpNaWRuRHVaQmt4Q0xBYTFZZTlLaEQ4aW81c0VHR054SWI3cVF1amRNR2kyQm40bzluZHVDMmFjQ1lmX01hdU4yQVNFcXlMNWVvV1gwTWJtRFhrdE5KN29YUE5uY0pheGZhRlgwdjhfVnVuS2tndFlfb0xnU0IyakRmUGRRbEFjYmdQQWVOVm5XYXZqOHd1TUFXSDJ3RUZZVF9WVldVREdJaTNLdy00eFV0Y0NYOXA3MUFZb2FKUG8zTU5yMExFblJFR25BWDV3Z3JCU1BoOGVvOFdLODA1UUhNTkRDSDQ4S0Rl,2026-02-06T19:12:42Z
265,6f68b9e20b26ee6f0d7164caa0d4c5e73f873b494446879ae0bfee599ecdc2b3,Alphabet Stock Is Taking a Hit After Strong Earnings. Don’t Panic. - Barron's,Barron's,2026-02-05T22:52:00Z,0,https://news.google.com/rss/articles/CBMihANBVV95cUxQWVJSTXB4TS1ucFhaNVBHZmpmSThnTU1oZnlpYThXZlJzaDNXQVRPal9SZ1JMb0pGTkRlY2J4UWM2T2J1N1AxNEY3WE0wQkpCbXB2RnptNjItanBjaEtYU0lGWUhLMnlFQ2VUbWI2S1lOTDNzZFVsX2V0Mk5NQzVRUHM5UFhCTkpQLW55VEo1NTdlVUZKN0cyaUIxeVlVNFZLTzRfWE1RNG9jRnRzTXJnMGs0cEZ0bUpWSVhBQi1IMjZmV2N6MXVGSUJLQlFzNThYRTlQRC1MSTVyQmRtT01GWDNWeXRlQmR2TnA0ckY2Yllkb1lKNElNYU01UkkxTGpSWERGdlpTeEJPaW5aM1RZOFFheENVa2xOOC1YOUU5MWhCUF9qVFpORjVTSDR3SDVsb1FfMUk0dzRERG53TGw5WGRvelpZa0h6TDRFbm9aNEFtb0ZvVUt5QVRoY3RDOFRaLWpJQk1kX0hJczc2RlhfYkRHSzUyZ2pXVERCV01GM0RIMlFX?oc=5,"<a href=""https://news.google.com/rss/articles/CBMihANBVV95cUxQWVJSTXB4TS1ucFhaNVBHZmpmSThnTU1oZnlpYThXZlJzaDNXQVRPal9SZ1JMb0pGTkRlY2J4UWM2T2J1N1AxNEY3WE0wQkpCbXB2RnptNjItanBjaEtYU0lGWUhLMnlFQ2VUbWI2S1lOTDNzZFVsX2V0Mk5NQzVRUHM5UFhCTkpQLW55VEo1NTdlVUZKN0cyaUIxeVlVNFZLTzRfWE1RNG9jRnRzTXJnMGs0cEZ0bUpWSVhBQi1IMjZmV2N6MXVGSUJLQlFzNThYRTlQRC1MSTVyQmRtT01GWDNWeXRlQmR2TnA0ckY2Yllkb1lKNElNYU01UkkxTGpSWERGdlpTeEJPaW5aM1RZOFFheENVa2xOOC1YOUU5MWhCUF9qVFpORjVTSDR3SDVsb1FfMUk0dzRERG53TGw5WGRvelpZa0h6TDRFbm9aNEFtb0ZvVUt5QVRoY3RDOFRaLWpJQk1kX0hJczc2RlhfYkRHSzUyZ2pXVERCV01GM0RIMlFX?oc=5"" target=""_blank"">Alphabet Stock Is Taking a Hit After Strong Earnings. Don’t Panic.</a>&nbsp;&nbsp;<font color=""#6f6f6f"">Barron's</font>",GOOGL,google_news_rss,CBMihANBVV95cUxQWVJSTXB4TS1ucFhaNVBHZmpmSThnTU1oZnlpYThXZlJzaDNXQVRPal9SZ1JMb0pGTkRlY2J4UWM2T2J1N1AxNEY3WE0wQkpCbXB2RnptNjItanBjaEtYU0lGWUhLMnlFQ2VUbWI2S1lOTDNzZFVsX2V0Mk5NQzVRUHM5UFhCTkpQLW55VEo1NTdlVUZKN0cyaUIxeVlVNFZLTzRfWE1RNG9jRnRzTXJnMGs0cEZ0bUpWSVhBQi1IMjZmV2N6MXVGSUJLQlFzNThYRTlQRC1MSTVyQmRtT01GWDNWeXRlQmR2TnA0ckY2Yllkb1lKNElNYU01UkkxTGpSWERGdlpTeEJPaW5aM1RZOFFheENVa2xOOC1YOUU5MWhCUF9qVFpORjVTSDR3SDVsb1FfMUk0dzRERG53TGw5WGRvelpZa0h6TDRFbm9aNEFtb0ZvVUt5QVRoY3RDOFRaLWpJQk1kX0hJczc2RlhfYkRHSzUyZ2pXVERCV01GM0RIMlFX,2026-02-06T10:04:28Z
726,feae710e8472d711ede0edf02f8b2c8571c3d5a0033901ec0d4c3ebf7952765d,Tesla (NASDAQ:TSLA) Trading Down 2.2% - Here's What Happened - MarketBeat,MarketBeat,2026-02-05T22:50:17Z,0,https://news.google.com/rss/articles/CBMiqgFBVV95cUxPTWdLRGNmMUV3azBUSll1eTFFMWJzX1FBM0J4OWpUYi1lUFg4OTBQZmJoOXUwcnhTVjhfT0Exa3FVckpyMS1VTGZvX1BFNmZYVHVjQ1JyNlNmREl6Z2V3emdXZ0dzMHctUFd3QzlJS0FhSTloSWk2ZkRWNWxOYVFFVUdkVS1BQ2k5UDNET2QtdG92U0pGWGtDY3NKVHZXRFJ2Zno4djctNE1mZw?oc=5,"<a href=""https://news.google.com/rss/articles/CBMiqgFBVV95cUxPTWdLRGNmMUV3azBUSll1eTFFMWJzX1FBM0J4OWpUYi1lUFg4OTBQZmJoOXUwcnhTVjhfT0Exa3FVckpyMS1VTGZvX1BFNmZYVHVjQ1JyNlNmREl6Z2V3emdXZ0dzMHctUFd3QzlJS0FhSTloSWk2ZkRWNWxOYVFFVUdkVS1BQ2k5UDNET2QtdG92U0pGWGtDY3NKVHZXRFJ2Zno4djctNE1mZw?oc=5"" target=""_blank"">Tesla (NASDAQ:TSLA) Trading Down 2.2% - Here's What Happened</a>&nbsp;&nbsp;<font color=""#6f6f6f"">MarketBeat</font>",TSLA,google_news_rss,CBMiqgFBVV95cUxPTWdLRGNmMUV3azBUSll1eTFFMWJzX1FBM0J4OWpUYi1lUFg4OTBQZmJoOXUwcnhTVjhfT0Exa3FVckpyMS1VTGZvX1BFNmZYVHVjQ1JyNlNmREl6Z2V3emdXZ0dzMHctUFd3QzlJS0FhSTloSWk2ZkRWNWxOYVFFVUdkVS1BQ2k5UDNET2QtdG92U0pGWGtDY3NKVHZXRFJ2Zno4djctNE1mZw,2026-02-06T10:04:28Z
377,ab63bef5547c42fc77ff7cd1fd562a343e23132d3d90f970b2644cd9748a9fda,Amazon CEO Andy Jassy plans to 'invest aggressively' in AI - Yahoo Finance,Yahoo Finance,2026-02-05T22:46:30Z,0,https://news.google.com/rss/articles/CBMif0FVX3lxTE0zbXpTb1BqNEVwbG1CTnJENTMzR1ViMjM0NlRLNGZmel81Wnk0T3NyRWptRVdENkF1VTUyNDB4Yk9udFNtSGlDZWJRUlJCaDRVRGN4aWF2QWNWc0pCNFJzcnFtUWZYY09lV25EcUQ3Y1hNUVdRWFdhSjFMT1JyZnc?oc=5,"<a href=""https://news.google.com/rss/articles/CBMif0FVX3lxTE0zbXpTb1BqNEVwbG1CTnJENTMzR1ViMjM0NlRLNGZmel81Wnk0T3NyRWptRVdENkF1VTUyNDB4Yk9udFNtSGlDZWJRUlJCaDRVRGN4aWF2QWNWc0pCNFJzcnFtUWZYY09lV25EcUQ3Y1hNUVdRWFdhSjFMT1JyZnc?oc=5"" target=""_blank"">Amazon CEO Andy Jassy plans to 'invest aggressively' in AI</a>&nbsp;&nbsp;<font color=""#6f6f6f"">Yahoo Finance</font>",AMZN,google_news_rss,CBMif0FVX3lxTE0zbXpTb1BqNEVwbG1CTnJENTMzR1ViMjM0NlRLNGZmel81Wnk0T3NyRWptRVdENkF1VTUyNDB4Yk9udFNtSGlDZWJRUlJCaDRVRGN4aWF2QWNWc0pCNFJzcnFtUWZYY09lV25EcUQ3Y1hNUVdRWFdhSjFMT1JyZnc,2026-02-06T10:04:28Z
307,bcf5f3dddef8596d434e2a2b957f09dd3f39ae1a76687f50f4197fb4da3986f3,"Alphabet Crushes Earnings Again, Reports 48% Cloud Revenue Growth - MarketBeat",MarketBeat,2026-02-05T22:46:16Z,0,https://news.google.com/rss/articles/CBMiowFBVV95cUxQT2xGMk1mTlJtMXNQLU1IMnVCRHZuYU81MHZpMUpITmJ2Q05YRzlnemVkMUhfYUZtaURhbFRzVnR5bDNDZ05IUHZUM3pvc296bnZjaDlmNXdXYUNPckhqdkJ2czMySWFUQ0J0QURGRG96NWdiVm54NUVxTzk2UVdJdVJyTU1saGdBQmtOX3hZaFNLc2tWRlZvYkdHMnpkelplX3lv?oc=5,"<a href=""https://news.google.com/rss/articles/CBMiowFBVV95cUxQT2xGMk1mTlJtMXNQLU1IMnVCRHZuYU81MHZpMUpITmJ2Q05YRzlnemVkMUhfYUZtaURhbFRzVnR5bDNDZ05IUHZUM3pvc296bnZjaDlmNXdXYUNPckhqdkJ2czMySWFUQ0J0QURGRG96NWdiVm54NUVxTzk2UVdJdVJyTU1saGdBQmtOX3hZaFNLc2tWRlZvYkdHMnpkelplX3lv?oc=5"" target=""_blank"">Alphabet Crushes Earnings Again, Reports 48% Cloud Revenue Growth</a>&nbsp;&nbsp;<font color=""#6f6f6f"">MarketBeat</font>",GOOGL,google_news_rss,CBMiowFBVV95cUxQT2xGMk1mTlJtMXNQLU1IMnVCRHZuYU81MHZpMUpITmJ2Q05YRzlnemVkMUhfYUZtaURhbFRzVnR5bDNDZ05IUHZUM3pvc296bnZjaDlmNXdXYUNPckhqdkJ2czMySWFUQ0J0QURGRG96NWdiVm54NUVxTzk2UVdJdVJyTU1saGdBQmtOX3hZaFNLc2tWRlZvYkdHMnpkelplX3lv,2026-02-06T10:04:28Z
371,073be0ba87d292ee466d97ea3149054c4a5666e632c18beae8096e0dae67de43,Amazon’s Q4: This Drop Is A Gift For Shareholders (Upgrade) (NASDAQ:AMZN) - Seeking Alpha,Seeking Alpha,2026-02-05T22:45:11Z,0,https://news.google.com/rss/articles/CBMimwFBVV95cUxNN1diWk9sSzBPbU8yNUJmMWFkdjdWY3Q4aVFLZUg3ZzBFNVZzNjg4ME1TZGJINTE1S0tGZ2Z5SE5ORGdfclpCSHhxQ0h0d3lOWFJBVVRFamluZEhQT09hTVg1Yml2VmFHQ1I0RWY3RzdaajgwdmdNbDFCSFlEbkxCUUhPbnRpYnhoXzFSSzRJZmM0Z09qU3FCT2d2MA?oc=5,"<a href=""https://news.google.com/rss/articles/CBMimwFBVV95cUxNN1diWk9sSzBPbU8yNUJmMWFkdjdWY3Q4aVFLZUg3ZzBFNVZzNjg4ME1TZGJINTE1S0tGZ2Z5SE5ORGdfclpCSHhxQ0h0d3lOWFJBVVRFamluZEhQT09hTVg1Yml2VmFHQ1I0RWY3RzdaajgwdmdNbDFCSFlEbkxCUUhPbnRpYnhoXzFSSzRJZmM0Z09qU3FCT2d2MA?oc=5"" target=""_blank"">Amazon’s Q4: This Drop Is A Gift For Shareholders (Upgrade) (NASDAQ:AMZN)</a>&nbsp;&nbsp;<font color=""#6f6f6f"">Seeking Alpha</font>",AMZN,google_news_rss,CBMimwFBVV95cUxNN1diWk9sSzBPbU8yNUJmMWFkdjdWY3Q4aVFLZUg3ZzBFNVZzNjg4ME1TZGJINTE1S0tGZ2Z5SE5ORGdfclpCSHhxQ0h0d3lOWFJBVVRFamluZEhQT09hTVg1Yml2VmFHQ1I0RWY3RzdaajgwdmdNbDFCSFlEbkxCUUhPbnRpYnhoXzFSSzRJZmM0Z09qU3FCT2d2MA,2026-02-06T10:04:28Z
369,677bde97a073826009054d06cd98dee97c982cacbb285ce3808c728256cf7055,Amazon Stock Falls Sharply on Earnings. Spending Continues to Soar. - Barron's,Barron's,2026-02-05T22:45:00Z,0,https://news.google.com/rss/articles/CBMi_gJBVV95cUxNbWUzOHZXUWxCNXBuTEZjaTBXbnJOZS1nZ1pVeHV0azhfaF95VHcxY1ZyZjk3WkVBOXRWd3JZQzAwdDFoQW1Yb2hDb1BEY2twSUNjQ0xmX3JKSVlibV8yempYY0FpZXowaXVaUTVJTTAwS2dNaGozN01jMl94dVl2em1ialFwYTdyVUN2ek9WLVpkNm1XaXlVT0xxVDZ0RkdvMnI2c2I4anlEbnV6SE9MM0VWMjdreS0yRGdydTJLcWt4TVdUenJTbTFuUFVQdXZuano3VVRvMlh1MEM3ZTJmbjJLdm5iZlozYmR3YWRkRWlUT1VmN19qa3oySmxfT0oxZ0FoTlptdVFGRGxPc2U3bm44UWZfalY0YUZ6MnlVdkFKZGxRRll3TEZkeVFacW5KMWtkS1dFQUtYUEZFY2NxTHZ0TW1mUTgyNmJzWWxjN2JTZ0dMS2p1NUtLWkM5Z0pTaHRPZ05VNXNSVFVyN0JCWEs3VkE2OHZKSHc1T3dn?oc=5,"<a href=""https://news.google.com/rss/articles/CBMi_gJBVV95cUxNbWUzOHZXUWxCNXBuTEZjaTBXbnJOZS1nZ1pVeHV0azhfaF95VHcxY1ZyZjk3WkVBOXRWd3JZQzAwdDFoQW1Yb2hDb1BEY2twSUNjQ0xmX3JKSVlibV8yempYY0FpZXowaXVaUTVJTTAwS2dNaGozN01jMl94dVl2em1ialFwYTdyVUN2ek9WLVpkNm1XaXlVT0xxVDZ0RkdvMnI2c2I4anlEbnV6SE9MM0VWMjdreS0yRGdydTJLcWt4TVdUenJTbTFuUFVQdXZuano3VVRvMlh1MEM3ZTJmbjJLdm5iZlozYmR3YWRkRWlUT1VmN19qa3oySmxfT0oxZ0FoTlptdVFGRGxPc2U3bm44UWZfalY0YUZ6MnlVdkFKZGxRRll3TEZkeVFacW5KMWtkS1dFQUtYUEZFY2NxTHZ0TW1mUTgyNmJzWWxjN2JTZ0dMS2p1NUtLWkM5Z0pTaHRPZ05VNXNSVFVyN0JCWEs3VkE2OHZKSHc1T3dn?oc=5"" target=""_blank"">Amazon Stock Falls Sharply on Earnings. Spending Continues to Soar.</a>&nbsp;&nbsp;<font color=""#6f6f6f"">Barron's</font>",AMZN,google_news_rss,CBMi_gJBVV95cUxNbWUzOHZXUWxCNXBuTEZjaTBXbnJOZS1nZ1pVeHV0azhfaF95VHcxY1ZyZjk3WkVBOXRWd3JZQzAwdDFoQW1Yb2hDb1BEY2twSUNjQ0xmX3JKSVlibV8yempYY0FpZXowaXVaUTVJTTAwS2dNaGozN01jMl94dVl2em1ialFwYTdyVUN2ek9WLVpkNm1XaXlVT0xxVDZ0RkdvMnI2c2I4anlEbnV6SE9MM0VWMjdreS0yRGdydTJLcWt4TVdUenJTbTFuUFVQdXZuano3VVRvMlh1MEM3ZTJmbjJLdm5iZlozYmR3YWRkRWlUT1VmN19qa3oySmxfT0oxZ0FoTlptdVFGRGxPc2U3bm44UWZfalY0YUZ6MnlVdkFKZGxRRll3TEZkeVFacW5KMWtkS1dFQUtYUEZFY2NxTHZ0TW1mUTgyNmJzWWxjN2JTZ0dMS2p1NUtLWkM5Z0pTaHRPZ05VNXNSVFVyN0JCWEs3VkE2OHZKSHc1T3dn,2026-02-06T10:04:28Z
6,73cf435beccef66ebe9c33d8eb9d9bacee39e00ec9297ee5fe2f676ab8f7fded,"Sandisk Stock Gained +1,500% Since Its Debut. Why This Trader Is Looking Elsewhere.",yahoo_rss,2026-02-05T22:39:40Z,0,https://finance.yahoo.com/m/5078431c-a00c-3181-90ac-85a26d65f899/sandisk-stock-gained-%2B1%2C500%25.html?.tsrc=rss,The huge tailwinds for Sandisk stock will likely continue. Here's why it's not necessarily worth the chase according to this trader.,AAPL,yahoo_rss,5078431c-a00c-3181-90ac-85a26d65f899,2026-02-06T10:04:28Z
470,ac0862ece26663458d5e2341439f27dde9da16b80a561998a8371be14bfc344f,Chase Investment Counsel Adds Clearwater Analytics Shares,yahoo_rss,2026-02-05T22:38:13Z,0,https://www.fool.com/coverage/filings/2026/02/05/chase-investment-counsel-adds-clearwater-analytics-shares/?.tsrc=rss,Clearwater Analytics delivers SaaS solutions that streamline investment data management for institutional clients worldwide.,NVDA,yahoo_rss,bc6b1af2-77ba-332c-8a84-09d703be77b2,2026-02-06T10:04:28Z
594,455f447aa99b63d2e31e9f76b7bc2be4df0d6166ba21386a068bced80b07dbce,Amazon Web Services CEO Says Space-Based Data Centers 'Not Economical' Despite Jeff Bezos Pursuing The Idea,yahoo_rss,2026-02-05T22:31:08Z,0,https://finance.yahoo.com/news/amazon-services-ceo-says-space-223108910.html?.tsrc=rss,"On Tuesday, Amazon.com, Inc. (NASDAQ:AMZN) Web Services CEO Matt Garman said the idea of putting data centers in space remains impractical and uneconomical. AI Boom Is Pushing Limits Of Earth-Based Data Centers The rapid expansion of artificial intelligence is driving unprecedented demand for computing power, electricity and cooling, pushing cloud providers to the limits of traditional, land-based data centers. Those pressures have sparked interest across the tech industry in unconventional alte",META,yahoo_rss,9609347d-5a15-3774-9d2c-4d138a0c5a4e,2026-02-06T10:04:28Z
724,097e292e65d74d0e5543dc53db20b265619f51aea4fbf816ed8e7bbc6a9a1dea,TSLA Stock Today: February 5 – SpaceX-xAI Deal Stokes Musk Trade - Meyka,Meyka,2026-02-05T22:30:51Z,0,https://news.google.com/rss/articles/CBMilAFBVV95cUxPU0dYaGh4QVFsTjFpVzZUZjRYemtQWTE0NlVkT0M0TVBpbHo4dElaLXplQzBUbmZnTVRZVk5TZmc4N3R3TWVOaWVMVm55LXRaUDJscEtPd05VMTJtaTd4T1BQMlBEMHA2dEh0VFZ6VElsTGV6QlgycXhBT0Z5OFRxMTdqUkZKcVZyckI1LTBGMm9rT2x4?oc=5,"<a href=""https://news.google.com/rss/articles/CBMilAFBVV95cUxPU0dYaGh4QVFsTjFpVzZUZjRYemtQWTE0NlVkT0M0TVBpbHo4dElaLXplQzBUbmZnTVRZVk5TZmc4N3R3TWVOaWVMVm55LXRaUDJscEtPd05VMTJtaTd4T1BQMlBEMHA2dEh0VFZ6VElsTGV6QlgycXhBT0Z5OFRxMTdqUkZKcVZyckI1LTBGMm9rT2x4?oc=5"" target=""_blank"">TSLA Stock Today: February 5 – SpaceX-xAI Deal Stokes Musk Trade</a>&nbsp;&nbsp;<font color=""#6f6f6f"">Meyka</font>",TSLA,google_news_rss,CBMilAFBVV95cUxPU0dYaGh4QVFsTjFpVzZUZjRYemtQWTE0NlVkT0M0TVBpbHo4dElaLXplQzBUbmZnTVRZVk5TZmc4N3R3TWVOaWVMVm55LXRaUDJscEtPd05VMTJtaTd4T1BQMlBEMHA2dEh0VFZ6VElsTGV6QlgycXhBT0Z5OFRxMTdqUkZKcVZyckI1LTBGMm9rT2x4,2026-02-06T10:04:28Z
702,a7940762bf482b8b890ee4ed79e476423ccd3c944531585aa8f0819bfd580ef7,"Stock Market Today, Feb. 5: Nio Jumps After Forecasting Its First Adjusted Operating Profit in Q4 2025",yahoo_rss,2026-02-05T22:14:59Z,0,https://www.fool.com/coverage/stock-market-today/2026/02/05/stock-market-today-feb-5-nio-jumps-after-forecasting-its-first-adjusted-operating-profit-in-q4-2025/?.tsrc=rss,"Nio's surprise profit alert, soaring trading volume, and long-term growth debate take center stage for investors today, Feb. 5, 2026.",TSLA,yahoo_rss,a2bedf14-3eaa-31f0-ac1d-ce7a8a8660c0,2026-02-06T10:04:28Z
471,52945f1c06d462bed31e6e14d527153627a78e32c58aba6a43fa2a58f36eed5c,Broadcom Stock Rises On Google's Massive Capex Increase,yahoo_rss,2026-02-05T22:10:05Z,0,https://finance.yahoo.com/m/0af5c14e-1291-3547-8c94-812f3782f7a0/broadcom-stock-rises-on.html?.tsrc=rss,"Broadcom will be a major beneficiary of Google's massive spending increase on AI data centers, analysts say. Broadcom stock rose Thursday.",NVDA,yahoo_rss,0af5c14e-1291-3547-8c94-812f3782f7a0,2026-02-06T10:04:28Z
472,dd8e636e2a2c732df67d02b2738d5bfa2d0235838c0f0696812cc99739162d82,Amtech Systems (ASYS) Lags Q1 Earnings and Revenue Estimates,yahoo_rss,2026-02-05T22:10:02Z,0,https://finance.yahoo.com/news/amtech-systems-asys-lags-q1-221002088.html?.tsrc=rss,"Amtech (ASYS) delivered earnings and revenue surprises of -57.14% and -0.14%, respectively, for the quarter ended December 2025. Do the numbers hold clues to what lies ahead for the stock?",NVDA,yahoo_rss,438403f0-7052-3ca4-b576-ea59509ea9ef,2026-02-06T10:04:28Z
401,a7eb4629439512f57ba7e166a3944faebac74a2646fb30c8d81eb374b118d2af,Amazon (AMZN) Lags Q4 Earnings Estimates - Yahoo Finance UK,Yahoo Finance UK,2026-02-05T22:10:02Z,0,https://news.google.com/rss/articles/CBMigwFBVV95cUxNMXZpeHpwN3ZfSE5HaHB4eWl0bFllWkNGZUFCRWNuVTQwSkN2NnhEdnk3VEg4clFDYy1XcDhfM2ctc0hNUXZGOGgyWWUwX0tCME5EQU9CbElTY2o5bmxBa21jZ1lZNWd3MXNTbVVwUlg4cUNMZ3ZFM2prVTY2dGtxcVIySQ?oc=5,"<a href=""https://news.google.com/rss/articles/CBMigwFBVV95cUxNMXZpeHpwN3ZfSE5HaHB4eWl0bFllWkNGZUFCRWNuVTQwSkN2NnhEdnk3VEg4clFDYy1XcDhfM2ctc0hNUXZGOGgyWWUwX0tCME5EQU9CbElTY2o5bmxBa21jZ1lZNWd3MXNTbVVwUlg4cUNMZ3ZFM2prVTY2dGtxcVIySQ?oc=5"" target=""_blank"">Amazon (AMZN) Lags Q4 Earnings Estimates</a>&nbsp;&nbsp;<font color=""#6f6f6f"">Yahoo Finance UK</font>",AMZN,google_news_rss,CBMigwFBVV95cUxNMXZpeHpwN3ZfSE5HaHB4eWl0bFllWkNGZUFCRWNuVTQwSkN2NnhEdnk3VEg4clFDYy1XcDhfM2ctc0hNUXZGOGgyWWUwX0tCME5EQU9CbElTY2o5bmxBa21jZ1lZNWd3MXNTbVVwUlg4cUNMZ3ZFM2prVTY2dGtxcVIySQ,2026-02-06T10:04:28Z
367,27d2722b0ebaeba7815d69570b3402802973e0d06ea3967d34d41717d15bcacc,Amazon's Cloud Business Is Accelerating. Time to Buy the Stock? - The Motley Fool,The Motley Fool,2026-02-05T22:09:00Z,0,https://news.google.com/rss/articles/CBMimAFBVV95cUxQN1BHTlU3X2dZOG9ucG1pbUVwQ3NLZEs2QkRjQnpVQ0x0Qm12WE9HeGY4c0MteUwwTEcwRi1mdGt0OWZjUWpTR3hmYXFkd2hfeTdxMzI3elQySG81d3BDemxTS3ZJS2dTYkpFeTRrcFBoeEJJWVVDcmxPaGtsWXJOLURkQ3Ntelo1aEhHdUxzSEdJNGFLLTRHWA?oc=5,"<a href=""https://news.google.com/rss/articles/CBMimAFBVV95cUxQN1BHTlU3X2dZOG9ucG1pbUVwQ3NLZEs2QkRjQnpVQ0x0Qm12WE9HeGY4c0MteUwwTEcwRi1mdGt0OWZjUWpTR3hmYXFkd2hfeTdxMzI3elQySG81d3BDemxTS3ZJS2dTYkpFeTRrcFBoeEJJWVVDcmxPaGtsWXJOLURkQ3Ntelo1aEhHdUxzSEdJNGFLLTRHWA?oc=5"" target=""_blank"">Amazon's Cloud Business Is Accelerating. Time to Buy the Stock?</a>&nbsp;&nbsp;<font color=""#6f6f6f"">The Motley Fool</font>",AMZN,google_news_rss,CBMimAFBVV95cUxQN1BHTlU3X2dZOG9ucG1pbUVwQ3NLZEs2QkRjQnpVQ0x0Qm12WE9HeGY4c0MteUwwTEcwRi1mdGt0OWZjUWpTR3hmYXFkd2hfeTdxMzI3elQySG81d3BDemxTS3ZJS2dTYkpFeTRrcFBoeEJJWVVDcmxPaGtsWXJOLURkQ3Ntelo1aEhHdUxzSEdJNGFLLTRHWA,2026-02-06T10:04:28Z
138,5ff386e9360c37cef17a3f3440e21112355a06971946eda4ca2547e56bc818d3,How Recent AI And Power Moves Are Reshaping The IREN (IREN) Investment Story,yahoo_rss,2026-02-05T22:08:34Z,0,https://finance.yahoo.com/news/recent-ai-power-moves-reshaping-220834749.html?.tsrc=rss,"IREN’s fair value estimate has been nudged from about US$83.00 to roughly US$84.85, with only a slight move in the discount rate from 8.11% to around 8.05% and revenue growth assumptions held near 73.81%. That small shift reflects how recent Street commentary is weighing a stronger AI and power capacity story, including the Microsoft AI contract and 2 GW buildout plans, against earlier concerns around execution, financing and ambitious 2026 revenue goals. As this tug of war between bullish...",MSFT,yahoo_rss,f87fe9e6-a46c-3d40-8a00-2a3597e4974f,2026-02-06T10:04:28Z
2731,1606e2ee92449945eea172a9a9be117e78049b3150cdd8acf41d168b9569f50b,"Stocks making the biggest moves after the bell: Amazon, Reddit, Molina Healthcare, Fortinet and more - CNBC",CNBC,2026-02-05T22:07:44Z,0,https://news.google.com/rss/articles/CBMipAFBVV95cUxOOFNWbEJMYlFsNGlBMktZMlhpZklLRkpXMGptUjJKMVpJQmtGS2tCS3B2NHM4TTZXSWlHZjUzQWxlZ2J0dFVBSl8zQ2hCejhaeXQ1YkhQQlBQMHdMX2dpZHU1aldod3V6ZmNLU1R4eER3dm16c0Yxc25TQmpLMzlHNDdLTXF6UFN1bTFIVkVkV0t4dllZeXA1TjNKTDMySG1OVWxEbQ?oc=5,"<a href=""https://news.google.com/rss/articles/CBMipAFBVV95cUxOOFNWbEJMYlFsNGlBMktZMlhpZklLRkpXMGptUjJKMVpJQmtGS2tCS3B2NHM4TTZXSWlHZjUzQWxlZ2J0dFVBSl8zQ2hCejhaeXQ1YkhQQlBQMHdMX2dpZHU1aldod3V6ZmNLU1R4eER3dm16c0Yxc25TQmpLMzlHNDdLTXF6UFN1bTFIVkVkV0t4dllZeXA1TjNKTDMySG1OVWxEbQ?oc=5"" target=""_blank"">Stocks making the biggest moves after the bell: Amazon, Reddit, Molina Healthcare, Fortinet and more</a>&nbsp;&nbsp;<font color=""#6f6f6f"">CNBC</font>",AMZN,google_news_rss,CBMipAFBVV95cUxOOFNWbEJMYlFsNGlBMktZMlhpZklLRkpXMGptUjJKMVpJQmtGS2tCS3B2NHM4TTZXSWlHZjUzQWxlZ2J0dFVBSl8zQ2hCejhaeXQ1YkhQQlBQMHdMX2dpZHU1aldod3V6ZmNLU1R4eER3dm16c0Yxc25TQmpLMzlHNDdLTXF6UFN1bTFIVkVkV0t4dllZeXA1TjNKTDMySG1OVWxEbQ,2026-02-06T19:12:42Z
282,dcb1480f9433912818bb13c84f3b9e91cee0a042352daef3a731a0b21b361f5a,Alphabet Inc. (NASDAQ:GOOGL) Announces Quarterly Dividend of $0.21 - MarketBeat,MarketBeat,2026-02-05T22:06:31Z,0,https://news.google.com/rss/articles/CBMitAFBVV95cUxQU0Ztby1tQndJNzB6emV0cnBYaDA0QWl0akotVlpRLUVVQmlTNldmcDdWdzRxWVpPZm9nVzV4S3BIc0d3a2R2UjAwQU1XVmpMS1FJVjVzazJtN1ZmWUQwZHZDSF9vbGNoemFXNjBNZ0xURGREVEpaUUduRXdHdk90eTRBdUk1SkZWOHVDMGNZbmZ3LXFENWYwNUxzQmRESWNGNzRPUHlYVHdndUhKVE9nOW5GQlQ?oc=5,"<a href=""https://news.google.com/rss/articles/CBMitAFBVV95cUxQU0Ztby1tQndJNzB6emV0cnBYaDA0QWl0akotVlpRLUVVQmlTNldmcDdWdzRxWVpPZm9nVzV4S3BIc0d3a2R2UjAwQU1XVmpMS1FJVjVzazJtN1ZmWUQwZHZDSF9vbGNoemFXNjBNZ0xURGREVEpaUUduRXdHdk90eTRBdUk1SkZWOHVDMGNZbmZ3LXFENWYwNUxzQmRESWNGNzRPUHlYVHdndUhKVE9nOW5GQlQ?oc=5"" target=""_blank"">Alphabet Inc. (NASDAQ:GOOGL) Announces Quarterly Dividend of $0.21</a>&nbsp;&nbsp;<font color=""#6f6f6f"">MarketBeat</font>",GOOGL,google_news_rss,CBMitAFBVV95cUxQU0Ztby1tQndJNzB6emV0cnBYaDA0QWl0akotVlpRLUVVQmlTNldmcDdWdzRxWVpPZm9nVzV4S3BIc0d3a2R2UjAwQU1XVmpMS1FJVjVzazJtN1ZmWUQwZHZDSF9vbGNoemFXNjBNZ0xURGREVEpaUUduRXdHdk90eTRBdUk1SkZWOHVDMGNZbmZ3LXFENWYwNUxzQmRESWNGNzRPUHlYVHdndUhKVE9nOW5GQlQ,2026-02-06T10:04:28Z
139,b94c41a5e3cbf7a709ea179076e233ee9f393102474038a5acc441d2b6e59d5b,Wall Street Suffers Worst Day in More Than 2 Weeks Amid Fresh Labor Market Data,yahoo_rss,2026-02-05T22:06:12Z,0,https://finance.yahoo.com/news/wall-street-suffers-worst-day-220612593.html?.tsrc=rss,US equities declined the most in more than two weeks as traders digested economic data that pointed,MSFT,yahoo_rss,9031bdde-039b-31d0-bbf1-62df76416cbc,2026-02-06T10:04:28Z
383,e652a8a1343b8b26a086f49a063df3ae72da7a4c51df57de7307319662d2ffa4,AMZN Earnings: Amazon Stock Sinks after EPS Miss - TipRanks,TipRanks,2026-02-05T22:05:51Z,0,https://news.google.com/rss/articles/CBMigwFBVV95cUxNMFhNZ2RBcld3dHZuY3dDRjlHeXdOdWdMUXBiVFBuamx0bmJvWTdZcEdXV0g4N2o4ZDU4OXNkcy0yZzFTZExTNmhoblMxdng3bU9tanROZndGRXBPQmtzaThZdGtWVjR6QTBrT0NnYWU2RnB1eno2M0JIMjZyMGtCN2ZXTQ?oc=5,"<a href=""https://news.google.com/rss/articles/CBMigwFBVV95cUxNMFhNZ2RBcld3dHZuY3dDRjlHeXdOdWdMUXBiVFBuamx0bmJvWTdZcEdXV0g4N2o4ZDU4OXNkcy0yZzFTZExTNmhoblMxdng3bU9tanROZndGRXBPQmtzaThZdGtWVjR6QTBrT0NnYWU2RnB1eno2M0JIMjZyMGtCN2ZXTQ?oc=5"" target=""_blank"">AMZN Earnings: Amazon Stock Sinks after EPS Miss</a>&nbsp;&nbsp;<font color=""#6f6f6f"">TipRanks</font>",AMZN,google_news_rss,CBMigwFBVV95cUxNMFhNZ2RBcld3dHZuY3dDRjlHeXdOdWdMUXBiVFBuamx0bmJvWTdZcEdXV0g4N2o4ZDU4OXNkcy0yZzFTZExTNmhoblMxdng3bU9tanROZndGRXBPQmtzaThZdGtWVjR6QTBrT0NnYWU2RnB1eno2M0JIMjZyMGtCN2ZXTQ,2026-02-06T10:04:28Z
410,105a604adf0c9b8969c9370bb43e39a578707c06ddb9252a073805e222670aba,Amazon stock drops after hours as AMZN outlines $200 billion AI spending plan - TechStock²,TechStock²,2026-02-05T22:03:00Z,0,https://news.google.com/rss/articles/CBMingFBVV95cUxQVndRRDVYMkNBOGtRR2thOFRTdlU2QkxoOEQzMEZscUszOEY4SzlEUHB4V0xyM1QxbGNWTUlsRm1iblQ1SW5ZZHBZSmJtbDNjTWpnZ3pYV0F0SnhvU3AyNXBwRGRvaTMtM3VaaFhOSkpxTExkOUhJLW9GS0lPSkpDLUZuUjh4Vm1lYW1ibUU2akxhR0VRUVpKSngyLTU1dw?oc=5,"<a href=""https://news.google.com/rss/articles/CBMingFBVV95cUxQVndRRDVYMkNBOGtRR2thOFRTdlU2QkxoOEQzMEZscUszOEY4SzlEUHB4V0xyM1QxbGNWTUlsRm1iblQ1SW5ZZHBZSmJtbDNjTWpnZ3pYV0F0SnhvU3AyNXBwRGRvaTMtM3VaaFhOSkpxTExkOUhJLW9GS0lPSkpDLUZuUjh4Vm1lYW1ibUU2akxhR0VRUVpKSngyLTU1dw?oc=5"" target=""_blank"">Amazon stock drops after hours as AMZN outlines $200 billion AI spending plan</a>&nbsp;&nbsp;<font color=""#6f6f6f"">TechStock²</font>",AMZN,google_news_rss,CBMingFBVV95cUxQVndRRDVYMkNBOGtRR2thOFRTdlU2QkxoOEQzMEZscUszOEY4SzlEUHB4V0xyM1QxbGNWTUlsRm1iblQ1SW5ZZHBZSmJtbDNjTWpnZ3pYV0F0SnhvU3AyNXBwRGRvaTMtM3VaaFhOSkpxTExkOUhJLW9GS0lPSkpDLUZuUjh4Vm1lYW1ibUU2akxhR0VRUVpKSngyLTU1dw,2026-02-06T10:04:28Z
595,d12a73849cd564e942a404cc96526e9b88e390283bd55f8a9762cc24977d6d43,Reddit Stock Jumps on Earnings. CFO Cites Modest AI Spending.,yahoo_rss,2026-02-05T22:01:00Z,0,https://finance.yahoo.com/m/9532dbfb-8238-3fc7-86d6-a67dd9fe6548/reddit-stock-jumps-on.html?.tsrc=rss,The social-media company reported better-than-expected fourth-quarter financial results on Thursday.,META,yahoo_rss,9532dbfb-8238-3fc7-86d6-a67dd9fe6548,2026-02-06T10:04:28Z
168,ff450f7b8e555baf8cf8f99b212b18251f1c31f54d84a15ccdb7b3847fc92236,Deep Dive Into Microsoft Stock: Analyst Perspectives (25 Ratings) - Benzinga,Benzinga,2026-02-05T22:00:58Z,0,https://news.google.com/rss/articles/CBMixgFBVV95cUxNTWZGVkZDUjllbE1fQzlKRVdBeFNTT2JSWGZvd0tVM3FFZWlURUJwdU9LT1NWenZRbjhITDZ2UGVsYXVBSlAxMW1KVVV1MG5ubXRtT1FKZHk5amJ3UlpBLXVzUDJ1UnNTM1JSUGkxUWN6LUtFM0l0V2xaUm1DRTBVZTk4N2xldHlhSnpmSmFzM202VmhtUVVHZ2FCYWd6aEZ3NXRKWVlVRTA4czFKVlRmejZDVm1DZlpyNkIxVDdBdFdnZXQtOEE?oc=5,"<a href=""https://news.google.com/rss/articles/CBMixgFBVV95cUxNTWZGVkZDUjllbE1fQzlKRVdBeFNTT2JSWGZvd0tVM3FFZWlURUJwdU9LT1NWenZRbjhITDZ2UGVsYXVBSlAxMW1KVVV1MG5ubXRtT1FKZHk5amJ3UlpBLXVzUDJ1UnNTM1JSUGkxUWN6LUtFM0l0V2xaUm1DRTBVZTk4N2xldHlhSnpmSmFzM202VmhtUVVHZ2FCYWd6aEZ3NXRKWVlVRTA4czFKVlRmejZDVm1DZlpyNkIxVDdBdFdnZXQtOEE?oc=5"" target=""_blank"">Deep Dive Into Microsoft Stock: Analyst Perspectives (25 Ratings)</a>&nbsp;&nbsp;<font color=""#6f6f6f"">Benzinga</font>",MSFT,google_news_rss,CBMixgFBVV95cUxNTWZGVkZDUjllbE1fQzlKRVdBeFNTT2JSWGZvd0tVM3FFZWlURUJwdU9LT1NWenZRbjhITDZ2UGVsYXVBSlAxMW1KVVV1MG5ubXRtT1FKZHk5amJ3UlpBLXVzUDJ1UnNTM1JSUGkxUWN6LUtFM0l0V2xaUm1DRTBVZTk4N2xldHlhSnpmSmFzM202VmhtUVVHZ2FCYWd6aEZ3NXRKWVlVRTA4czFKVlRmejZDVm1DZlpyNkIxVDdBdFdnZXQtOEE,2026-02-06T10:04:28Z
703,6f7406318002fbd813231e941707877f6e22bd3bb7d06a8fade1e1a30795990d,Auto & Transport Roundup: Market Talk,yahoo_rss,2026-02-05T21:58:00Z,0,https://finance.yahoo.com/m/7a65a6d5-7afa-30c4-8f5f-df397275f26d/auto-%26-transport-roundup%3A.html?.tsrc=rss,"Find insight on Cummins, Uber, Volvo Car and more in the latest Market Talks covering Auto and Transport.",TSLA,yahoo_rss,7a65a6d5-7afa-30c4-8f5f-df397275f26d,2026-02-06T10:04:28Z
596,73401b3726e2cc5f333f227ff2401024eea7d75951db2952ad10cc81581c3ebd,"Amazon Stock Slides On Mixed Q4 Results, $200 Billion Capex Forecast",yahoo_rss,2026-02-05T21:57:02Z,0,https://finance.yahoo.com/m/2f1a7cd8-e612-3203-b13c-5f8b6d6bce44/amazon-stock-slides-on-mixed.html?.tsrc=rss,Amazon stock slid late Thursday after the tech giant reported mixed fourth-quarter results and gave a capex forecast way above views.,META,yahoo_rss,2f1a7cd8-e612-3203-b13c-5f8b6d6bce44,2026-02-06T10:04:28Z
473,ab052e78fb7e46fb3a1825e6a80800371c073fe4ed902305ea3dfcb6d7b71d65,"These Stocks Are Today’s Movers: Alphabet, Qualcomm, Broadcom, AMD, Strategy, Novo Nordisk, Amazon, and More",yahoo_rss,2026-02-05T21:53:00Z,0,https://finance.yahoo.com/m/f2607ae6-cb53-3ca8-84c2-3e856211fc90/these-stocks-are-today%E2%80%99s.html?.tsrc=rss,Google parent Alphabet beats analysts’ expectations for quarterly earnings and revenue but its capital spending forecasts widely top estimates.,NVDA,yahoo_rss,f2607ae6-cb53-3ca8-84c2-3e856211fc90,2026-02-06T10:04:28Z
382,d473f20655390d4980a5ef4cebb3812b053020cbc3f787a8a2b108b5862cdc91,Options on Amazon's stock are priced for a 9% post-earnings move in the stock - MarketWatch,MarketWatch,2026-02-05T21:52:04Z,0,https://news.google.com/rss/articles/CBMirARBVV95cUxNY3NVNXljXzJ4NTNLZUFTYTB6bmxMYXczWU9BTzlwZWxYX1EyRGw2b1ZWYmsxTWJ6S09JY0pnYzRBUG56N2ktbGtmdjRxVTZfSmMzU21KSE0xQVpQQjFpVXVEcXp0UUN5bk1Ba1dreFBMbldyRzBYMFNsMnlPZlk2c1pIX0hpeVJMXzIyNktfazZkWGtqNkptMFF0ci1qczQ4V085azQ2ZnBrVGtkUm14OGdiWUdBM0VIZTltTGpWeWJ5LVVWS2UtRG1DMXB4OU51M1FqVk5NOUFGbHBJZml1LXVsY3l2WWJMRjZvbkJ6ZFpEZGF3VGQzRU5zTzVXc0duRGh2cDQ1M0NYY2hjQzdIbmljeWxoejNzTHViVWJscV9qQ0ZOLVRPQjlIdXlURkhQM2hIV1JLTC1RQUVuX0c3dHhjaC0wbFZZSVR4YzgxdmkxQkdSSWJtUTJUU0tyeWh4QU92Vk1ELVdaM2pkVThDMDJXU1Z6ZmxxYmk1aFBqdFd1V3BuamFWc1p5YnZ5TFNaemlMNnRPMWtpdlB3MHhPVTRDcnVBd3JKcS1KX0VJQTlFTGNOZmQ2aW9ROFBiQ3g1TWNlOHFqRkI0UFRlZmI5aWpTUUlROHhTd3hYaGZDZjg1QnZaLUpxVnVWS1NEeGxZbERFaVZJSFBrQ2Ywc3UxWTZRcGVSdHVJalhYdlNOXzA5aWI3Zm5qOS1Ub3BYcTg2cTk4NWpfSFphd3Ny?oc=5,"<a href=""https://news.google.com/rss/articles/CBMirARBVV95cUxNY3NVNXljXzJ4NTNLZUFTYTB6bmxMYXczWU9BTzlwZWxYX1EyRGw2b1ZWYmsxTWJ6S09JY0pnYzRBUG56N2ktbGtmdjRxVTZfSmMzU21KSE0xQVpQQjFpVXVEcXp0UUN5bk1Ba1dreFBMbldyRzBYMFNsMnlPZlk2c1pIX0hpeVJMXzIyNktfazZkWGtqNkptMFF0ci1qczQ4V085azQ2ZnBrVGtkUm14OGdiWUdBM0VIZTltTGpWeWJ5LVVWS2UtRG1DMXB4OU51M1FqVk5NOUFGbHBJZml1LXVsY3l2WWJMRjZvbkJ6ZFpEZGF3VGQzRU5zTzVXc0duRGh2cDQ1M0NYY2hjQzdIbmljeWxoejNzTHViVWJscV9qQ0ZOLVRPQjlIdXlURkhQM2hIV1JLTC1RQUVuX0c3dHhjaC0wbFZZSVR4YzgxdmkxQkdSSWJtUTJUU0tyeWh4QU92Vk1ELVdaM2pkVThDMDJXU1Z6ZmxxYmk1aFBqdFd1V3BuamFWc1p5YnZ5TFNaemlMNnRPMWtpdlB3MHhPVTRDcnVBd3JKcS1KX0VJQTlFTGNOZmQ2aW9ROFBiQ3g1TWNlOHFqRkI0UFRlZmI5aWpTUUlROHhTd3hYaGZDZjg1QnZaLUpxVnVWS1NEeGxZbERFaVZJSFBrQ2Ywc3UxWTZRcGVSdHVJalhYdlNOXzA5aWI3Zm5qOS1Ub3BYcTg2cTk4NWpfSFphd3Ny?oc=5"" target=""_blank"">Options on Amazon's stock are priced for a 9% post-earnings move in the stock</a>&nbsp;&nbsp;<font color=""#6f6f6f"">MarketWatch</font>",AMZN,google_news_rss,CBMirARBVV95cUxNY3NVNXljXzJ4NTNLZUFTYTB6bmxMYXczWU9BTzlwZWxYX1EyRGw2b1ZWYmsxTWJ6S09JY0pnYzRBUG56N2ktbGtmdjRxVTZfSmMzU21KSE0xQVpQQjFpVXVEcXp0UUN5bk1Ba1dreFBMbldyRzBYMFNsMnlPZlk2c1pIX0hpeVJMXzIyNktfazZkWGtqNkptMFF0ci1qczQ4V085azQ2ZnBrVGtkUm14OGdiWUdBM0VIZTltTGpWeWJ5LVVWS2UtRG1DMXB4OU51M1FqVk5NOUFGbHBJZml1LXVsY3l2WWJMRjZvbkJ6ZFpEZGF3VGQzRU5zTzVXc0duRGh2cDQ1M0NYY2hjQzdIbmljeWxoejNzTHViVWJscV9qQ0ZOLVRPQjlIdXlURkhQM2hIV1JLTC1RQUVuX0c3dHhjaC0wbFZZSVR4YzgxdmkxQkdSSWJtUTJUU0tyeWh4QU92Vk1ELVdaM2pkVThDMDJXU1Z6ZmxxYmk1aFBqdFd1V3BuamFWc1p5YnZ5TFNaemlMNnRPMWtpdlB3MHhPVTRDcnVBd3JKcS1KX0VJQTlFTGNOZmQ2aW9ROFBiQ3g1TWNlOHFqRkI0UFRlZmI5aWpTUUlROHhTd3hYaGZDZjg1QnZaLUpxVnVWS1NEeGxZbERFaVZJSFBrQ2Ywc3UxWTZRcGVSdHVJalhYdlNOXzA5aWI3Zm5qOS1Ub3BYcTg2cTk4NWpfSFphd3Ny,2026-02-06T10:04:28Z
419,fecd88110106f6d9e2973ae29c3d7532d92b4ab1f0b47db10ab8e6ba4b84f2ec,Amazon (AMZN) reports $35.58 billion in Q4 2025 AWS revenue - Shacknews,Shacknews,2026-02-05T21:50:00Z,0,https://news.google.com/rss/articles/CBMifEFVX3lxTE5sdEc3c1RmYThGaEpuWWhBQnU5QUNUaVBQVFBVaVRtNERqbU42VElXUU1PR3hpUmNNMWYzam5PTk0wc1JRdkw1TENxVnlDYVhOeV9XWFprUGlJVnh3cHo2WlM1dFJsYnFsZWJHRGZseW5FTGdfQUxYT0ozbUvSAYgBQVVfeXFMUDlZLXRxVXBlcFZNVkZYMG4xZVZLblBvX3VscXF1TThEUnpaeG1rWTAzaUs5RExsY0ZDdUxoYUFhOUpzNE80MWdwTm0wSHJOYmtJQktFSEtTdFN5MElaVTh4RWRsVC1jSWQybGhOc2tKTENjbVhUM0RfZHVGQWVGLTlCdl9xTktnZg?oc=5,"<a href=""https://news.google.com/rss/articles/CBMifEFVX3lxTE5sdEc3c1RmYThGaEpuWWhBQnU5QUNUaVBQVFBVaVRtNERqbU42VElXUU1PR3hpUmNNMWYzam5PTk0wc1JRdkw1TENxVnlDYVhOeV9XWFprUGlJVnh3cHo2WlM1dFJsYnFsZWJHRGZseW5FTGdfQUxYT0ozbUvSAYgBQVVfeXFMUDlZLXRxVXBlcFZNVkZYMG4xZVZLblBvX3VscXF1TThEUnpaeG1rWTAzaUs5RExsY0ZDdUxoYUFhOUpzNE80MWdwTm0wSHJOYmtJQktFSEtTdFN5MElaVTh4RWRsVC1jSWQybGhOc2tKTENjbVhUM0RfZHVGQWVGLTlCdl9xTktnZg?oc=5"" target=""_blank"">Amazon (AMZN) reports $35.58 billion in Q4 2025 AWS revenue</a>&nbsp;&nbsp;<font color=""#6f6f6f"">Shacknews</font>",AMZN,google_news_rss,CBMifEFVX3lxTE5sdEc3c1RmYThGaEpuWWhBQnU5QUNUaVBQVFBVaVRtNERqbU42VElXUU1PR3hpUmNNMWYzam5PTk0wc1JRdkw1TENxVnlDYVhOeV9XWFprUGlJVnh3cHo2WlM1dFJsYnFsZWJHRGZseW5FTGdfQUxYT0ozbUvSAYgBQVVfeXFMUDlZLXRxVXBlcFZNVkZYMG4xZVZLblBvX3VscXF1TThEUnpaeG1rWTAzaUs5RExsY0ZDdUxoYUFhOUpzNE80MWdwTm0wSHJOYmtJQktFSEtTdFN5MElaVTh4RWRsVC1jSWQybGhOc2tKTENjbVhUM0RfZHVGQWVGLTlCdl9xTktnZg,2026-02-06T10:04:28Z
474,9f13c39fe173631789f67cf3b6125ac523251370e19b1ea7543db5ecff281767,Why Google’s Bad News Was Good News for Broadcom and Nvidia,yahoo_rss,2026-02-05T21:49:00Z,0,https://finance.yahoo.com/m/0c25a297-d028-3382-a840-4b6fdc0beba2/why-google%E2%80%99s-bad-news-was.html?.tsrc=rss,"Broadcom  stock got a boost Thursday from the huge spending on artificial-intelligence infrastructure that Google-parent  Alphabet  has planned.  Google stunned the market with guidance for capital expenditure of $175 billion to $185 billion this year, up from $91 billion to $93 billion in 2025.  While that news knocked down shares of Alphabet, Broadcom stock was up 0.8% on Thursday.",NVDA,yahoo_rss,0c25a297-d028-3382-a840-4b6fdc0beba2,2026-02-06T10:04:28Z
418,a9636dc40e17061fced4c39f82e9d1b20269b8fa9a639b89ac51f4510876da94,"Amazon (AMZN) Q4 2025 earnings results beat revenue expectations, miss EPS estimates - Shacknews",Shacknews,2026-02-05T21:48:00Z,0,https://news.google.com/rss/articles/CBMigwFBVV95cUxPUDgwZDl1SzVDX1pQU0N0MEVNSUN5YUxoam4zS1JKSWNLNWVILUdjU3BReEcwc1dRWFJqTVNHQWQwRmEwdnVFenczTUJNMWN1WldMZGJ5VGFlR0JhM2VNOFV0UFRDLVJjM0ZsaFZ3REtVam4wOW96Ynd3Q0twMEZ6dWE1TdIBjwFBVV95cUxQaWo0MWFUZ1JfOHJGbDRhT05PWnB4cE03SUw4Zm80azR4WXFDVm9yUW83NEluTHlnWWIxZ3hDM01wWHpZWGxXOUo2aEhLdDVPVm9pbVdTcWlRc0tVbDJmOWdrRzNQUmNFYmE4TmJhZzlJUGI4eHJNM2ROSHVNYWhmTl9mMXFZaW8tb0hTb2psYw?oc=5,"<a href=""https://news.google.com/rss/articles/CBMigwFBVV95cUxPUDgwZDl1SzVDX1pQU0N0MEVNSUN5YUxoam4zS1JKSWNLNWVILUdjU3BReEcwc1dRWFJqTVNHQWQwRmEwdnVFenczTUJNMWN1WldMZGJ5VGFlR0JhM2VNOFV0UFRDLVJjM0ZsaFZ3REtVam4wOW96Ynd3Q0twMEZ6dWE1TdIBjwFBVV95cUxQaWo0MWFUZ1JfOHJGbDRhT05PWnB4cE03SUw4Zm80azR4WXFDVm9yUW83NEluTHlnWWIxZ3hDM01wWHpZWGxXOUo2aEhLdDVPVm9pbVdTcWlRc0tVbDJmOWdrRzNQUmNFYmE4TmJhZzlJUGI4eHJNM2ROSHVNYWhmTl9mMXFZaW8tb0hTb2psYw?oc=5"" target=""_blank"">Amazon (AMZN) Q4 2025 earnings results beat revenue expectations, miss EPS estimates</a>&nbsp;&nbsp;<font color=""#6f6f6f"">Shacknews</font>",AMZN,google_news_rss,CBMigwFBVV95cUxPUDgwZDl1SzVDX1pQU0N0MEVNSUN5YUxoam4zS1JKSWNLNWVILUdjU3BReEcwc1dRWFJqTVNHQWQwRmEwdnVFenczTUJNMWN1WldMZGJ5VGFlR0JhM2VNOFV0UFRDLVJjM0ZsaFZ3REtVam4wOW96Ynd3Q0twMEZ6dWE1TdIBjwFBVV95cUxQaWo0MWFUZ1JfOHJGbDRhT05PWnB4cE03SUw4Zm80azR4WXFDVm9yUW83NEluTHlnWWIxZ3hDM01wWHpZWGxXOUo2aEhLdDVPVm9pbVdTcWlRc0tVbDJmOWdrRzNQUmNFYmE4TmJhZzlJUGI4eHJNM2ROSHVNYWhmTl9mMXFZaW8tb0hTb2psYw,2026-02-06T10:04:28Z
140,dfc83202cb38be26549925df7986b775d2bb0216cd8c5f6100678ebad55f483b,Amazon Misses Views on Quarterly Earnings Despite Cloud Growth; Shares Slide After Hours,yahoo_rss,2026-02-05T21:46:32Z,0,https://finance.yahoo.com/news/amazon-misses-views-quarterly-earnings-214632148.html?.tsrc=rss,Amazon.com (AMZN) late Thursday reported fourth-quarter earnings below Wall Street's estimates even,MSFT,yahoo_rss,e2a19ab0-4ffc-31fd-a5db-560307d1bda9,2026-02-06T10:04:28Z
704,36e494aed0bcaf13c6f2841eb0813cb90505b129084dec949b05984320d62725,Cathie Wood’s ARK Funds Buy the AMD Stock Drop,yahoo_rss,2026-02-05T21:45:00Z,0,https://finance.yahoo.com/m/c03e8f62-66a4-3de6-877f-c673346b7c90/cathie-wood%E2%80%99s-ark-funds-buy.html?.tsrc=rss,"Five ARK ETFs purchased a combined 141,108 AMD shares on Wednesday, following the chip maker’s biggest drop in more than eight years.",TSLA,yahoo_rss,c03e8f62-66a4-3de6-877f-c673346b7c90,2026-02-06T10:04:28Z
286,6c8e14da94abe6e1e681589667fe10b57dec474d8dde2302be48ec5e426dfbfa,Alphabet (NASDAQ:GOOGL) Price Target Raised to $310.00 at DA Davidson - MarketBeat,MarketBeat,2026-02-05T21:43:45Z,0,https://news.google.com/rss/articles/CBMiugFBVV95cUxOdWpaeURIT0ItLXF6b2F6VVZFaTdyNGRPYU1XWGowRC1hM0UyYnN6alM0dTBRbC1VM0tVVDFBcW1hdWxWWFl0dHpOdTNkVUE5dlVWNXpMWF9LUWh4ZWpyaERKSkhNVF9HcUhNOXlPVms2VG5QcVVaQUM5SGNMRjRSem5Ra2dFZ0NPQ1RndDJoZWZWaEt4WWxQTGRCWjFZQ2d2YmJQdmo3UmtIeWw5c1lfWWFaZklFYWlDdmc?oc=5,"<a href=""https://news.google.com/rss/articles/CBMiugFBVV95cUxOdWpaeURIT0ItLXF6b2F6VVZFaTdyNGRPYU1XWGowRC1hM0UyYnN6alM0dTBRbC1VM0tVVDFBcW1hdWxWWFl0dHpOdTNkVUE5dlVWNXpMWF9LUWh4ZWpyaERKSkhNVF9HcUhNOXlPVms2VG5QcVVaQUM5SGNMRjRSem5Ra2dFZ0NPQ1RndDJoZWZWaEt4WWxQTGRCWjFZQ2d2YmJQdmo3UmtIeWw5c1lfWWFaZklFYWlDdmc?oc=5"" target=""_blank"">Alphabet (NASDAQ:GOOGL) Price Target Raised to $310.00 at DA Davidson</a>&nbsp;&nbsp;<font color=""#6f6f6f"">MarketBeat</font>",GOOGL,google_news_rss,CBMiugFBVV95cUxOdWpaeURIT0ItLXF6b2F6VVZFaTdyNGRPYU1XWGowRC1hM0UyYnN6alM0dTBRbC1VM0tVVDFBcW1hdWxWWFl0dHpOdTNkVUE5dlVWNXpMWF9LUWh4ZWpyaERKSkhNVF9HcUhNOXlPVms2VG5QcVVaQUM5SGNMRjRSem5Ra2dFZ0NPQ1RndDJoZWZWaEt4WWxQTGRCWjFZQ2d2YmJQdmo3UmtIeWw5c1lfWWFaZklFYWlDdmc,2026-02-06T10:04:28Z
605,99f95726b7238edd1a2ab3ee7eed79fa62dffa1ec1b03f4b79a0a9b79d11f1b3,Big Tech’s AI Bill Is Ballooning – And Meta Investors Are Getting Cautious - Stocktwits,Stocktwits,2026-02-05T21:36:28Z,0,https://news.google.com/rss/articles/CBMixwFBVV95cUxPV3c1WnBMSldCUll3bEpVTmJfSktvVzE0d2Zndm5wNnhrdHlaZ1RmQ2h6aUdIcGdTSVJ5QXpEWkpfSEtxOERqX05QQUd1bXMxTDRvNU8za0ZxbUdfNEdSLURVNzhJa2M5aDM1X2ljTVhFcElYVTBraGFBNmNqOFB6N2pNOWZrT2JNSWFNZkR2YUdpTEpZSTJiVTZRa3UxRUt5S2Vwa1l1ODluMWpwWlBhRm05eVBmZkJsZGQwOTVIUVZ3V0E5OHF3?oc=5,"<a href=""https://news.google.com/rss/articles/CBMixwFBVV95cUxPV3c1WnBMSldCUll3bEpVTmJfSktvVzE0d2Zndm5wNnhrdHlaZ1RmQ2h6aUdIcGdTSVJ5QXpEWkpfSEtxOERqX05QQUd1bXMxTDRvNU8za0ZxbUdfNEdSLURVNzhJa2M5aDM1X2ljTVhFcElYVTBraGFBNmNqOFB6N2pNOWZrT2JNSWFNZkR2YUdpTEpZSTJiVTZRa3UxRUt5S2Vwa1l1ODluMWpwWlBhRm05eVBmZkJsZGQwOTVIUVZ3V0E5OHF3?oc=5"" target=""_blank"">Big Tech’s AI Bill Is Ballooning – And Meta Investors Are Getting Cautious</a>&nbsp;&nbsp;<font color=""#6f6f6f"">Stocktwits</font>",META,google_news_rss,CBMixwFBVV95cUxPV3c1WnBMSldCUll3bEpVTmJfSktvVzE0d2Zndm5wNnhrdHlaZ1RmQ2h6aUdIcGdTSVJ5QXpEWkpfSEtxOERqX05QQUd1bXMxTDRvNU8za0ZxbUdfNEdSLURVNzhJa2M5aDM1X2ljTVhFcElYVTBraGFBNmNqOFB6N2pNOWZrT2JNSWFNZkR2YUdpTEpZSTJiVTZRa3UxRUt5S2Vwa1l1ODluMWpwWlBhRm05eVBmZkJsZGQwOTVIUVZ3V0E5OHF3,2026-02-06T10:04:28Z
607,1972d336b742b96a8c2d2c146e2b1394b151ee647c1b6d2b0a6f29fd14dee139,Meta stock price steadies after hours as Big Tech AI spending fears bite; WhatsApp India hearing set for Feb 9 - TechStock²,TechStock²,2026-02-05T21:33:00Z,0,https://news.google.com/rss/articles/CBMiygFBVV95cUxOMTJZcU1yVXE1ZDd4dWhmTFRtRzVfM20xVzh6cGZmQ2J5N251Y2VpMGtzaWZpaVk2bEZWTVdaV2VrWVFMVjNJb0h2eUpVZXpZN3RlbUVtUXV6X1ROdkpZUTJBSFJmbHNHZnBDcFB4Z1BUOGV6UGp3enVSdG85c2ExbDFpYVFFVmt6WXBUbURDdDFTS2dvWDBCMzBOaldKY1N5MC1rVnJ0dDlVdEttWEU1UXJhSUo4QUxMcFdQbnpsYl9vWkJSblQtdkJn?oc=5,"<a href=""https://news.google.com/rss/articles/CBMiygFBVV95cUxOMTJZcU1yVXE1ZDd4dWhmTFRtRzVfM20xVzh6cGZmQ2J5N251Y2VpMGtzaWZpaVk2bEZWTVdaV2VrWVFMVjNJb0h2eUpVZXpZN3RlbUVtUXV6X1ROdkpZUTJBSFJmbHNHZnBDcFB4Z1BUOGV6UGp3enVSdG85c2ExbDFpYVFFVmt6WXBUbURDdDFTS2dvWDBCMzBOaldKY1N5MC1rVnJ0dDlVdEttWEU1UXJhSUo4QUxMcFdQbnpsYl9vWkJSblQtdkJn?oc=5"" target=""_blank"">Meta stock price steadies after hours as Big Tech AI spending fears bite; WhatsApp India hearing set for Feb 9</a>&nbsp;&nbsp;<font color=""#6f6f6f"">TechStock²</font>",META,google_news_rss,CBMiygFBVV95cUxOMTJZcU1yVXE1ZDd4dWhmTFRtRzVfM20xVzh6cGZmQ2J5N251Y2VpMGtzaWZpaVk2bEZWTVdaV2VrWVFMVjNJb0h2eUpVZXpZN3RlbUVtUXV6X1ROdkpZUTJBSFJmbHNHZnBDcFB4Z1BUOGV6UGp3enVSdG85c2ExbDFpYVFFVmt6WXBUbURDdDFTS2dvWDBCMzBOaldKY1N5MC1rVnJ0dDlVdEttWEU1UXJhSUo4QUxMcFdQbnpsYl9vWkJSblQtdkJn,2026-02-06T10:04:28Z
475,c59d5da5433d7f3caa94e42292458d3cc89ee0e26fd10186bdf766c96808427f,An AI Fight Is Threatening the Market. How to Avoid Getting Hurt.,yahoo_rss,2026-02-05T21:33:00Z,0,https://finance.yahoo.com/m/0b7e9b54-d972-39d4-b962-280200b544dc/an-ai-fight-is-threatening.html?.tsrc=rss,"Other sectors and companies are proving resilient while tech sells off; stick with stocks toughing it out until the tech dust settles.  The Nasdaq Composite Index is off 3%, as companies like  Microsoft  and  Nvidia  drag it down.  The Cboe Volatility Index or VIX—the market’s “fear gauge”—has spiked, though it’s still low compared with last April’s “Liberation Day” panic.",NVDA,yahoo_rss,0b7e9b54-d972-39d4-b962-280200b544dc,2026-02-06T10:04:28Z
476,3962bee7f7d9775e28f5c4bd8cd626e843ca48b8145694ff6eba66681c49dd53,Trump Approved Nvidia's H200 China Chip Sales — But State Department Review Is Holding Things Up: Report,yahoo_rss,2026-02-05T21:31:16Z,0,https://finance.yahoo.com/news/trump-approved-nvidias-h200-china-213116066.html?.tsrc=rss,"Despite President Donald Trump‘s approval of Nvidia Corp.‘s (NASDAQ:NVDA) export of H200 chips to China, the sales are reportedly still pending final clearance from the U.S. government. State Dept Review Delays China Chip Sales The U.S. government is now reviewing the licenses to ensure that appropriate conditions are attached. The Commerce Department has completed its analysis, but the State Department is reportedly pushing for tougher restrictions, as per a report by the Financial Times on Wed",NVDA,yahoo_rss,0f1f6655-405b-3a89-8fb5-e8b8560b58a8,2026-02-06T10:04:28Z
370,6c139a3fd15997638fadba209c78b7ad59d6686247a051ca33398560de5939c4,Amazon stock sinks 10% after Q4 profit miss as Jassy signals $200B in capital spending - GeekWire,GeekWire,2026-02-05T21:30:51Z,0,https://news.google.com/rss/articles/CBMitgFBVV95cUxOY2YzOGh4dXRMUHA5dl9XVVBMYXdudHh0ekdTaUZYUXY4SklUdThBTUZwVmhhWC1ZQkJtMkZzVE1aWVdWYTFsNHZjWWNGSjE5dVBXNzZNXzNjYWVwOGh0TmRlWUZmOTdiUmozcWpxM0tPU0kyUzRfc3JFcVphY1ZKdGk1R0NXQXlOUVJWN3AyOHNUUHE1U2xGTG1vWTZ5WkNHTGFsaHdRMWhUM3ZfaFdpNmtxZmVnZw?oc=5,"<a href=""https://news.google.com/rss/articles/CBMitgFBVV95cUxOY2YzOGh4dXRMUHA5dl9XVVBMYXdudHh0ekdTaUZYUXY4SklUdThBTUZwVmhhWC1ZQkJtMkZzVE1aWVdWYTFsNHZjWWNGSjE5dVBXNzZNXzNjYWVwOGh0TmRlWUZmOTdiUmozcWpxM0tPU0kyUzRfc3JFcVphY1ZKdGk1R0NXQXlOUVJWN3AyOHNUUHE1U2xGTG1vWTZ5WkNHTGFsaHdRMWhUM3ZfaFdpNmtxZmVnZw?oc=5"" target=""_blank"">Amazon stock sinks 10% after Q4 profit miss as Jassy signals $200B in capital spending</a>&nbsp;&nbsp;<font color=""#6f6f6f"">GeekWire</font>",AMZN,google_news_rss,CBMitgFBVV95cUxOY2YzOGh4dXRMUHA5dl9XVVBMYXdudHh0ekdTaUZYUXY4SklUdThBTUZwVmhhWC1ZQkJtMkZzVE1aWVdWYTFsNHZjWWNGSjE5dVBXNzZNXzNjYWVwOGh0TmRlWUZmOTdiUmozcWpxM0tPU0kyUzRfc3JFcVphY1ZKdGk1R0NXQXlOUVJWN3AyOHNUUHE1U2xGTG1vWTZ5WkNHTGFsaHdRMWhUM3ZfaFdpNmtxZmVnZw,2026-02-06T10:04:28Z
378,b3a9513596afd980147f0da19c3c3f53772a074f6de1890b15bd626da0bd6979,"Earnings live: Strategy gets caught in bitcoin crash, Amazon stock plunges, Roblox surges - Yahoo Finance Singapore",Yahoo Finance Singapore,2026-02-05T21:30:43Z,0,https://news.google.com/rss/articles/CBMi0AFBVV95cUxPelgzUWVUcG5wa2RHelBkXy1ZMnFjbGZDbXZ2MldIYnZ0Ukc0VDQyaUN4bXpxWWFvbHlHeDc0bGc4TVV3ZDNpN09EWUg2OTFkZ2Rad0VOR1B1R3RPZVJDUFdWNVZEOW1YdmJVaWFiZkkzU2N5NVlTbDBEX0FrUkdNQjh2ckc5T2pYS3ZtblBWdXRfbHJJQWFUdjd5aXQ3MHFzbl9kTFp2U2hOTlA2aEwxdjdLLXVleUZxRzJPMktXZExRZFhWR0U2djNGUkZMaEFl?oc=5,"<a href=""https://news.google.com/rss/articles/CBMi0AFBVV95cUxPelgzUWVUcG5wa2RHelBkXy1ZMnFjbGZDbXZ2MldIYnZ0Ukc0VDQyaUN4bXpxWWFvbHlHeDc0bGc4TVV3ZDNpN09EWUg2OTFkZ2Rad0VOR1B1R3RPZVJDUFdWNVZEOW1YdmJVaWFiZkkzU2N5NVlTbDBEX0FrUkdNQjh2ckc5T2pYS3ZtblBWdXRfbHJJQWFUdjd5aXQ3MHFzbl9kTFp2U2hOTlA2aEwxdjdLLXVleUZxRzJPMktXZExRZFhWR0U2djNGUkZMaEFl?oc=5"" target=""_blank"">Earnings live: Strategy gets caught in bitcoin crash, Amazon stock plunges, Roblox surges</a>&nbsp;&nbsp;<font color=""#6f6f6f"">Yahoo Finance Singapore</font>",AMZN,google_news_rss,CBMi0AFBVV95cUxPelgzUWVUcG5wa2RHelBkXy1ZMnFjbGZDbXZ2MldIYnZ0Ukc0VDQyaUN4bXpxWWFvbHlHeDc0bGc4TVV3ZDNpN09EWUg2OTFkZ2Rad0VOR1B1R3RPZVJDUFdWNVZEOW1YdmJVaWFiZkkzU2N5NVlTbDBEX0FrUkdNQjh2ckc5T2pYS3ZtblBWdXRfbHJJQWFUdjd5aXQ3MHFzbl9kTFp2U2hOTlA2aEwxdjdLLXVleUZxRzJPMktXZExRZFhWR0U2djNGUkZMaEFl,2026-02-06T10:04:28Z
2735,1761aabc934ffcba8c61aba5084e02a7148a6da62a52a7ba1e3be296bd692587,"Amazon shares sink on earnings miss, $200B spending plan - Yahoo Finance",Yahoo Finance,2026-02-05T21:30:00Z,0,https://news.google.com/rss/articles/CBMihAFBVV95cUxPM19yNnM0VkY5cHFDdVVzVnVUM2pDUTEzUzR2cHRhWnJLelRpbnhyTGJ4c0hhOUtPQXpOUlRxeDJLTWtpVDVVQ05KWTdSSE1JVm55OXlDOF85SzBzSlgwTXdJRDlSdmtCVFdqX2lDRWxoWjR2MFJ6T0FyTkNLaU1NSVI3U0g?oc=5,"<a href=""https://news.google.com/rss/articles/CBMihAFBVV95cUxPM19yNnM0VkY5cHFDdVVzVnVUM2pDUTEzUzR2cHRhWnJLelRpbnhyTGJ4c0hhOUtPQXpOUlRxeDJLTWtpVDVVQ05KWTdSSE1JVm55OXlDOF85SzBzSlgwTXdJRDlSdmtCVFdqX2lDRWxoWjR2MFJ6T0FyTkNLaU1NSVI3U0g?oc=5"" target=""_blank"">Amazon shares sink on earnings miss, $200B spending plan</a>&nbsp;&nbsp;<font color=""#6f6f6f"">Yahoo Finance</font>",AMZN,google_news_rss,CBMihAFBVV95cUxPM19yNnM0VkY5cHFDdVVzVnVUM2pDUTEzUzR2cHRhWnJLelRpbnhyTGJ4c0hhOUtPQXpOUlRxeDJLTWtpVDVVQ05KWTdSSE1JVm55OXlDOF85SzBzSlgwTXdJRDlSdmtCVFdqX2lDRWxoWjR2MFJ6T0FyTkNLaU1NSVI3U0g,2026-02-06T19:12:42Z
705,bf3c2cafae1e3cbd96a9b6d67411d96efe0a2e9a9e23d5233bbdcd039b6a53c9,IPOs: How companies get into an index when planning to go public,yahoo_rss,2026-02-05T21:30:00Z,0,https://finance.yahoo.com/video/ipos-companies-index-planning-public-213000070.html?.tsrc=rss,"Elon Musk's SpaceX (SPAX.PVT) acquired his other private venture, the artificial intelligence developer xAI, earlier this week. This comes ahead of the private space company's IPO, expected later this year, as the mega merger now propels the company's value to $1.25 trillion. OpenAI (OPAI.PVT) and Anthropic (ANTH.PVT) have also reported they are open to exploring an IPO by the end of 2026. Yahoo Finance Markets and Data Editor Jared Blikre, who also hosts Yahoo Finance's Stocks in Translation podcast, explains the factors that companies take into consideration when they choose to go public and which index to enter into (^DJI, ^IXIC, ^GSPC, ^NDX). Read up on Yahoo Finance's latest coverage of the so-called Musk Trade centered around the various companies the Tesla (TSLA) CEO also runs. To watch more expert insights and analysis on the latest market action, check out more Market Domination.",TSLA,yahoo_rss,c46cb4e8-05da-3c20-a75b-302c1acadf2e,2026-02-06T10:04:28Z
387,f76f5367cc2f46bd732204cc0aeee0df4edb9483e19c38024599c901b4d6b70f,"Amazon shares sink on earnings miss, $200B spending plan - Proactive financial news",Proactive financial news,2026-02-05T21:30:00Z,0,https://news.google.com/rss/articles/CBMiwwFBVV95cUxORVp2d182cnJoeFcwV09sa0VrSko4MllydGJGcnRXU045WXR6aGVZUzh3MjNVbHJ5MnQ3N3ZILVlxdzMwbHZFRXpsa2lwV0txNVgyXzk0UjkwZm5UaUpvZFhsVzM2RThBekg2LUhTdG5SMWN3UWVGMXRoU3AyalEtRTJIWl9reG9JZ0libF9zRG92QWp3TUR2c2tJckN1YW5QQWtnUGxPSEdGdnFYQ2tfUTFpZ0E4NDNVcDhyWmNZbmhyWWM?oc=5,"<a href=""https://news.google.com/rss/articles/CBMiwwFBVV95cUxORVp2d182cnJoeFcwV09sa0VrSko4MllydGJGcnRXU045WXR6aGVZUzh3MjNVbHJ5MnQ3N3ZILVlxdzMwbHZFRXpsa2lwV0txNVgyXzk0UjkwZm5UaUpvZFhsVzM2RThBekg2LUhTdG5SMWN3UWVGMXRoU3AyalEtRTJIWl9reG9JZ0libF9zRG92QWp3TUR2c2tJckN1YW5QQWtnUGxPSEdGdnFYQ2tfUTFpZ0E4NDNVcDhyWmNZbmhyWWM?oc=5"" target=""_blank"">Amazon shares sink on earnings miss, $200B spending plan</a>&nbsp;&nbsp;<font color=""#6f6f6f"">Proactive financial news</font>",AMZN,google_news_rss,CBMiwwFBVV95cUxORVp2d182cnJoeFcwV09sa0VrSko4MllydGJGcnRXU045WXR6aGVZUzh3MjNVbHJ5MnQ3N3ZILVlxdzMwbHZFRXpsa2lwV0txNVgyXzk0UjkwZm5UaUpvZFhsVzM2RThBekg2LUhTdG5SMWN3UWVGMXRoU3AyalEtRTJIWl9reG9JZ0libF9zRG92QWp3TUR2c2tJckN1YW5QQWtnUGxPSEdGdnFYQ2tfUTFpZ0E4NDNVcDhyWmNZbmhyWWM,2026-02-06T10:04:28Z
7,9bf5e72df494b38fe6b966f60e3f7d1450621e2bd2e0930b3b129925c5fb01be,Amazon’s (NASDAQ:AMZN) Q4 CY2025: Beats On Revenue But Stock Drops,yahoo_rss,2026-02-05T21:26:00Z,0,https://finance.yahoo.com/news/amazon-nasdaq-amzn-q4-cy2025-212600289.html?.tsrc=rss,"Cloud computing and online retail behemoth Amazon (NASDAQ:AMZN) beat Wall Street’s revenue expectations in Q4 CY2025, with sales up 13.6% year on year to $213.4 billion. The company expects next quarter’s revenue to be around $176 billion, close to analysts’ estimates. Its GAAP profit of $1.95 per share was in line with analysts’ consensus estimates.",AAPL,yahoo_rss,0e5f5faf-6603-3ba7-8775-3b01df3111e2,2026-02-06T10:04:28Z
1086,c6eaa3f1190582d895df196be3ac7434501efa9a8ed817657a742d88d60ce0dc,XOM.SW Exxon Mobil (SIX) CHF101.01 high volume 05 Feb 2026: price targets - Meyka,Meyka,2026-02-05T21:24:34Z,0,https://news.google.com/rss/articles/CBMingFBVV95cUxNVW14bEZIQjVySTlTYnFBNkRTSzBHN1psVXVLMl9fM1RJUXJab2hnZHdWYVpmOWplQ0dRdHRGVHZHUGFUYzFZSjd3ME82UzBaV2JYYUZRSUgwdXdCaENIQXVWWEFuaUZkQWItREtGZTJjMmw0bkU1OHNfdHlneml1VU5hV0JyR1VnbEZNZVNQY245V1BHQkJ3TzlvcEtrdw?oc=5,"<a href=""https://news.google.com/rss/articles/CBMingFBVV95cUxNVW14bEZIQjVySTlTYnFBNkRTSzBHN1psVXVLMl9fM1RJUXJab2hnZHdWYVpmOWplQ0dRdHRGVHZHUGFUYzFZSjd3ME82UzBaV2JYYUZRSUgwdXdCaENIQXVWWEFuaUZkQWItREtGZTJjMmw0bkU1OHNfdHlneml1VU5hV0JyR1VnbEZNZVNQY245V1BHQkJ3TzlvcEtrdw?oc=5"" target=""_blank"">XOM.SW Exxon Mobil (SIX) CHF101.01 high volume 05 Feb 2026: price targets</a>&nbsp;&nbsp;<font color=""#6f6f6f"">Meyka</font>",XOM,google_news_rss,CBMingFBVV95cUxNVW14bEZIQjVySTlTYnFBNkRTSzBHN1psVXVLMl9fM1RJUXJab2hnZHdWYVpmOWplQ0dRdHRGVHZHUGFUYzFZSjd3ME82UzBaV2JYYUZRSUgwdXdCaENIQXVWWEFuaUZkQWItREtGZTJjMmw0bkU1OHNfdHlneml1VU5hV0JyR1VnbEZNZVNQY245V1BHQkJ3TzlvcEtrdw,2026-02-06T10:04:28Z
145,bdf7d1fe6a5f4238bb0aec78f966036233c5af9a1d41dfb95a17c6ba2fe177fc,"Microsoft Downgrade Sends MSFT Stock Below $400, Eyeing $345 If Support Breaks - FXLeaders",FXLeaders,2026-02-05T21:23:22Z,0,https://news.google.com/rss/articles/CBMiugFBVV95cUxOa2xINlhweU15dzVIbHJKekk0SEJxVkMtLWZxNUxDN3hJVllBM1p1YVFVSXdkaGJJR2p0aU9UVDFqY2ZRenM0bzg5TUFvb2dqVGpKSVltVjE5bXNtTk1xRlhncjhBZFZ0QktIVlN0bEp2Q0lWWnV4c2F3YjhXRV9MWmVLdUQ5bVNvVDd5Z00xNkFzRWF2Q3VTTXdkSUhxcXBGNm5hUENlcUF4MTE2NnN1Um5BckJ1VnJ2eUE?oc=5,"<a href=""https://news.google.com/rss/articles/CBMiugFBVV95cUxOa2xINlhweU15dzVIbHJKekk0SEJxVkMtLWZxNUxDN3hJVllBM1p1YVFVSXdkaGJJR2p0aU9UVDFqY2ZRenM0bzg5TUFvb2dqVGpKSVltVjE5bXNtTk1xRlhncjhBZFZ0QktIVlN0bEp2Q0lWWnV4c2F3YjhXRV9MWmVLdUQ5bVNvVDd5Z00xNkFzRWF2Q3VTTXdkSUhxcXBGNm5hUENlcUF4MTE2NnN1Um5BckJ1VnJ2eUE?oc=5"" target=""_blank"">Microsoft Downgrade Sends MSFT Stock Below $400, Eyeing $345 If Support Breaks</a>&nbsp;&nbsp;<font color=""#6f6f6f"">FXLeaders</font>",MSFT,google_news_rss,CBMiugFBVV95cUxOa2xINlhweU15dzVIbHJKekk0SEJxVkMtLWZxNUxDN3hJVllBM1p1YVFVSXdkaGJJR2p0aU9UVDFqY2ZRenM0bzg5TUFvb2dqVGpKSVltVjE5bXNtTk1xRlhncjhBZFZ0QktIVlN0bEp2Q0lWWnV4c2F3YjhXRV9MWmVLdUQ5bVNvVDd5Z00xNkFzRWF2Q3VTTXdkSUhxcXBGNm5hUENlcUF4MTE2NnN1Um5BckJ1VnJ2eUE,2026-02-06T10:04:28Z
379,4eaa36f4af7b12dd183426969120e97c5a46225576446443fc979f1f1ea6cdc6,Amazon cloud unit beats on revenue and profit as parent company ramps up AI spending - CNBC,CNBC,2026-02-05T21:22:49Z,0,https://news.google.com/rss/articles/CBMickFVX3lxTE1vMURVZEZCUjJtOTFTX1JBRzc5N3BIQzFiUVRzaWNuUjlhRlVXVk5lNmlhU0VnOXlXRDdWdFYxYjkyQnZ3b1luR0RxaTRhY29PNDFCdmpXalhIZGlmcWtKWHVFX0Zob0w4aUZUYm9VOXdBQdIBd0FVX3lxTE0xNU9VcGdwR2NyeDltZTYwOU9RYzZtS2Z0eE9BSFp4RGdxVGVybjQzUzFPc01fNjY5RGhzSGloRE94OHFsSTc3NXlVWUM0VXNrWUx0WlBSX3B2aHNWRGt4Z00tQkFBU2puTlh5RXFxS1RMa2FZN05r?oc=5,"<a href=""https://news.google.com/rss/articles/CBMickFVX3lxTE1vMURVZEZCUjJtOTFTX1JBRzc5N3BIQzFiUVRzaWNuUjlhRlVXVk5lNmlhU0VnOXlXRDdWdFYxYjkyQnZ3b1luR0RxaTRhY29PNDFCdmpXalhIZGlmcWtKWHVFX0Zob0w4aUZUYm9VOXdBQdIBd0FVX3lxTE0xNU9VcGdwR2NyeDltZTYwOU9RYzZtS2Z0eE9BSFp4RGdxVGVybjQzUzFPc01fNjY5RGhzSGloRE94OHFsSTc3NXlVWUM0VXNrWUx0WlBSX3B2aHNWRGt4Z00tQkFBU2puTlh5RXFxS1RMa2FZN05r?oc=5"" target=""_blank"">Amazon cloud unit beats on revenue and profit as parent company ramps up AI spending</a>&nbsp;&nbsp;<font color=""#6f6f6f"">CNBC</font>",AMZN,google_news_rss,CBMickFVX3lxTE1vMURVZEZCUjJtOTFTX1JBRzc5N3BIQzFiUVRzaWNuUjlhRlVXVk5lNmlhU0VnOXlXRDdWdFYxYjkyQnZ3b1luR0RxaTRhY29PNDFCdmpXalhIZGlmcWtKWHVFX0Zob0w4aUZUYm9VOXdBQdIBd0FVX3lxTE0xNU9VcGdwR2NyeDltZTYwOU9RYzZtS2Z0eE9BSFp4RGdxVGVybjQzUzFPc01fNjY5RGhzSGloRE94OHFsSTc3NXlVWUM0VXNrWUx0WlBSX3B2aHNWRGt4Z00tQkFBU2puTlh5RXFxS1RMa2FZN05r,2026-02-06T10:04:28Z
706,05a5e1028c749fd904d68da95272207c782178f5f35a408f8e065e02ab2ee44d,Tesla Stock Falls. Play the Odds of Musk Merging It With SpaceX.,yahoo_rss,2026-02-05T21:20:00Z,0,https://finance.yahoo.com/m/e2236757-f1a2-394a-864b-9cac2ed36fee/tesla-stock-falls.-play-the.html?.tsrc=rss,The idea of Musk combining his tech empire into an AI conglomerate has picked up steam in recent months.,TSLA,yahoo_rss,e2236757-f1a2-394a-864b-9cac2ed36fee,2026-02-06T10:04:28Z
8,b16d4a93526e065afdee3134f19934ee9811707dba2a330003dc789f9db5767a,Best Stock to Buy Right Now: Apple vs. Costco,yahoo_rss,2026-02-05T21:20:00Z,0,https://www.fool.com/investing/2026/02/05/best-stock-to-buy-right-now-apple-vs-costco/?.tsrc=rss,These are two of the highest-quality consumer-facing businesses on Earth.,AAPL,yahoo_rss,23dd34b6-a149-357e-a0b6-d5fab823c6bf,2026-02-06T10:04:28Z
384,409c0dec905fd868975e2a9b757d3bcd7b94da358a22ed43b1b4b87c55fa4da5,"Amazon slides as investors eye profit guidance, $200B capex forecast (AMZN:NASDAQ) - Seeking Alpha",Seeking Alpha,2026-02-05T21:16:36Z,0,https://news.google.com/rss/articles/CBMipwFBVV95cUxNay1LRWpRQlU1MC1QV0R6WG9sOXFxc1JxVTFKWVZSaTJJbUFNRHBvQTJhMVJ5N2N3eTJTT0FzRHV3ejl1YWRaSG5nQ0xMUVhMU3JNMmhOSklHeE4tbVljRzZRSTA3YWl2bVZXb1F5azY4SDdZdC1GVUlLaGw0M2tnR09ucnRBQjIxRFRDSEdfMXdHOE1nQ24yRkJPNUZKdTZGczBmejNfaw?oc=5,"<a href=""https://news.google.com/rss/articles/CBMipwFBVV95cUxNay1LRWpRQlU1MC1QV0R6WG9sOXFxc1JxVTFKWVZSaTJJbUFNRHBvQTJhMVJ5N2N3eTJTT0FzRHV3ejl1YWRaSG5nQ0xMUVhMU3JNMmhOSklHeE4tbVljRzZRSTA3YWl2bVZXb1F5azY4SDdZdC1GVUlLaGw0M2tnR09ucnRBQjIxRFRDSEdfMXdHOE1nQ24yRkJPNUZKdTZGczBmejNfaw?oc=5"" target=""_blank"">Amazon slides as investors eye profit guidance, $200B capex forecast (AMZN:NASDAQ)</a>&nbsp;&nbsp;<font color=""#6f6f6f"">Seeking Alpha</font>",AMZN,google_news_rss,CBMipwFBVV95cUxNay1LRWpRQlU1MC1QV0R6WG9sOXFxc1JxVTFKWVZSaTJJbUFNRHBvQTJhMVJ5N2N3eTJTT0FzRHV3ejl1YWRaSG5nQ0xMUVhMU3JNMmhOSklHeE4tbVljRzZRSTA3YWl2bVZXb1F5azY4SDdZdC1GVUlLaGw0M2tnR09ucnRBQjIxRFRDSEdfMXdHOE1nQ24yRkJPNUZKdTZGczBmejNfaw,2026-02-06T10:04:28Z
9,4b31329ec18703c89b60ee00210e6004145414230ad62c74aca625c143a3c9f7,Apple’s Gemini Deal And EU Ruling Reframe Long Term AI Story,yahoo_rss,2026-02-05T21:16:12Z,0,https://finance.yahoo.com/news/apple-gemini-deal-eu-ruling-211612802.html?.tsrc=rss,"Apple (NasdaqGS:AAPL) has agreed to integrate Alphabet's Gemini AI models into Siri and other devices, signaling a shift in its AI approach. The partnership is aimed at upgrading Apple's virtual assistant and broader AI features across its ecosystem. The European Commission has decided that Apple Ads and Apple Maps are not subject to strict oversight under the EU Digital Markets Act. This EU decision limits additional regulatory obligations and related compliance costs for these Apple...",AAPL,yahoo_rss,1f1f653c-d884-344d-b09a-b0c2c6ca6eaf,2026-02-06T10:04:28Z
264,73dbc11583c00d31168d26ce67417be8b7927ad613f8173faf2397f9a004e0ac,"Stock Market Today: Nasdaq, Dow Sink But Small Caps Take It On Chin (Live Coverage) - Investor's Business Daily",Investor's Business Daily,2026-02-05T21:13:00Z,0,https://news.google.com/rss/articles/CBMivgFBVV95cUxOTlFITjdsUjhEbzltVEF3NHBwWFU4MkUtVjZ5ek5xYjZVWEVEQmN4T1JJRDR3N0YzZTM0ZW5TNEtYS3pGU0Y0cV9pTlVXdmQ5MlJXWFIzUmVxQzM2LU1GTWJmN21Jdms4ejk0WnBCTVVjbDBPV1VDcUdyNjlaS3p4blp2dTJCRWx6ajBteVhrNHJaTGRRS1N4aDJYMVRkQU13VjA0NnQ0OVM5ZWVlNURsSXlhSjF4QUN0aWg2M2d3?oc=5,"<a href=""https://news.google.com/rss/articles/CBMivgFBVV95cUxOTlFITjdsUjhEbzltVEF3NHBwWFU4MkUtVjZ5ek5xYjZVWEVEQmN4T1JJRDR3N0YzZTM0ZW5TNEtYS3pGU0Y0cV9pTlVXdmQ5MlJXWFIzUmVxQzM2LU1GTWJmN21Jdms4ejk0WnBCTVVjbDBPV1VDcUdyNjlaS3p4blp2dTJCRWx6ajBteVhrNHJaTGRRS1N4aDJYMVRkQU13VjA0NnQ0OVM5ZWVlNURsSXlhSjF4QUN0aWg2M2d3?oc=5"" target=""_blank"">Stock Market Today: Nasdaq, Dow Sink But Small Caps Take It On Chin (Live Coverage)</a>&nbsp;&nbsp;<font color=""#6f6f6f"">Investor's Business Daily</font>",GOOGL,google_news_rss,CBMivgFBVV95cUxOTlFITjdsUjhEbzltVEF3NHBwWFU4MkUtVjZ5ek5xYjZVWEVEQmN4T1JJRDR3N0YzZTM0ZW5TNEtYS3pGU0Y0cV9pTlVXdmQ5MlJXWFIzUmVxQzM2LU1GTWJmN21Jdms4ejk0WnBCTVVjbDBPV1VDcUdyNjlaS3p4blp2dTJCRWx6ajBteVhrNHJaTGRRS1N4aDJYMVRkQU13VjA0NnQ0OVM5ZWVlNURsSXlhSjF4QUN0aWg2M2d3,2026-02-06T10:04:28Z
394,12abd0cb1a4489be653b1593790dd3ced618b7350a91d666cca2cba9bc965ede,"Amazon sees 50% boost to capital spending this year, shares tumble - Reuters",Reuters,2026-02-05T21:05:29Z,0,https://news.google.com/rss/articles/CBMitgFBVV95cUxOZGU1U3dqeHJLczJCUTZ4Q0NFdW4ySkg5T0FwUXhJUDBjZ05TM2pkWDJ5dG5qbFdROVpUd0U5QmtsQlQxZVNnOXh1VHVzS1cyTW9FUVU4eUpjVUR3ZXVXY3FtUjBBeFB6Q3d2NDRVcGV6NGNGejBJd05ROEZMMzkxQ01DcmJrZGZlOUZuWGRhX1lDMkNPb3FJNUVWVXlTOHZZUUxBVFA1VFcxNllzdV9sQ1JTSXlldw?oc=5,"<a href=""https://news.google.com/rss/articles/CBMitgFBVV95cUxOZGU1U3dqeHJLczJCUTZ4Q0NFdW4ySkg5T0FwUXhJUDBjZ05TM2pkWDJ5dG5qbFdROVpUd0U5QmtsQlQxZVNnOXh1VHVzS1cyTW9FUVU4eUpjVUR3ZXVXY3FtUjBBeFB6Q3d2NDRVcGV6NGNGejBJd05ROEZMMzkxQ01DcmJrZGZlOUZuWGRhX1lDMkNPb3FJNUVWVXlTOHZZUUxBVFA1VFcxNllzdV9sQ1JTSXlldw?oc=5"" target=""_blank"">Amazon sees 50% boost to capital spending this year, shares tumble</a>&nbsp;&nbsp;<font color=""#6f6f6f"">Reuters</font>",AMZN,google_news_rss,CBMitgFBVV95cUxOZGU1U3dqeHJLczJCUTZ4Q0NFdW4ySkg5T0FwUXhJUDBjZ05TM2pkWDJ5dG5qbFdROVpUd0U5QmtsQlQxZVNnOXh1VHVzS1cyTW9FUVU4eUpjVUR3ZXVXY3FtUjBBeFB6Q3d2NDRVcGV6NGNGejBJd05ROEZMMzkxQ01DcmJrZGZlOUZuWGRhX1lDMkNPb3FJNUVWVXlTOHZZUUxBVFA1VFcxNllzdV9sQ1JTSXlldw,2026-02-06T10:04:28Z
2757,35d0eabc51f9de0c0da9af5f54465b1470fd9351780b6c631248ee0a3c66ebd2,"Amazon sees 50% boost to capital spending this year, shares tumble - Yahoo Finance",Yahoo Finance,2026-02-05T21:05:17Z,0,https://news.google.com/rss/articles/CBMiiAFBVV95cUxPckFtZDhrZzFnMlU3TU5LVUt6NGoyTFFGaXVlV3JvVXJqbDNyVG5lbFUzdFl2dHJPWkl2UmtsRFhIazFpNm1jNS1iSC1ES2pteXFuWGtnZE1idzZ1UWdrRktVaWpEQXlYVjB6M2JVUXBDSEJEZU5MT2J2RzlxcHdySjhndHNvWkhf?oc=5,"<a href=""https://news.google.com/rss/articles/CBMiiAFBVV95cUxPckFtZDhrZzFnMlU3TU5LVUt6NGoyTFFGaXVlV3JvVXJqbDNyVG5lbFUzdFl2dHJPWkl2UmtsRFhIazFpNm1jNS1iSC1ES2pteXFuWGtnZE1idzZ1UWdrRktVaWpEQXlYVjB6M2JVUXBDSEJEZU5MT2J2RzlxcHdySjhndHNvWkhf?oc=5"" target=""_blank"">Amazon sees 50% boost to capital spending this year, shares tumble</a>&nbsp;&nbsp;<font color=""#6f6f6f"">Yahoo Finance</font>",AMZN,google_news_rss,CBMiiAFBVV95cUxPckFtZDhrZzFnMlU3TU5LVUt6NGoyTFFGaXVlV3JvVXJqbDNyVG5lbFUzdFl2dHJPWkl2UmtsRFhIazFpNm1jNS1iSC1ES2pteXFuWGtnZE1idzZ1UWdrRktVaWpEQXlYVjB6M2JVUXBDSEJEZU5MT2J2RzlxcHdySjhndHNvWkhf,2026-02-06T19:12:42Z
388,6a35627e066f56d978b895199284f76cde7e1d8da05dec54ba26baea7db50c93,"Earnings Flash (AMZN) Amazon.com, Inc. Reports Q4 Revenue $213.39B, vs. FactSet Est of $211.44B - marketscreener.com",marketscreener.com,2026-02-05T21:03:35Z,0,https://news.google.com/rss/articles/CBMi1wFBVV95cUxNUXNXUFhjSWo2UjBtZ2dQNC1pUThyX0VpMENrazhOQmNFMmQ3R2twcHNQVTNHemVkYV9kNnNpeEZtLXZqQnBoRExuU2hZME1mUE5zRzEzb212NEh2VGJuV3N3UkxIa1Axc2dqNktybVllMWJmdTEwNHFyMHllYzlUemx3Zm1SQ3hSU2tSbXoySUFURjA0S1R6QXFCdjFQTE5qVWRqLTBDUUx6ZWp1b1RpbTIxV3FPMWdneTROdTA4VXdOdVhLY0ZJejhzTnZpMDBJX1BSLWhvQQ?oc=5,"<a href=""https://news.google.com/rss/articles/CBMi1wFBVV95cUxNUXNXUFhjSWo2UjBtZ2dQNC1pUThyX0VpMENrazhOQmNFMmQ3R2twcHNQVTNHemVkYV9kNnNpeEZtLXZqQnBoRExuU2hZME1mUE5zRzEzb212NEh2VGJuV3N3UkxIa1Axc2dqNktybVllMWJmdTEwNHFyMHllYzlUemx3Zm1SQ3hSU2tSbXoySUFURjA0S1R6QXFCdjFQTE5qVWRqLTBDUUx6ZWp1b1RpbTIxV3FPMWdneTROdTA4VXdOdVhLY0ZJejhzTnZpMDBJX1BSLWhvQQ?oc=5"" target=""_blank"">Earnings Flash (AMZN) Amazon.com, Inc. Reports Q4 Revenue $213.39B, vs. FactSet Est of $211.44B</a>&nbsp;&nbsp;<font color=""#6f6f6f"">marketscreener.com</font>",AMZN,google_news_rss,CBMi1wFBVV95cUxNUXNXUFhjSWo2UjBtZ2dQNC1pUThyX0VpMENrazhOQmNFMmQ3R2twcHNQVTNHemVkYV9kNnNpeEZtLXZqQnBoRExuU2hZME1mUE5zRzEzb212NEh2VGJuV3N3UkxIa1Axc2dqNktybVllMWJmdTEwNHFyMHllYzlUemx3Zm1SQ3hSU2tSbXoySUFURjA0S1R6QXFCdjFQTE5qVWRqLTBDUUx6ZWp1b1RpbTIxV3FPMWdneTROdTA4VXdOdVhLY0ZJejhzTnZpMDBJX1BSLWhvQQ,2026-02-06T10:04:28Z
390,9cfba948131a026d5df4c93e6f45dc5c787b495454177c16128a82cfccbc9271,"Earnings Flash (AMZN) Amazon.com Posts Q4 EPS $1.95, vs. FactSet Est of $1.97 - marketscreener.com",marketscreener.com,2026-02-05T21:03:12Z,0,https://news.google.com/rss/articles/CBMiwgFBVV95cUxNN015Sk01WHM5eWVwZ2ZGOU1KemkybDdpc21aQ05KaksxWUNYbEF3eTgtTXM4T1M2b2pfQ0U3bFhqNlRieHRvMGk5TFByVk81UUpkdmcxS1JxSnIzSUhRSnRzVEVUZmVTUDkxYklmUnhWc2dJZFdhUjRJVUZsaFNUZ2hwN3laa0ViWEFTNEZOeXlVbEJGTGV3NGVaa0NiNnJFWWN0LURZMUdCY2RKUzBTWi1yWlVzLVJKVlR5b2lWRmZRQQ?oc=5,"<a href=""https://news.google.com/rss/articles/CBMiwgFBVV95cUxNN015Sk01WHM5eWVwZ2ZGOU1KemkybDdpc21aQ05KaksxWUNYbEF3eTgtTXM4T1M2b2pfQ0U3bFhqNlRieHRvMGk5TFByVk81UUpkdmcxS1JxSnIzSUhRSnRzVEVUZmVTUDkxYklmUnhWc2dJZFdhUjRJVUZsaFNUZ2hwN3laa0ViWEFTNEZOeXlVbEJGTGV3NGVaa0NiNnJFWWN0LURZMUdCY2RKUzBTWi1yWlVzLVJKVlR5b2lWRmZRQQ?oc=5"" target=""_blank"">Earnings Flash (AMZN) Amazon.com Posts Q4 EPS $1.95, vs. FactSet Est of $1.97</a>&nbsp;&nbsp;<font color=""#6f6f6f"">marketscreener.com</font>",AMZN,google_news_rss,CBMiwgFBVV95cUxNN015Sk01WHM5eWVwZ2ZGOU1KemkybDdpc21aQ05KaksxWUNYbEF3eTgtTXM4T1M2b2pfQ0U3bFhqNlRieHRvMGk5TFByVk81UUpkdmcxS1JxSnIzSUhRSnRzVEVUZmVTUDkxYklmUnhWc2dJZFdhUjRJVUZsaFNUZ2hwN3laa0ViWEFTNEZOeXlVbEJGTGV3NGVaa0NiNnJFWWN0LURZMUdCY2RKUzBTWi1yWlVzLVJKVlR5b2lWRmZRQQ,2026-02-06T10:04:28Z
316,8a0f7586b6843c0dfc6742074e6106e89327ca897aa396d4c4e6ef25f09f1c70,"Michael Burry Flags Wording, Methodology Updates In Google Parent Alphabet’s Fresh Filing - Stocktwits",Stocktwits,2026-02-05T21:01:17Z,0,https://news.google.com/rss/articles/CBMi5AFBVV95cUxOTkoxNk55ZHRsVzZKLWVDTGtFNHR5Z1V4U3BWcEZScVZjNFBkdl9yNlByV2hKS0JYWGtsT3RrU3hqRGVOai0xZjlHdVhPbjdBRDZCNUxneUpXRVBVVE1UN0dVamVkcC1GamFSTHRQV2ZwZjd4Z0pQakZXSFY2R19JbkdRQ2tjb2tDYlhia0dTQmNTaUhPUkliTjhPN1pmYmI5WEtKRTZmR1F2aTQzVGJpVUZ1d0dvSXdPQmJ2Q1JwNEFKdzZHeUVHQWF3LVZmR1pLak84Z1B1MnZZVVhMOE1zYWJZWE0?oc=5,"<a href=""https://news.google.com/rss/articles/CBMi5AFBVV95cUxOTkoxNk55ZHRsVzZKLWVDTGtFNHR5Z1V4U3BWcEZScVZjNFBkdl9yNlByV2hKS0JYWGtsT3RrU3hqRGVOai0xZjlHdVhPbjdBRDZCNUxneUpXRVBVVE1UN0dVamVkcC1GamFSTHRQV2ZwZjd4Z0pQakZXSFY2R19JbkdRQ2tjb2tDYlhia0dTQmNTaUhPUkliTjhPN1pmYmI5WEtKRTZmR1F2aTQzVGJpVUZ1d0dvSXdPQmJ2Q1JwNEFKdzZHeUVHQWF3LVZmR1pLak84Z1B1MnZZVVhMOE1zYWJZWE0?oc=5"" target=""_blank"">Michael Burry Flags Wording, Methodology Updates In Google Parent Alphabet’s Fresh Filing</a>&nbsp;&nbsp;<font color=""#6f6f6f"">Stocktwits</font>",GOOGL,google_news_rss,CBMi5AFBVV95cUxOTkoxNk55ZHRsVzZKLWVDTGtFNHR5Z1V4U3BWcEZScVZjNFBkdl9yNlByV2hKS0JYWGtsT3RrU3hqRGVOai0xZjlHdVhPbjdBRDZCNUxneUpXRVBVVE1UN0dVamVkcC1GamFSTHRQV2ZwZjd4Z0pQakZXSFY2R19JbkdRQ2tjb2tDYlhia0dTQmNTaUhPUkliTjhPN1pmYmI5WEtKRTZmR1F2aTQzVGJpVUZ1d0dvSXdPQmJ2Q1JwNEFKdzZHeUVHQWF3LVZmR1pLak84Z1B1MnZZVVhMOE1zYWJZWE0,2026-02-06T10:04:28Z
938,bf1f4bd3b046c1038586046a005c28c7c3a5cc68285e5cf6b4b5227533053ca5,Amazon.com Announces Fourth Quarter Results,yahoo_rss,2026-02-05T21:01:00Z,0,https://finance.yahoo.com/news/amazon-com-announces-fourth-quarter-210100904.html?.tsrc=rss,"SEATTLE, February 05, 2026--Amazon.com, Inc. (NASDAQ: AMZN) today announced financial results for its fourth quarter ended December 31, 2025.",V,yahoo_rss,133c8c30-e568-3166-87d3-2d098be31d75,2026-02-06T10:04:28Z
392,c58d3780f7053ca2619885a4bba1915375f85a13af61857d8fb62904c7eaf13b,"Amazon plans $200B 2026 investment in AI, chips and satellites - stocktitan.net",stocktitan.net,2026-02-05T21:01:00Z,0,https://news.google.com/rss/articles/CBMilAFBVV95cUxNQ0V1TUlpZWlyVVRTc25jNmZLejJXVnhlT0pBUi1fXzQyMFJCRU9qa1VFODJIQzl6bTdqcUxZNndHVjFvWDJWRHh1M1JGSjVDZHRiZTBlRzF3R2dMN011TzdNNjlmc2VMUlJZQUVIVEJuR1BlYVJEV1l2YV9kd0tycFJhUHdOb2l2aldsc1RKWkREb0ow?oc=5,"<a href=""https://news.google.com/rss/articles/CBMilAFBVV95cUxNQ0V1TUlpZWlyVVRTc25jNmZLejJXVnhlT0pBUi1fXzQyMFJCRU9qa1VFODJIQzl6bTdqcUxZNndHVjFvWDJWRHh1M1JGSjVDZHRiZTBlRzF3R2dMN011TzdNNjlmc2VMUlJZQUVIVEJuR1BlYVJEV1l2YV9kd0tycFJhUHdOb2l2aldsc1RKWkREb0ow?oc=5"" target=""_blank"">Amazon plans $200B 2026 investment in AI, chips and satellites</a>&nbsp;&nbsp;<font color=""#6f6f6f"">stocktitan.net</font>",AMZN,google_news_rss,CBMilAFBVV95cUxNQ0V1TUlpZWlyVVRTc25jNmZLejJXVnhlT0pBUi1fXzQyMFJCRU9qa1VFODJIQzl6bTdqcUxZNndHVjFvWDJWRHh1M1JGSjVDZHRiZTBlRzF3R2dMN011TzdNNjlmc2VMUlJZQUVIVEJuR1BlYVJEV1l2YV9kd0tycFJhUHdOb2l2aldsc1RKWkREb0ow,2026-02-06T10:04:28Z
2385,4fd23adc4204e1b961c0180c36e0dc7e519b11b8f93a545dcb801dcd45d4538e,Best Stock to Buy Right Now: Apple vs. Costco - The Motley Fool,The Motley Fool,2026-02-05T21:00:00Z,0,https://news.google.com/rss/articles/CBMijwFBVV95cUxPX3BnQTVCRkM3WkowZGstTl9LSkVRR05CaWEwb2VTWkpENGlXcFV3UVByUUFiMHZpSTZveUU3ZWpQcVRnWWtuWndJdlBrbUszYkVEYUc5VkttT3R2NU5mLU5TaWVjZ1Y2a0I4clRPUzVvdnA2d0VhWjNBTG02MGFsZzFjSm5DWHh1WWZSTDB6TQ?oc=5,"<a href=""https://news.google.com/rss/articles/CBMijwFBVV95cUxPX3BnQTVCRkM3WkowZGstTl9LSkVRR05CaWEwb2VTWkpENGlXcFV3UVByUUFiMHZpSTZveUU3ZWpQcVRnWWtuWndJdlBrbUszYkVEYUc5VkttT3R2NU5mLU5TaWVjZ1Y2a0I4clRPUzVvdnA2d0VhWjNBTG02MGFsZzFjSm5DWHh1WWZSTDB6TQ?oc=5"" target=""_blank"">Best Stock to Buy Right Now: Apple vs. Costco</a>&nbsp;&nbsp;<font color=""#6f6f6f"">The Motley Fool</font>",AAPL,google_news_rss,CBMijwFBVV95cUxPX3BnQTVCRkM3WkowZGstTl9LSkVRR05CaWEwb2VTWkpENGlXcFV3UVByUUFiMHZpSTZveUU3ZWpQcVRnWWtuWndJdlBrbUszYkVEYUc5VkttT3R2NU5mLU5TaWVjZ1Y2a0I4clRPUzVvdnA2d0VhWjNBTG02MGFsZzFjSm5DWHh1WWZSTDB6TQ,2026-02-06T19:12:42Z
627,e4340ca1983f1e0d59cfd177269c57a5b632ff6ec6222d84e3c5c20cd2c90a6e,Meta Stock Faces 2026 Risk as AI Spending Soars - techi.com,techi.com,2026-02-05T20:54:01Z,0,https://news.google.com/rss/articles/CBMiZkFVX3lxTE94ajEydnpIdm05dTdJTGswcU9NZ1VaR216bWdBMEYtblhvaVRUUXlyN0VRMHkybzVvcktiYVN6WlBiYmVGUEV0aUNOUzNNN2NYQXM3eWM4Q1RKaUFZR1V4WkxmRXNTZw?oc=5,"<a href=""https://news.google.com/rss/articles/CBMiZkFVX3lxTE94ajEydnpIdm05dTdJTGswcU9NZ1VaR216bWdBMEYtblhvaVRUUXlyN0VRMHkybzVvcktiYVN6WlBiYmVGUEV0aUNOUzNNN2NYQXM3eWM4Q1RKaUFZR1V4WkxmRXNTZw?oc=5"" target=""_blank"">Meta Stock Faces 2026 Risk as AI Spending Soars</a>&nbsp;&nbsp;<font color=""#6f6f6f"">techi.com</font>",META,google_news_rss,CBMiZkFVX3lxTE94ajEydnpIdm05dTdJTGswcU9NZ1VaR216bWdBMEYtblhvaVRUUXlyN0VRMHkybzVvcktiYVN6WlBiYmVGUEV0aUNOUzNNN2NYQXM3eWM4Q1RKaUFZR1V4WkxmRXNTZw,2026-02-06T10:04:28Z
285,e3d75ea184c51705e9a739edf2994b6936f3ca7ba7e3d67699751aaa10aaabce,Alphabet Q4 Results: Shares A Hold As AI Spending Reigns Supreme (NASDAQ:GOOG) - Seeking Alpha,Seeking Alpha,2026-02-05T20:41:12Z,0,https://news.google.com/rss/articles/CBMipwFBVV95cUxQbUF2WU4xcnlra2tqSGIzcjdmM3VtZEE1VGM0N2otbnp1RXctN2ZuSlh3VEplcF8tWUpweFdvQlBsYk9OWDhFbElYUGJSWmV4U1JrVWlVTjhPc29FZHpqd1I1UjJ0OTUxS1M2bXdaajU3dHA5cWZiVDVjVnVFQXdEOVR1U1B3enBwNTFCS0Rib2x6V0tNVFlKWVROaFpXN3R6STd6bkFXWQ?oc=5,"<a href=""https://news.google.com/rss/articles/CBMipwFBVV95cUxQbUF2WU4xcnlra2tqSGIzcjdmM3VtZEE1VGM0N2otbnp1RXctN2ZuSlh3VEplcF8tWUpweFdvQlBsYk9OWDhFbElYUGJSWmV4U1JrVWlVTjhPc29FZHpqd1I1UjJ0OTUxS1M2bXdaajU3dHA5cWZiVDVjVnVFQXdEOVR1U1B3enBwNTFCS0Rib2x6V0tNVFlKWVROaFpXN3R6STd6bkFXWQ?oc=5"" target=""_blank"">Alphabet Q4 Results: Shares A Hold As AI Spending Reigns Supreme (NASDAQ:GOOG)</a>&nbsp;&nbsp;<font color=""#6f6f6f"">Seeking Alpha</font>",GOOGL,google_news_rss,CBMipwFBVV95cUxQbUF2WU4xcnlra2tqSGIzcjdmM3VtZEE1VGM0N2otbnp1RXctN2ZuSlh3VEplcF8tWUpweFdvQlBsYk9OWDhFbElYUGJSWmV4U1JrVWlVTjhPc29FZHpqd1I1UjJ0OTUxS1M2bXdaajU3dHA5cWZiVDVjVnVFQXdEOVR1U1B3enBwNTFCS0Rib2x6V0tNVFlKWVROaFpXN3R6STd6bkFXWQ,2026-02-06T10:04:28Z
395,3558c5ea99b6e28d5463ac6cb5400e352eba49150c7e80707c09c50ee764da09,Amazon stock price slides 4% on German antitrust hit as AMZN heads into earnings - TechStock²,TechStock²,2026-02-05T20:29:00Z,0,https://news.google.com/rss/articles/CBMiogFBVV95cUxNWHpMdXBvc3VabkNHSkl3ak1PaEx0dEZHdW9iRDZhV0dMVGF3TGFPWEN5RDk3T3pjOFJIWDJXZDV1S0pROWZOeTJVUWdaSmpXdWtwNnh1SlA5UFJFOWVpMmVYaWtiVWN5d1BnQ2hFX190cGkyYVBGRDdVOTZRWnJELWVod255N0NIOTJieXZoeThWTXZMZ1doNmItMWNzdUE4LXc?oc=5,"<a href=""https://news.google.com/rss/articles/CBMiogFBVV95cUxNWHpMdXBvc3VabkNHSkl3ak1PaEx0dEZHdW9iRDZhV0dMVGF3TGFPWEN5RDk3T3pjOFJIWDJXZDV1S0pROWZOeTJVUWdaSmpXdWtwNnh1SlA5UFJFOWVpMmVYaWtiVWN5d1BnQ2hFX190cGkyYVBGRDdVOTZRWnJELWVod255N0NIOTJieXZoeThWTXZMZ1doNmItMWNzdUE4LXc?oc=5"" target=""_blank"">Amazon stock price slides 4% on German antitrust hit as AMZN heads into earnings</a>&nbsp;&nbsp;<font color=""#6f6f6f"">TechStock²</font>",AMZN,google_news_rss,CBMiogFBVV95cUxNWHpMdXBvc3VabkNHSkl3ak1PaEx0dEZHdW9iRDZhV0dMVGF3TGFPWEN5RDk3T3pjOFJIWDJXZDV1S0pROWZOeTJVUWdaSmpXdWtwNnh1SlA5UFJFOWVpMmVYaWtiVWN5d1BnQ2hFX190cGkyYVBGRDdVOTZRWnJELWVod255N0NIOTJieXZoeThWTXZMZ1doNmItMWNzdUE4LXc,2026-02-06T10:04:28Z
372,f4c5f569dae87c99d16faa9c6cc8c1572b0235b4f656832a9c11ed4689dd0c29,Live Earnings: Will Amazon Shares Soar if AWS Blows Out Q4 Expectations? - 24/7 Wall St.,24/7 Wall St.,2026-02-05T20:24:08Z,0,https://news.google.com/rss/articles/CBMitAFBVV95cUxOOUpicUJkWUJpZC02MVQwLTVKcE1iMlZTZjM4V1JMeUJ1djJQVHZHM1JhWlVsWkNUQmVTaEdCRDNtbGVWY1djUF9lNVJtazAtXzhNTnpxc1hxMWxYd29acFVCc2VmeHkwTlBsVmRqT21NQjA5VzMzcVpJdnJERy1CbmhSWG9RRkh5eFdKY1VLdEdLQmtabmZjcGY0RXM4enZhbFBHbmhKMVRralFjSDEzb2haZWQ?oc=5,"<a href=""https://news.google.com/rss/articles/CBMitAFBVV95cUxOOUpicUJkWUJpZC02MVQwLTVKcE1iMlZTZjM4V1JMeUJ1djJQVHZHM1JhWlVsWkNUQmVTaEdCRDNtbGVWY1djUF9lNVJtazAtXzhNTnpxc1hxMWxYd29acFVCc2VmeHkwTlBsVmRqT21NQjA5VzMzcVpJdnJERy1CbmhSWG9RRkh5eFdKY1VLdEdLQmtabmZjcGY0RXM4enZhbFBHbmhKMVRralFjSDEzb2haZWQ?oc=5"" target=""_blank"">Live Earnings: Will Amazon Shares Soar if AWS Blows Out Q4 Expectations?</a>&nbsp;&nbsp;<font color=""#6f6f6f"">24/7 Wall St.</font>",AMZN,google_news_rss,CBMitAFBVV95cUxOOUpicUJkWUJpZC02MVQwLTVKcE1iMlZTZjM4V1JMeUJ1djJQVHZHM1JhWlVsWkNUQmVTaEdCRDNtbGVWY1djUF9lNVJtazAtXzhNTnpxc1hxMWxYd29acFVCc2VmeHkwTlBsVmRqT21NQjA5VzMzcVpJdnJERy1CbmhSWG9RRkh5eFdKY1VLdEdLQmtabmZjcGY0RXM4enZhbFBHbmhKMVRralFjSDEzb2haZWQ,2026-02-06T10:04:28Z
10,b26ec0abeedb661b5380e966834e6f50855f8090e23834a3f07457403ee75e8c,"Apple’s Cook Talks Immigration, Succession and AI at Meeting",yahoo_rss,2026-02-05T20:18:24Z,0,https://finance.yahoo.com/news/apple-cook-talks-immigration-succession-201824476.html?.tsrc=rss,"“I’ve heard from some of you that don’t feel comfortable leaving your homes,” Cook said during an all-hands meeting with staff on Thursday.  The CEO added that immigration is especially important to Apple, which has “team members across the US on some form of visa.”  The remarks were part of a wide-ranging discussion that also touched on Apple’s artificial intelligence efforts and executive succession.",AAPL,yahoo_rss,e51de2a5-e6be-3c2f-bbfd-fa4d17c42ee7,2026-02-06T10:04:28Z
298,db99041b708774aeeb30e7efb7d2a8cc114e0626e1637aafd2092303bbd7fa82,Alphabet (NASDAQ:GOOGL) Given New $395.00 Price Target at JPMorgan Chase & Co. - MarketBeat,MarketBeat,2026-02-05T20:15:24Z,0,https://news.google.com/rss/articles/CBMiwgFBVV95cUxPelJOd3lVamtWc05adm44aE00LVRjOWt5Yk1YY3JFbHhPRjJkNjNFZTI1OGVLek1JRnBvX2FtTFhjUkwzRl9jLVN4OGwzQ19sRkxjenJYeVNDckpGbHB4bjZZNmMtMDBvQWpCUmQweDJBckg1VU92U0VkZ1ZqN0k5NDl1VkJjTUE2clpFNHNwUnd3bnFiZzdiYzZnTXF2Wkdfa3d4NEVCN3lUaG5BY2tBWVpZNGNPNlVldXhuVm5uRE5HZw?oc=5,"<a href=""https://news.google.com/rss/articles/CBMiwgFBVV95cUxPelJOd3lVamtWc05adm44aE00LVRjOWt5Yk1YY3JFbHhPRjJkNjNFZTI1OGVLek1JRnBvX2FtTFhjUkwzRl9jLVN4OGwzQ19sRkxjenJYeVNDckpGbHB4bjZZNmMtMDBvQWpCUmQweDJBckg1VU92U0VkZ1ZqN0k5NDl1VkJjTUE2clpFNHNwUnd3bnFiZzdiYzZnTXF2Wkdfa3d4NEVCN3lUaG5BY2tBWVpZNGNPNlVldXhuVm5uRE5HZw?oc=5"" target=""_blank"">Alphabet (NASDAQ:GOOGL) Given New $395.00 Price Target at JPMorgan Chase & Co.</a>&nbsp;&nbsp;<font color=""#6f6f6f"">MarketBeat</font>",GOOGL,google_news_rss,CBMiwgFBVV95cUxPelJOd3lVamtWc05adm44aE00LVRjOWt5Yk1YY3JFbHhPRjJkNjNFZTI1OGVLek1JRnBvX2FtTFhjUkwzRl9jLVN4OGwzQ19sRkxjenJYeVNDckpGbHB4bjZZNmMtMDBvQWpCUmQweDJBckg1VU92U0VkZ1ZqN0k5NDl1VkJjTUE2clpFNHNwUnd3bnFiZzdiYzZnTXF2Wkdfa3d4NEVCN3lUaG5BY2tBWVpZNGNPNlVldXhuVm5uRE5HZw,2026-02-06T10:04:28Z
287,f57bc1dd40de7c738fc03cd432fdb23e6f8956f38f3bc8574913db9f7e8068ef,Alphabet (NASDAQ:GOOGL) Given Buy Rating at Stifel Nicolaus - MarketBeat,MarketBeat,2026-02-05T20:15:22Z,0,https://news.google.com/rss/articles/CBMirwFBVV95cUxOem5NcWs3bGFLTlJMVnVzam40SDlPWUVBQnk5dTBBc2t2dGNtYlB5aHFCZGFaSDVQN0FVeHNJMUR1NVNiVDlQa3lGMDJtNUw2T3JxeUgtZ2txM2o4RF9jZW1YbEVHMGpDdElIOHh1MXc5Zm44czJHaDRfMVZNOHRhQ0RwbXZhc21YQkVhaGNpR3drOXdRbGdxb2tFb0V0YW9zaGk3SC1Vd19DcTFvMUln?oc=5,"<a href=""https://news.google.com/rss/articles/CBMirwFBVV95cUxOem5NcWs3bGFLTlJMVnVzam40SDlPWUVBQnk5dTBBc2t2dGNtYlB5aHFCZGFaSDVQN0FVeHNJMUR1NVNiVDlQa3lGMDJtNUw2T3JxeUgtZ2txM2o4RF9jZW1YbEVHMGpDdElIOHh1MXc5Zm44czJHaDRfMVZNOHRhQ0RwbXZhc21YQkVhaGNpR3drOXdRbGdxb2tFb0V0YW9zaGk3SC1Vd19DcTFvMUln?oc=5"" target=""_blank"">Alphabet (NASDAQ:GOOGL) Given Buy Rating at Stifel Nicolaus</a>&nbsp;&nbsp;<font color=""#6f6f6f"">MarketBeat</font>",GOOGL,google_news_rss,CBMirwFBVV95cUxOem5NcWs3bGFLTlJMVnVzam40SDlPWUVBQnk5dTBBc2t2dGNtYlB5aHFCZGFaSDVQN0FVeHNJMUR1NVNiVDlQa3lGMDJtNUw2T3JxeUgtZ2txM2o4RF9jZW1YbEVHMGpDdElIOHh1MXc5Zm44czJHaDRfMVZNOHRhQ0RwbXZhc21YQkVhaGNpR3drOXdRbGdxb2tFb0V0YW9zaGk3SC1Vd19DcTFvMUln,2026-02-06T10:04:28Z
821,327885012d3db11d921d46c22d5fc18bfa741f54111a3b1a163d5ecb6e5ced22,Is JPMorgan Chase (JPM) Still Attractive After Recent Share Price Strength?,yahoo_rss,2026-02-05T20:12:41Z,0,https://finance.yahoo.com/news/jpmorgan-chase-jpm-still-attractive-201241823.html?.tsrc=rss,"If you are wondering whether JPMorgan Chase at around US$317 per share is still good value or starting to look expensive, you are asking the right question. The stock has moved 5.5% over the last week, while the 30 day return is a 5.0% decline, a 2.5% decline year to date, and 19.7% over the past year. Recent headlines have focused on JPMorgan Chase as a bellwether for large US banks, with investors watching how its balance sheet strength and capital position influence sentiment toward the...",JPM,yahoo_rss,a6a12545-1249-3d57-acb6-c2ac67d10297,2026-02-06T10:04:28Z
309,5e58d0cecc532be35389d391e567bbf168abc25ae922ae26f0451f623b08e37c,Alphabet Q4 Earnings Win Over Analysts: 'We Have More Conviction Here' - Benzinga,Benzinga,2026-02-05T19:56:48Z,0,https://news.google.com/rss/articles/CBMi2wFBVV95cUxQRU5OTmVVdW9IeXMyampOMlFWM3FYM0k0cTRDaDZrdGNrQlkxRExtYlZ5aVpyczJ4eEdXeU1aYkNzNFFGckNDLVhzTDFZd3JsM1FUMHJYUHJ1MWdRc0ZIZHZyeU0zbEhJYTQtRFR0NTlVY2Z1X1B3cExPa2xiUVJFaXdxLXlUOHl4X0h5MTJuNW5Nd3RIUGJ4OURic0xfYk1YVlVNVU5ZTEIwZXV2aTAwQU5UQU1NdTZsdWp1LXJKcUNxSmFvbjlmeWFEOTFIUXB6MnF3T0VsTUh4bjA?oc=5,"<a href=""https://news.google.com/rss/articles/CBMi2wFBVV95cUxQRU5OTmVVdW9IeXMyampOMlFWM3FYM0k0cTRDaDZrdGNrQlkxRExtYlZ5aVpyczJ4eEdXeU1aYkNzNFFGckNDLVhzTDFZd3JsM1FUMHJYUHJ1MWdRc0ZIZHZyeU0zbEhJYTQtRFR0NTlVY2Z1X1B3cExPa2xiUVJFaXdxLXlUOHl4X0h5MTJuNW5Nd3RIUGJ4OURic0xfYk1YVlVNVU5ZTEIwZXV2aTAwQU5UQU1NdTZsdWp1LXJKcUNxSmFvbjlmeWFEOTFIUXB6MnF3T0VsTUh4bjA?oc=5"" target=""_blank"">Alphabet Q4 Earnings Win Over Analysts: 'We Have More Conviction Here'</a>&nbsp;&nbsp;<font color=""#6f6f6f"">Benzinga</font>",GOOGL,google_news_rss,CBMi2wFBVV95cUxQRU5OTmVVdW9IeXMyampOMlFWM3FYM0k0cTRDaDZrdGNrQlkxRExtYlZ5aVpyczJ4eEdXeU1aYkNzNFFGckNDLVhzTDFZd3JsM1FUMHJYUHJ1MWdRc0ZIZHZyeU0zbEhJYTQtRFR0NTlVY2Z1X1B3cExPa2xiUVJFaXdxLXlUOHl4X0h5MTJuNW5Nd3RIUGJ4OURic0xfYk1YVlVNVU5ZTEIwZXV2aTAwQU5UQU1NdTZsdWp1LXJKcUNxSmFvbjlmeWFEOTFIUXB6MnF3T0VsTUh4bjA,2026-02-06T10:04:28Z
175,09b6de6541342870569f6ae05515fb661f44008ed2582c90743ef3170bc6287c,TD Cowen Keeps Buy on Microsoft (MSFT) Despite Softer Azure Growth - Finviz,Finviz,2026-02-05T19:55:55Z,0,https://news.google.com/rss/articles/CBMimwFBVV95cUxQYjFBU2JxcHNadmd3aTBnbzIydWZiUG42bTFBY2xNUEpIX0l0OXlfQ3VIMXJvN0FxM1dETndva1dfMTNiU3V5QUJTamFiTXpyeE1pNFBmTTJsMlZiNnhvX3BvVVJGb3pVT3dOUFVWc2dhZkVmWUVPbGpNVVpJWVBaaURMSzVuYTdFM3V6YTBVMDhOVmlDeUdfa2ZDOA?oc=5,"<a href=""https://news.google.com/rss/articles/CBMimwFBVV95cUxQYjFBU2JxcHNadmd3aTBnbzIydWZiUG42bTFBY2xNUEpIX0l0OXlfQ3VIMXJvN0FxM1dETndva1dfMTNiU3V5QUJTamFiTXpyeE1pNFBmTTJsMlZiNnhvX3BvVVJGb3pVT3dOUFVWc2dhZkVmWUVPbGpNVVpJWVBaaURMSzVuYTdFM3V6YTBVMDhOVmlDeUdfa2ZDOA?oc=5"" target=""_blank"">TD Cowen Keeps Buy on Microsoft (MSFT) Despite Softer Azure Growth</a>&nbsp;&nbsp;<font color=""#6f6f6f"">Finviz</font>",MSFT,google_news_rss,CBMimwFBVV95cUxQYjFBU2JxcHNadmd3aTBnbzIydWZiUG42bTFBY2xNUEpIX0l0OXlfQ3VIMXJvN0FxM1dETndva1dfMTNiU3V5QUJTamFiTXpyeE1pNFBmTTJsMlZiNnhvX3BvVVJGb3pVT3dOUFVWc2dhZkVmWUVPbGpNVVpJWVBaaURMSzVuYTdFM3V6YTBVMDhOVmlDeUdfa2ZDOA,2026-02-06T10:04:28Z
318,50ccccf2780fbd5d8110f48aa54f4ebd4041bd948e226f345e334cc01bb1048f,Alphabet stock slips as Google’s $185 billion AI spend plan rattles traders - TechStock²,TechStock²,2026-02-05T19:55:00Z,0,https://news.google.com/rss/articles/CBMimgFBVV95cUxPVkdiZ1pvbnctRF9rYzVZYlNyUGhSZzBTTDZkSVp0U25oRjdTNUN4dmw3NGd3ZGU0UFlBdEozZVZCSXdHQU1rWTNOWk5fWXNLMG9WekF0ZjR2ZF8ySkxSa0ZDXzZzclgxT1JmU252N3puNDNORmtjcVUtUHB4YUN5LVk0VXZjOHczYVFmcWJURy1QMF9WVXJhX1Jn?oc=5,"<a href=""https://news.google.com/rss/articles/CBMimgFBVV95cUxPVkdiZ1pvbnctRF9rYzVZYlNyUGhSZzBTTDZkSVp0U25oRjdTNUN4dmw3NGd3ZGU0UFlBdEozZVZCSXdHQU1rWTNOWk5fWXNLMG9WekF0ZjR2ZF8ySkxSa0ZDXzZzclgxT1JmU252N3puNDNORmtjcVUtUHB4YUN5LVk0VXZjOHczYVFmcWJURy1QMF9WVXJhX1Jn?oc=5"" target=""_blank"">Alphabet stock slips as Google’s $185 billion AI spend plan rattles traders</a>&nbsp;&nbsp;<font color=""#6f6f6f"">TechStock²</font>",GOOGL,google_news_rss,CBMimgFBVV95cUxPVkdiZ1pvbnctRF9rYzVZYlNyUGhSZzBTTDZkSVp0U25oRjdTNUN4dmw3NGd3ZGU0UFlBdEozZVZCSXdHQU1rWTNOWk5fWXNLMG9WekF0ZjR2ZF8ySkxSa0ZDXzZzclgxT1JmU252N3puNDNORmtjcVUtUHB4YUN5LVk0VXZjOHczYVFmcWJURy1QMF9WVXJhX1Jn,2026-02-06T10:04:28Z
707,3a917f345c211243ff627b8c59fcc05597b95ff9e7c379f9841c934c2f035a6a,EXL’s AI in Action 2026: Smarten workflows to drive real AI ROI,yahoo_rss,2026-02-05T19:52:00Z,0,https://finance.yahoo.com/news/exl-ai-action-2026-smarten-195200129.html?.tsrc=rss,"Global virtual event to feature Jon McNeill, former Tesla president, EXL leaders and industry experts sharing insights and real-world examples of AI in enterprise workflowsNEW YORK, Feb. 05, 2026 (GLOBE NEWSWIRE) -- EXL [NASDAQ: EXLS], a global data and AI company, announced AI in Action 2026, its flagship global virtual event designed to help enterprises move beyond experimentation and scale AI to drive measurable business value. The event will take place across regions on March 11 (Americas),",TSLA,yahoo_rss,5e7fed80-eb97-3f87-b953-648f21711432,2026-02-06T10:04:28Z
506,d21727809c05c171d9087a820964a049b54fb1d4b1071fabb56822e79703b057,Nvidia stock wobbles as AI spending jitters return — what NVDA traders are watching next - TechStock²,TechStock²,2026-02-05T19:50:00Z,0,https://news.google.com/rss/articles/CBMiqwFBVV95cUxPRGVfWjFUWjQyQ1RQTDFJNnBmWW9EWEMwTjJuTWs0dS1qb3NJUjJ3dTZZZUQ2eFktVmhTaWRoNEs0VTlINnhPSThqek9TMWhib05ENC1XQmtjcGJ2VEM0ekdxMnFLV2JZYnN1ZmdMZWRrV0lubUtITkFkZTJ6NmxkcEpab3ZIZXgxRjhNVGtMMDMwQlNxY3hZSXNEUnktRHFiUEJ1UEJ3MW5MMEE?oc=5,"<a href=""https://news.google.com/rss/articles/CBMiqwFBVV95cUxPRGVfWjFUWjQyQ1RQTDFJNnBmWW9EWEMwTjJuTWs0dS1qb3NJUjJ3dTZZZUQ2eFktVmhTaWRoNEs0VTlINnhPSThqek9TMWhib05ENC1XQmtjcGJ2VEM0ekdxMnFLV2JZYnN1ZmdMZWRrV0lubUtITkFkZTJ6NmxkcEpab3ZIZXgxRjhNVGtMMDMwQlNxY3hZSXNEUnktRHFiUEJ1UEJ3MW5MMEE?oc=5"" target=""_blank"">Nvidia stock wobbles as AI spending jitters return — what NVDA traders are watching next</a>&nbsp;&nbsp;<font color=""#6f6f6f"">TechStock²</font>",NVDA,google_news_rss,CBMiqwFBVV95cUxPRGVfWjFUWjQyQ1RQTDFJNnBmWW9EWEMwTjJuTWs0dS1qb3NJUjJ3dTZZZUQ2eFktVmhTaWRoNEs0VTlINnhPSThqek9TMWhib05ENC1XQmtjcGJ2VEM0ekdxMnFLV2JZYnN1ZmdMZWRrV0lubUtITkFkZTJ6NmxkcEpab3ZIZXgxRjhNVGtMMDMwQlNxY3hZSXNEUnktRHFiUEJ1UEJ3MW5MMEE,2026-02-06T10:04:28Z
27,6a2d2606bec50ddb546faf3082035572b1b1eb1b8ed80e7be9a7195eca9e2bd6,Apple CEO tells staff he will lobby lawmakers on immigration: report (AAPL:NASDAQ) - Seeking Alpha,Seeking Alpha,2026-02-05T19:46:02Z,0,https://news.google.com/rss/articles/CBMiqAFBVV95cUxOVXhneVByQXRVclUyQzQ0Z3g3bUlHZ2FXRF9PNlJQdWdCNkZVZi1oclhIcTRkd0QwQzgtcXdVR1NIalNFWXhnWjdoTHpWMGxGVUt3VmJHTmxQVnRRbWRVaURyUkZldkgySGpyaGJVN1NRenJCTDByRjRxM2JxaHBzd0FCRzdRVk50M1I0TUNQZXhmb2Fib0hPdGx5ank4X1BfNXlWQnREem4?oc=5,"<a href=""https://news.google.com/rss/articles/CBMiqAFBVV95cUxOVXhneVByQXRVclUyQzQ0Z3g3bUlHZ2FXRF9PNlJQdWdCNkZVZi1oclhIcTRkd0QwQzgtcXdVR1NIalNFWXhnWjdoTHpWMGxGVUt3VmJHTmxQVnRRbWRVaURyUkZldkgySGpyaGJVN1NRenJCTDByRjRxM2JxaHBzd0FCRzdRVk50M1I0TUNQZXhmb2Fib0hPdGx5ank4X1BfNXlWQnREem4?oc=5"" target=""_blank"">Apple CEO tells staff he will lobby lawmakers on immigration: report (AAPL:NASDAQ)</a>&nbsp;&nbsp;<font color=""#6f6f6f"">Seeking Alpha</font>",AAPL,google_news_rss,CBMiqAFBVV95cUxOVXhneVByQXRVclUyQzQ0Z3g3bUlHZ2FXRF9PNlJQdWdCNkZVZi1oclhIcTRkd0QwQzgtcXdVR1NIalNFWXhnWjdoTHpWMGxGVUt3VmJHTmxQVnRRbWRVaURyUkZldkgySGpyaGJVN1NRenJCTDByRjRxM2JxaHBzd0FCRzdRVk50M1I0TUNQZXhmb2Fib0hPdGx5ank4X1BfNXlWQnREem4,2026-02-06T10:04:28Z
323,3bc88d4efacb317e5f4917e98388bfde1f5faf44d9de5db8f4a9dabe83042abe,"GOOGL Stock Today: February 6 – $185B AI Spend, Apple Cloud Tie-Up - Meyka",Meyka,2026-02-05T19:45:45Z,0,https://news.google.com/rss/articles/CBMilAFBVV95cUxNQllYLU5WMENPZjIyV1JJa2JtMnVwTV9wa0VnaENUVkxtMWYzVG0wdnhOYW41LVR2c29sUnFGRGNISzVmVmxQcWdpdTdTdXEyamlIeldCZU1fd29BMGJPbkRtclhjV3dwdlBiZ3FBaFh3Ui03RThIRGprUWlMejNvcnI0aEtsa3BFcHlRU2RtZTVLRm5W?oc=5,"<a href=""https://news.google.com/rss/articles/CBMilAFBVV95cUxNQllYLU5WMENPZjIyV1JJa2JtMnVwTV9wa0VnaENUVkxtMWYzVG0wdnhOYW41LVR2c29sUnFGRGNISzVmVmxQcWdpdTdTdXEyamlIeldCZU1fd29BMGJPbkRtclhjV3dwdlBiZ3FBaFh3Ui03RThIRGprUWlMejNvcnI0aEtsa3BFcHlRU2RtZTVLRm5W?oc=5"" target=""_blank"">GOOGL Stock Today: February 6 – $185B AI Spend, Apple Cloud Tie-Up</a>&nbsp;&nbsp;<font color=""#6f6f6f"">Meyka</font>",GOOGL,google_news_rss,CBMilAFBVV95cUxNQllYLU5WMENPZjIyV1JJa2JtMnVwTV9wa0VnaENUVkxtMWYzVG0wdnhOYW41LVR2c29sUnFGRGNISzVmVmxQcWdpdTdTdXEyamlIeldCZU1fd29BMGJPbkRtclhjV3dwdlBiZ3FBaFh3Ui03RThIRGprUWlMejNvcnI0aEtsa3BFcHlRU2RtZTVLRm5W,2026-02-06T10:04:28Z
